[09/02/26 10:16:53] info     ================= cer started =================
[09/02/26 10:16:53] info     C:\Program Files\Autodesk\AutoCAD 2027\cer.dll, 7.2.4+20251128.8f05bb68.927
[09/02/26 10:16:53] info     Setting key SP/SDK_VERSION, value 7.2.4+20251128.8f05bb68.927 (maxCount 1)
[09/02/26 10:16:53] info     Setting key SP/PRODUCT_NAME_HASH, value 9d6767a77b9d2cce90e03082e1302957689eeac5 (maxCount 1)
[09/02/26 10:16:53] info     Setting key SP/RUNTIME_ARCH, value 1 (maxCount 1)
[09/02/26 10:16:53] info     Set senddmp exe path to C:\Program Files\Autodesk\AutoCAD 2027\CER\senddmp.exe
[09/02/26 10:16:53] info     The cer_service exe C:\Program Files\Autodesk\AutoCAD 2027\CER\service\cer_service.exe is not in folder C:\Program Files\Autodesk\AutoCAD 2027\CER\, it's not a sandbox
[09/02/26 10:16:53] info     Set upi exe path to C:\Program Files\Autodesk\AutoCAD 2027\CER\upi.exe
[09/02/26 10:16:53] info     launching C:\Program Files\Autodesk\AutoCAD 2027\CER\upi.exe --cmd=get-device-id C:\Users\PadXAutoman\AppData\Local\Temp\upi_deviceid2
[09/02/26 10:16:54] info     Set deviceID2 to E0980AAE6AED663DCD5E319A495325326BBB7E230497E3E7A688257D5161810C&E78156892A1577BCC8ECA22DE8BDD2ACC3DBA494148FF651DD4CD9294238EEC2&EF8EC29B7F9BDFCB7E48CD68912908B19E16A31DC4691909E40C1617F97C9B38
[09/02/26 10:16:54] info     Setting key SP/DEVICEID2, value E0980AAE6AED663DCD5E319A495325326BBB7E230497E3E7A688257D5161810C&E78156892A1577BCC8ECA22DE8BDD2ACC3DBA494148FF651DD4CD9294238EEC2&EF8EC29B7F9BDFCB7E48CD68912908B19E16A31DC4691909E40C1617F97C9B38 (maxCount 1)
[09/02/26 10:16:54] info     Setting key SP/UUID, value 9d6767a77b9d2cce90e03082e1302957689eeac5E0980AAE6AED663DCD5E319A495325326BBB7E230497E3E7A688257D5161810C&E78156892A1577BCC8ECA22DE8BDD2ACC3DBA494148FF651DD4CD9294238EEC2&EF8EC29B7F9BDFCB7E48CD68912908B19E16A31DC4691909E40C1617F97C9B38 (maxCount 1)
[09/02/26 10:16:54] info     Set senddmp exe path to C:\Program Files\Autodesk\AutoCAD 2027\CER\senddmp.exe
[09/02/26 10:16:54] info     The cer_service exe C:\Program Files\Autodesk\AutoCAD 2027\CER\service\cer_service.exe is not in folder C:\Program Files\Autodesk\AutoCAD 2027\CER\, it's not a sandbox
[09/02/26 10:16:54] info     launching C:\Program Files\Autodesk\AutoCAD 2027\CER\upi.exe "C:\Program Files\Autodesk\AutoCAD 2027\en-US\UPI\upiconfig.xml" C:\Users\PadXAutoman\AppData\Local\Temp\upi_info.xml
[09/02/26 10:16:54] info     Setting key SP/UPI_PRODUCT, value ACD (maxCount 1)
[09/02/26 10:16:54] info     Setting key SP/UPI_RELEASE, value 2027 (maxCount 1)
[09/02/26 10:16:54] info     Setting key SP/UPI_MASTER, value {28B89EEF-A101-0409-2102-CF3F3A09B77D} (maxCount 1)
[09/02/26 10:16:54] info     Setting key SP/UPI_BUILD, value 26.0.118.0.0 (maxCount 1)
[09/02/26 10:16:54] info     Setting key SP/UPI_FULL_XML, value <?xml version="1.0"?><upipackage><upivalue version="1.0" type="product" requestingapp="true"><level name="productline" id="ACD"><level name="release" id="2027"><level name="master" id="{28B89EEF-A101-0409-2102-CF3F3A09B77D}"><level name="build" id="26.0.118.0.0"/></level></level></level></upivalue>
<upivalue version="1.0" type="product"><level name="productline" id="ACD"><level name="release" id="2027"><level name="master" id="{28B89EEF-A101-0409-1102-CF3F3A09B77D}"><level name="build" id="26.0.118.0.0"/></level></level></level></upivalue>
<upivalue version="1.0" type="product"><level name="productline" id="ARCHDESK"><level name="release" id="2027"><level name="master" id="{28B89EEE-A104-0000-5102-CF3F3A09B77D}"><level name="build" id="8.9.46.0"/></level></level></level></upivalue>
<upivalue version="1.0" type="product"><level name="productline" id="ACD"><level name="release" id="2027"><level name="master" id="{28B89EEF-A101-0000-0102-CF3F3A09B77D}"><level name="build" id="26.0.118.0.0"/></level></level></level></upivalue>
</upipackage> (maxCount 1)
[09/02/26 10:16:54] info     set legacy options: /APPICON "C:\Program Files\Autodesk\AutoCAD 2027\AcBrandRes.dll" /APPICONID 1
[09/02/26 10:16:54] info     Setting key RP/AppIcon, value C:\Program Files\Autodesk\AutoCAD 2027\AcBrandRes.dll (maxCount 1)
[09/02/26 10:16:54] info     Setting key RP/AppIconId, value 1 (maxCount 1)
[09/02/26 10:16:54] info     Setting key RP/CadSettingsRegPath, value Software\Autodesk\AutoCAD\R26.0\ACAD-A101:409\CadManagerControl\CustomerErrorReport (maxCount 1)
[09/02/26 10:16:54] info     Setting key RP/AppLocaleId, value 1033 (maxCount 1)
[09/02/26 10:16:54] info     Setting key RP/AppXML, value <ProductInformation name ="AutoCAD" build_version="X.118.0.0(x64)" registry_version="26.0" install_id_string="ACAD-A101:409" registry_localeID="1033" git_commit_id="2c19eb970fc25f5e380f0bd3736f8ba9103aade4" /> (maxCount 100)
[09/02/26 10:16:54] info     Setting key SP/THEME_TYPE, value Blue (maxCount 1)
[09/02/26 10:16:54] info     Setting key SP/EXCEPTION_INFO_POINTER, value 140726013494552 (maxCount 1)
[09/02/26 10:16:54] info     Setting key SP/THREAD_ID, value 4294967295 (maxCount 1)
[09/02/26 10:16:54] info     Get key SP/THREAD_ID, index 0: "4294967295"
[09/02/26 10:16:54] info     Setting key SP/WER, value 0 (maxCount 1)
[09/02/26 10:16:54] info     Get key SP/WER, index 0: "0"
[09/02/26 10:16:54] info     Registered C:\Program Files\Autodesk\AutoCAD 2027\cer.dll as WER runtime exception module
[09/02/26 10:16:54] info     Current ErrorMode is 32769
[09/02/26 10:16:54] debug    Receiver ping: pong
[09/02/26 10:17:20] info     ================= cer started =================
[09/02/26 10:17:20] info     C:\Program Files\Autodesk\AutoCAD 2027\cer.dll, 7.2.4+20251128.8f05bb68.927
[09/02/26 10:17:20] info     Setting key SP/SDK_VERSION, value 7.2.4+20251128.8f05bb68.927 (maxCount 1)
[09/02/26 10:17:20] info     Setting key SP/PRODUCT_NAME_HASH, value 9d6767a77b9d2cce90e03082e1302957689eeac5 (maxCount 1)
[09/02/26 10:17:20] info     Setting key SP/RUNTIME_ARCH, value 1 (maxCount 1)
[09/02/26 10:17:20] info     Set senddmp exe path to C:\Program Files\Autodesk\AutoCAD 2027\CER\senddmp.exe
[09/02/26 10:17:20] info     The cer_service exe C:\Program Files\Autodesk\AutoCAD 2027\CER\service\cer_service.exe is not in folder C:\Program Files\Autodesk\AutoCAD 2027\CER\, it's not a sandbox
[09/02/26 10:17:20] info     Set upi exe path to C:\Program Files\Autodesk\AutoCAD 2027\CER\upi.exe
[09/02/26 10:17:20] info     launching C:\Program Files\Autodesk\AutoCAD 2027\CER\upi.exe --cmd=get-device-id C:\Users\PadXAutoman\AppData\Local\Temp\upi_deviceid2
[09/02/26 10:17:20] info     Set deviceID2 to E0980AAE6AED663DCD5E319A495325326BBB7E230497E3E7A688257D5161810C&E78156892A1577BCC8ECA22DE8BDD2ACC3DBA494148FF651DD4CD9294238EEC2&EF8EC29B7F9BDFCB7E48CD68912908B19E16A31DC4691909E40C1617F97C9B38
[09/02/26 10:17:20] info     Setting key SP/DEVICEID2, value E0980AAE6AED663DCD5E319A495325326BBB7E230497E3E7A688257D5161810C&E78156892A1577BCC8ECA22DE8BDD2ACC3DBA494148FF651DD4CD9294238EEC2&EF8EC29B7F9BDFCB7E48CD68912908B19E16A31DC4691909E40C1617F97C9B38 (maxCount 1)
[09/02/26 10:17:20] info     Setting key SP/UUID, value 9d6767a77b9d2cce90e03082e1302957689eeac5E0980AAE6AED663DCD5E319A495325326BBB7E230497E3E7A688257D5161810C&E78156892A1577BCC8ECA22DE8BDD2ACC3DBA494148FF651DD4CD9294238EEC2&EF8EC29B7F9BDFCB7E48CD68912908B19E16A31DC4691909E40C1617F97C9B38 (maxCount 1)
[09/02/26 10:17:20] info     Set senddmp exe path to C:\Program Files\Autodesk\AutoCAD 2027\CER\senddmp.exe
[09/02/26 10:17:20] info     The cer_service exe C:\Program Files\Autodesk\AutoCAD 2027\CER\service\cer_service.exe is not in folder C:\Program Files\Autodesk\AutoCAD 2027\CER\, it's not a sandbox
[09/02/26 10:17:20] info     launching C:\Program Files\Autodesk\AutoCAD 2027\CER\upi.exe "C:\Program Files\Autodesk\AutoCAD 2027\en-US\UPI\upiconfig.xml" C:\Users\PadXAutoman\AppData\Local\Temp\upi_info.xml
[09/02/26 10:17:20] info     Setting key SP/UPI_PRODUCT, value ACD (maxCount 1)
[09/02/26 10:17:20] info     Setting key SP/UPI_RELEASE, value 2027 (maxCount 1)
[09/02/26 10:17:20] info     Setting key SP/UPI_MASTER, value {28B89EEF-A101-0409-2102-CF3F3A09B77D} (maxCount 1)
[09/02/26 10:17:20] info     Setting key SP/UPI_BUILD, value 26.0.118.0.0 (maxCount 1)
[09/02/26 10:17:20] info     Setting key SP/UPI_FULL_XML, value <?xml version="1.0"?><upipackage><upivalue version="1.0" type="product" requestingapp="true"><level name="productline" id="ACD"><level name="release" id="2027"><level name="master" id="{28B89EEF-A101-0409-2102-CF3F3A09B77D}"><level name="build" id="26.0.118.0.0"/></level></level></level></upivalue>
<upivalue version="1.0" type="product"><level name="productline" id="ACD"><level name="release" id="2027"><level name="master" id="{28B89EEF-A101-0409-1102-CF3F3A09B77D}"><level name="build" id="26.0.118.0.0"/></level></level></level></upivalue>
<upivalue version="1.0" type="product"><level name="productline" id="ARCHDESK"><level name="release" id="2027"><level name="master" id="{28B89EEE-A104-0000-5102-CF3F3A09B77D}"><level name="build" id="8.9.46.0"/></level></level></level></upivalue>
<upivalue version="1.0" type="product"><level name="productline" id="ACD"><level name="release" id="2027"><level name="master" id="{28B89EEF-A101-0000-0102-CF3F3A09B77D}"><level name="build" id="26.0.118.0.0"/></level></level></level></upivalue>
</upipackage> (maxCount 1)
[09/02/26 10:17:20] info     set legacy options: /APPICON "C:\Program Files\Autodesk\AutoCAD 2027\AcBrandRes.dll" /APPICONID 1
[09/02/26 10:17:20] info     Setting key RP/AppIcon, value C:\Program Files\Autodesk\AutoCAD 2027\AcBrandRes.dll (maxCount 1)
[09/02/26 10:17:20] info     Setting key RP/AppIconId, value 1 (maxCount 1)
[09/02/26 10:17:20] info     Setting key RP/CadSettingsRegPath, value Software\Autodesk\AutoCAD\R26.0\ACAD-A101:409\CadManagerControl\CustomerErrorReport (maxCount 1)
[09/02/26 10:17:20] info     Setting key RP/AppLocaleId, value 1033 (maxCount 1)
[09/02/26 10:17:20] info     Setting key RP/AppXML, value <ProductInformation name ="AutoCAD" build_version="X.118.0.0(x64)" registry_version="26.0" install_id_string="ACAD-A101:409" registry_localeID="1033" git_commit_id="2c19eb970fc25f5e380f0bd3736f8ba9103aade4" /> (maxCount 100)
[09/02/26 10:17:20] info     Setting key SP/THEME_TYPE, value Blue (maxCount 1)
[09/02/26 10:17:20] info     Setting key SP/EXCEPTION_INFO_POINTER, value 140726013494552 (maxCount 1)
[09/02/26 10:17:20] info     Setting key SP/THREAD_ID, value 4294967295 (maxCount 1)
[09/02/26 10:17:20] info     Get key SP/THREAD_ID, index 0: "4294967295"
[09/02/26 10:17:20] info     Setting key SP/WER, value 0 (maxCount 1)
[09/02/26 10:17:20] info     Get key SP/WER, index 0: "0"
[09/02/26 10:17:20] info     Registered C:\Program Files\Autodesk\AutoCAD 2027\cer.dll as WER runtime exception module
[09/02/26 10:17:20] info     Current ErrorMode is 32769
[09/02/26 10:17:20] debug    Receiver ping: pong
[09/02/26 11:04:00] info     ================= cer started =================
[09/02/26 11:04:00] info     C:\Program Files\Autodesk\AutoCAD 2027\cer.dll, 7.2.4+20251128.8f05bb68.927
[09/02/26 11:04:00] info     Setting key SP/SDK_VERSION, value 7.2.4+20251128.8f05bb68.927 (maxCount 1)
[09/02/26 11:04:00] info     Setting key SP/PRODUCT_NAME_HASH, value 9d6767a77b9d2cce90e03082e1302957689eeac5 (maxCount 1)
[09/02/26 11:04:00] info     Setting key SP/RUNTIME_ARCH, value 1 (maxCount 1)
[09/02/26 11:04:00] info     Set senddmp exe path to C:\Program Files\Autodesk\AutoCAD 2027\CER\senddmp.exe
[09/02/26 11:04:00] info     The cer_service exe C:\Program Files\Autodesk\AutoCAD 2027\CER\service\cer_service.exe is not in folder C:\Program Files\Autodesk\AutoCAD 2027\CER\, it's not a sandbox
[09/02/26 11:04:00] info     Set upi exe path to C:\Program Files\Autodesk\AutoCAD 2027\CER\upi.exe
[09/02/26 11:04:00] info     launching C:\Program Files\Autodesk\AutoCAD 2027\CER\upi.exe --cmd=get-device-id C:\Users\PadXAutoman\AppData\Local\Temp\3\upi_deviceid2
[09/02/26 11:04:01] info     Set deviceID2 to E0980AAE6AED663DCD5E319A495325326BBB7E230497E3E7A688257D5161810C&E78156892A1577BCC8ECA22DE8BDD2ACC3DBA494148FF651DD4CD9294238EEC2&EF8EC29B7F9BDFCB7E48CD68912908B19E16A31DC4691909E40C1617F97C9B38
[09/02/26 11:04:01] info     Setting key SP/DEVICEID2, value E0980AAE6AED663DCD5E319A495325326BBB7E230497E3E7A688257D5161810C&E78156892A1577BCC8ECA22DE8BDD2ACC3DBA494148FF651DD4CD9294238EEC2&EF8EC29B7F9BDFCB7E48CD68912908B19E16A31DC4691909E40C1617F97C9B38 (maxCount 1)
[09/02/26 11:04:01] info     Setting key SP/UUID, value 9d6767a77b9d2cce90e03082e1302957689eeac5E0980AAE6AED663DCD5E319A495325326BBB7E230497E3E7A688257D5161810C&E78156892A1577BCC8ECA22DE8BDD2ACC3DBA494148FF651DD4CD9294238EEC2&EF8EC29B7F9BDFCB7E48CD68912908B19E16A31DC4691909E40C1617F97C9B38 (maxCount 1)
[09/02/26 11:04:01] info     Set senddmp exe path to C:\Program Files\Autodesk\AutoCAD 2027\CER\senddmp.exe
[09/02/26 11:04:01] info     The cer_service exe C:\Program Files\Autodesk\AutoCAD 2027\CER\service\cer_service.exe is not in folder C:\Program Files\Autodesk\AutoCAD 2027\CER\, it's not a sandbox
[09/02/26 11:04:01] info     launching C:\Program Files\Autodesk\AutoCAD 2027\CER\upi.exe "C:\Program Files\Autodesk\AutoCAD 2027\en-US\UPI\upiconfig.xml" C:\Users\PadXAutoman\AppData\Local\Temp\3\upi_info.xml
[09/02/26 11:04:01] info     Setting key SP/UPI_PRODUCT, value ACD (maxCount 1)
[09/02/26 11:04:01] info     Setting key SP/UPI_RELEASE, value 2027 (maxCount 1)
[09/02/26 11:04:01] info     Setting key SP/UPI_MASTER, value {28B89EEF-A101-0409-2102-CF3F3A09B77D} (maxCount 1)
[09/02/26 11:04:01] info     Setting key SP/UPI_BUILD, value 26.0.118.0.0 (maxCount 1)
[09/02/26 11:04:01] info     Setting key SP/UPI_FULL_XML, value <?xml version="1.0"?><upipackage><upivalue version="1.0" type="product" requestingapp="true"><level name="productline" id="ACD"><level name="release" id="2027"><level name="master" id="{28B89EEF-A101-0409-2102-CF3F3A09B77D}"><level name="build" id="26.0.118.0.0"/></level></level></level></upivalue>
<upivalue version="1.0" type="product"><level name="productline" id="ACD"><level name="release" id="2027"><level name="master" id="{28B89EEF-A101-0409-1102-CF3F3A09B77D}"><level name="build" id="26.0.118.0.0"/></level></level></level></upivalue>
<upivalue version="1.0" type="product"><level name="productline" id="ARCHDESK"><level name="release" id="2027"><level name="master" id="{28B89EEE-A104-0000-5102-CF3F3A09B77D}"><level name="build" id="8.9.46.0"/></level></level></level></upivalue>
<upivalue version="1.0" type="product"><level name="productline" id="ACD"><level name="release" id="2027"><level name="master" id="{28B89EEF-A101-0000-0102-CF3F3A09B77D}"><level name="build" id="26.0.118.0.0"/></level></level></level></upivalue>
</upipackage> (maxCount 1)
[09/02/26 11:04:01] info     set legacy options: /APPICON "C:\Program Files\Autodesk\AutoCAD 2027\AcBrandRes.dll" /APPICONID 1
[09/02/26 11:04:01] info     Setting key RP/AppIcon, value C:\Program Files\Autodesk\AutoCAD 2027\AcBrandRes.dll (maxCount 1)
[09/02/26 11:04:01] info     Setting key RP/AppIconId, value 1 (maxCount 1)
[09/02/26 11:04:01] info     Setting key RP/CadSettingsRegPath, value Software\Autodesk\AutoCAD\R26.0\ACAD-A101:409\CadManagerControl\CustomerErrorReport (maxCount 1)
[09/02/26 11:04:01] info     Setting key RP/AppLocaleId, value 1033 (maxCount 1)
[09/02/26 11:04:01] info     Setting key RP/AppXML, value <ProductInformation name ="AutoCAD" build_version="X.118.0.0(x64)" registry_version="26.0" install_id_string="ACAD-A101:409" registry_localeID="1033" git_commit_id="2c19eb970fc25f5e380f0bd3736f8ba9103aade4" /> (maxCount 100)
[09/02/26 11:04:01] info     Setting key SP/THEME_TYPE, value Blue (maxCount 1)
[09/02/26 11:04:01] info     Setting key SP/EXCEPTION_INFO_POINTER, value 140725604746520 (maxCount 1)
[09/02/26 11:04:01] info     Setting key SP/THREAD_ID, value 4294967295 (maxCount 1)
[09/02/26 11:04:01] info     Get key SP/THREAD_ID, index 0: "4294967295"
[09/02/26 11:04:01] info     Setting key SP/WER, value 0 (maxCount 1)
[09/02/26 11:04:01] info     Get key SP/WER, index 0: "0"
[09/02/26 11:04:01] info     Registered C:\Program Files\Autodesk\AutoCAD 2027\cer.dll as WER runtime exception module
[09/02/26 11:04:01] info     Current ErrorMode is 32769
[09/02/26 11:04:01] debug    Receiver ping: pong
[09/02/26 11:04:11] info     Setting key RP/Headless, value 1 (maxCount 1)
[09/02/26 11:04:11] debug    Receiver ping: pong
[09/02/26 11:04:12] info     ================= cer stopped =================
[09/02/26 11:08:05] info     ================= cer started =================
[09/02/26 11:08:05] info     C:\Program Files\Autodesk\AutoCAD 2027\cer.dll, 7.2.4+20251128.8f05bb68.927
[09/02/26 11:08:05] info     Setting key SP/SDK_VERSION, value 7.2.4+20251128.8f05bb68.927 (maxCount 1)
[09/02/26 11:08:05] info     Setting key SP/PRODUCT_NAME_HASH, value 9d6767a77b9d2cce90e03082e1302957689eeac5 (maxCount 1)
[09/02/26 11:08:05] info     Setting key SP/RUNTIME_ARCH, value 1 (maxCount 1)
[09/02/26 11:08:05] info     Set senddmp exe path to C:\Program Files\Autodesk\AutoCAD 2027\CER\senddmp.exe
[09/02/26 11:08:05] info     The cer_service exe C:\Program Files\Autodesk\AutoCAD 2027\CER\service\cer_service.exe is not in folder C:\Program Files\Autodesk\AutoCAD 2027\CER\, it's not a sandbox
[09/02/26 11:08:05] info     Set upi exe path to C:\Program Files\Autodesk\AutoCAD 2027\CER\upi.exe
[09/02/26 11:08:05] info     launching C:\Program Files\Autodesk\AutoCAD 2027\CER\upi.exe --cmd=get-device-id C:\Users\PadXAutoman\AppData\Local\Temp\3\upi_deviceid2
[09/02/26 11:08:06] info     Set deviceID2 to E0980AAE6AED663DCD5E319A495325326BBB7E230497E3E7A688257D5161810C&E78156892A1577BCC8ECA22DE8BDD2ACC3DBA494148FF651DD4CD9294238EEC2&EF8EC29B7F9BDFCB7E48CD68912908B19E16A31DC4691909E40C1617F97C9B38
[09/02/26 11:08:06] info     Setting key SP/DEVICEID2, value E0980AAE6AED663DCD5E319A495325326BBB7E230497E3E7A688257D5161810C&E78156892A1577BCC8ECA22DE8BDD2ACC3DBA494148FF651DD4CD9294238EEC2&EF8EC29B7F9BDFCB7E48CD68912908B19E16A31DC4691909E40C1617F97C9B38 (maxCount 1)
[09/02/26 11:08:06] info     Setting key SP/UUID, value 9d6767a77b9d2cce90e03082e1302957689eeac5E0980AAE6AED663DCD5E319A495325326BBB7E230497E3E7A688257D5161810C&E78156892A1577BCC8ECA22DE8BDD2ACC3DBA494148FF651DD4CD9294238EEC2&EF8EC29B7F9BDFCB7E48CD68912908B19E16A31DC4691909E40C1617F97C9B38 (maxCount 1)
[09/02/26 11:08:06] info     Set senddmp exe path to C:\Program Files\Autodesk\AutoCAD 2027\CER\senddmp.exe
[09/02/26 11:08:06] info     The cer_service exe C:\Program Files\Autodesk\AutoCAD 2027\CER\service\cer_service.exe is not in folder C:\Program Files\Autodesk\AutoCAD 2027\CER\, it's not a sandbox
[09/02/26 11:08:06] info     launching C:\Program Files\Autodesk\AutoCAD 2027\CER\upi.exe "C:\Program Files\Autodesk\AutoCAD 2027\en-US\UPI\upiconfig.xml" C:\Users\PadXAutoman\AppData\Local\Temp\3\upi_info.xml
[09/02/26 11:08:06] info     Setting key SP/UPI_PRODUCT, value ACD (maxCount 1)
[09/02/26 11:08:06] info     Setting key SP/UPI_RELEASE, value 2027 (maxCount 1)
[09/02/26 11:08:06] info     Setting key SP/UPI_MASTER, value {28B89EEF-A101-0409-2102-CF3F3A09B77D} (maxCount 1)
[09/02/26 11:08:06] info     Setting key SP/UPI_BUILD, value 26.0.118.0.0 (maxCount 1)
[09/02/26 11:08:06] info     Setting key SP/UPI_FULL_XML, value <?xml version="1.0"?><upipackage><upivalue version="1.0" type="product" requestingapp="true"><level name="productline" id="ACD"><level name="release" id="2027"><level name="master" id="{28B89EEF-A101-0409-2102-CF3F3A09B77D}"><level name="build" id="26.0.118.0.0"/></level></level></level></upivalue>
<upivalue version="1.0" type="product"><level name="productline" id="ACD"><level name="release" id="2027"><level name="master" id="{28B89EEF-A101-0409-1102-CF3F3A09B77D}"><level name="build" id="26.0.118.0.0"/></level></level></level></upivalue>
<upivalue version="1.0" type="product"><level name="productline" id="ARCHDESK"><level name="release" id="2027"><level name="master" id="{28B89EEE-A104-0000-5102-CF3F3A09B77D}"><level name="build" id="8.9.46.0"/></level></level></level></upivalue>
<upivalue version="1.0" type="product"><level name="productline" id="ACD"><level name="release" id="2027"><level name="master" id="{28B89EEF-A101-0000-0102-CF3F3A09B77D}"><level name="build" id="26.0.118.0.0"/></level></level></level></upivalue>
</upipackage> (maxCount 1)
[09/02/26 11:08:06] info     set legacy options: /APPICON "C:\Program Files\Autodesk\AutoCAD 2027\AcBrandRes.dll" /APPICONID 1
[09/02/26 11:08:06] info     Setting key RP/AppIcon, value C:\Program Files\Autodesk\AutoCAD 2027\AcBrandRes.dll (maxCount 1)
[09/02/26 11:08:06] info     Setting key RP/AppIconId, value 1 (maxCount 1)
[09/02/26 11:08:06] info     Setting key RP/CadSettingsRegPath, value Software\Autodesk\AutoCAD\R26.0\ACAD-A101:409\CadManagerControl\CustomerErrorReport (maxCount 1)
[09/02/26 11:08:06] info     Setting key RP/AppLocaleId, value 1033 (maxCount 1)
[09/02/26 11:08:06] info     Setting key RP/AppXML, value <ProductInformation name ="AutoCAD" build_version="X.118.0.0(x64)" registry_version="26.0" install_id_string="ACAD-A101:409" registry_localeID="1033" git_commit_id="2c19eb970fc25f5e380f0bd3736f8ba9103aade4" /> (maxCount 100)
[09/02/26 11:08:06] info     Setting key SP/THEME_TYPE, value Blue (maxCount 1)
[09/02/26 11:08:06] info     Setting key SP/EXCEPTION_INFO_POINTER, value 140725604746520 (maxCount 1)
[09/02/26 11:08:06] info     Setting key SP/THREAD_ID, value 4294967295 (maxCount 1)
[09/02/26 11:08:06] info     Get key SP/THREAD_ID, index 0: "4294967295"
[09/02/26 11:08:06] info     Setting key SP/WER, value 0 (maxCount 1)
[09/02/26 11:08:06] info     Get key SP/WER, index 0: "0"
[09/02/26 11:08:06] info     Registered C:\Program Files\Autodesk\AutoCAD 2027\cer.dll as WER runtime exception module
[09/02/26 11:08:06] info     Current ErrorMode is 32769
[09/02/26 11:08:06] debug    Receiver ping: pong
[09/02/26 11:08:09] info     Setting key RP/Headless, value 1 (maxCount 1)
[09/02/26 11:08:10] info     ================= cer stopped =================
[09/02/26 11:09:53] info     ================= cer started =================
[09/02/26 11:09:53] info     C:\Program Files\Autodesk\AutoCAD 2027\cer.dll, 7.2.4+20251128.8f05bb68.927
[09/02/26 11:09:53] info     Setting key SP/SDK_VERSION, value 7.2.4+20251128.8f05bb68.927 (maxCount 1)
[09/02/26 11:09:53] info     Setting key SP/PRODUCT_NAME_HASH, value 9d6767a77b9d2cce90e03082e1302957689eeac5 (maxCount 1)
[09/02/26 11:09:53] info     Setting key SP/RUNTIME_ARCH, value 1 (maxCount 1)
[09/02/26 11:09:53] info     Set senddmp exe path to C:\Program Files\Autodesk\AutoCAD 2027\CER\senddmp.exe
[09/02/26 11:09:53] info     The cer_service exe C:\Program Files\Autodesk\AutoCAD 2027\CER\service\cer_service.exe is not in folder C:\Program Files\Autodesk\AutoCAD 2027\CER\, it's not a sandbox
[09/02/26 11:09:53] info     Set upi exe path to C:\Program Files\Autodesk\AutoCAD 2027\CER\upi.exe
[09/02/26 11:09:53] info     launching C:\Program Files\Autodesk\AutoCAD 2027\CER\upi.exe --cmd=get-device-id C:\Users\PadXAutoman\AppData\Local\Temp\3\upi_deviceid2
[09/02/26 11:09:53] info     Set deviceID2 to E0980AAE6AED663DCD5E319A495325326BBB7E230497E3E7A688257D5161810C&E78156892A1577BCC8ECA22DE8BDD2ACC3DBA494148FF651DD4CD9294238EEC2&EF8EC29B7F9BDFCB7E48CD68912908B19E16A31DC4691909E40C1617F97C9B38
[09/02/26 11:09:53] info     Setting key SP/DEVICEID2, value E0980AAE6AED663DCD5E319A495325326BBB7E230497E3E7A688257D5161810C&E78156892A1577BCC8ECA22DE8BDD2ACC3DBA494148FF651DD4CD9294238EEC2&EF8EC29B7F9BDFCB7E48CD68912908B19E16A31DC4691909E40C1617F97C9B38 (maxCount 1)
[09/02/26 11:09:53] info     Setting key SP/UUID, value 9d6767a77b9d2cce90e03082e1302957689eeac5E0980AAE6AED663DCD5E319A495325326BBB7E230497E3E7A688257D5161810C&E78156892A1577BCC8ECA22DE8BDD2ACC3DBA494148FF651DD4CD9294238EEC2&EF8EC29B7F9BDFCB7E48CD68912908B19E16A31DC4691909E40C1617F97C9B38 (maxCount 1)
[09/02/26 11:09:53] info     Set senddmp exe path to C:\Program Files\Autodesk\AutoCAD 2027\CER\senddmp.exe
[09/02/26 11:09:53] info     The cer_service exe C:\Program Files\Autodesk\AutoCAD 2027\CER\service\cer_service.exe is not in folder C:\Program Files\Autodesk\AutoCAD 2027\CER\, it's not a sandbox
[09/02/26 11:09:53] info     launching C:\Program Files\Autodesk\AutoCAD 2027\CER\upi.exe "C:\Program Files\Autodesk\AutoCAD 2027\en-US\UPI\upiconfig.xml" C:\Users\PadXAutoman\AppData\Local\Temp\3\upi_info.xml
[09/02/26 11:09:54] info     Setting key SP/UPI_PRODUCT, value ACD (maxCount 1)
[09/02/26 11:09:54] info     Setting key SP/UPI_RELEASE, value 2027 (maxCount 1)
[09/02/26 11:09:54] info     Setting key SP/UPI_MASTER, value {28B89EEF-A101-0409-2102-CF3F3A09B77D} (maxCount 1)
[09/02/26 11:09:54] info     Setting key SP/UPI_BUILD, value 26.0.118.0.0 (maxCount 1)
[09/02/26 11:09:54] info     Setting key SP/UPI_FULL_XML, value <?xml version="1.0"?><upipackage><upivalue version="1.0" type="product" requestingapp="true"><level name="productline" id="ACD"><level name="release" id="2027"><level name="master" id="{28B89EEF-A101-0409-2102-CF3F3A09B77D}"><level name="build" id="26.0.118.0.0"/></level></level></level></upivalue>
<upivalue version="1.0" type="product"><level name="productline" id="ACD"><level name="release" id="2027"><level name="master" id="{28B89EEF-A101-0409-1102-CF3F3A09B77D}"><level name="build" id="26.0.118.0.0"/></level></level></level></upivalue>
<upivalue version="1.0" type="product"><level name="productline" id="ARCHDESK"><level name="release" id="2027"><level name="master" id="{28B89EEE-A104-0000-5102-CF3F3A09B77D}"><level name="build" id="8.9.46.0"/></level></level></level></upivalue>
<upivalue version="1.0" type="product"><level name="productline" id="ACD"><level name="release" id="2027"><level name="master" id="{28B89EEF-A101-0000-0102-CF3F3A09B77D}"><level name="build" id="26.0.118.0.0"/></level></level></level></upivalue>
</upipackage> (maxCount 1)
[09/02/26 11:09:54] info     set legacy options: /APPICON "C:\Program Files\Autodesk\AutoCAD 2027\AcBrandRes.dll" /APPICONID 1
[09/02/26 11:09:54] info     Setting key RP/AppIcon, value C:\Program Files\Autodesk\AutoCAD 2027\AcBrandRes.dll (maxCount 1)
[09/02/26 11:09:54] info     Setting key RP/AppIconId, value 1 (maxCount 1)
[09/02/26 11:09:54] info     Setting key RP/CadSettingsRegPath, value Software\Autodesk\AutoCAD\R26.0\ACAD-A101:409\CadManagerControl\CustomerErrorReport (maxCount 1)
[09/02/26 11:09:54] info     Setting key RP/AppLocaleId, value 1033 (maxCount 1)
[09/02/26 11:09:54] info     Setting key RP/AppXML, value <ProductInformation name ="AutoCAD" build_version="X.118.0.0(x64)" registry_version="26.0" install_id_string="ACAD-A101:409" registry_localeID="1033" git_commit_id="2c19eb970fc25f5e380f0bd3736f8ba9103aade4" /> (maxCount 100)
[09/02/26 11:09:54] info     Setting key SP/THEME_TYPE, value Blue (maxCount 1)
[09/02/26 11:09:54] info     Setting key SP/EXCEPTION_INFO_POINTER, value 140725604746520 (maxCount 1)
[09/02/26 11:09:54] info     Setting key SP/THREAD_ID, value 4294967295 (maxCount 1)
[09/02/26 11:09:54] info     Get key SP/THREAD_ID, index 0: "4294967295"
[09/02/26 11:09:54] info     Setting key SP/WER, value 0 (maxCount 1)
[09/02/26 11:09:54] info     Get key SP/WER, index 0: "0"
[09/02/26 11:09:54] info     Registered C:\Program Files\Autodesk\AutoCAD 2027\cer.dll as WER runtime exception module
[09/02/26 11:09:54] info     Current ErrorMode is 32769
[09/02/26 11:09:54] debug    Receiver ping: pong
[09/02/26 11:09:56] info     Setting key RP/Headless, value 1 (maxCount 1)
[09/02/26 11:09:57] info     ================= cer stopped =================
[09/02/26 11:17:54] info     ================= cer started =================
[09/02/26 11:17:54] info     C:\Program Files\Autodesk\AutoCAD 2027\cer.dll, 7.2.4+20251128.8f05bb68.927
[09/02/26 11:17:54] info     Setting key SP/SDK_VERSION, value 7.2.4+20251128.8f05bb68.927 (maxCount 1)
[09/02/26 11:17:54] info     Setting key SP/PRODUCT_NAME_HASH, value 9d6767a77b9d2cce90e03082e1302957689eeac5 (maxCount 1)
[09/02/26 11:17:54] info     Setting key SP/RUNTIME_ARCH, value 1 (maxCount 1)
[09/02/26 11:17:54] info     Set senddmp exe path to C:\Program Files\Autodesk\AutoCAD 2027\CER\senddmp.exe
[09/02/26 11:17:54] info     The cer_service exe C:\Program Files\Autodesk\AutoCAD 2027\CER\service\cer_service.exe is not in folder C:\Program Files\Autodesk\AutoCAD 2027\CER\, it's not a sandbox
[09/02/26 11:17:54] info     Set upi exe path to C:\Program Files\Autodesk\AutoCAD 2027\CER\upi.exe
[09/02/26 11:17:54] info     launching C:\Program Files\Autodesk\AutoCAD 2027\CER\upi.exe --cmd=get-device-id C:\Users\PadXAutoman\AppData\Local\Temp\3\upi_deviceid2
[09/02/26 11:17:55] info     Set deviceID2 to E0980AAE6AED663DCD5E319A495325326BBB7E230497E3E7A688257D5161810C&E78156892A1577BCC8ECA22DE8BDD2ACC3DBA494148FF651DD4CD9294238EEC2&EF8EC29B7F9BDFCB7E48CD68912908B19E16A31DC4691909E40C1617F97C9B38
[09/02/26 11:17:55] info     Setting key SP/DEVICEID2, value E0980AAE6AED663DCD5E319A495325326BBB7E230497E3E7A688257D5161810C&E78156892A1577BCC8ECA22DE8BDD2ACC3DBA494148FF651DD4CD9294238EEC2&EF8EC29B7F9BDFCB7E48CD68912908B19E16A31DC4691909E40C1617F97C9B38 (maxCount 1)
[09/02/26 11:17:55] info     Setting key SP/UUID, value 9d6767a77b9d2cce90e03082e1302957689eeac5E0980AAE6AED663DCD5E319A495325326BBB7E230497E3E7A688257D5161810C&E78156892A1577BCC8ECA22DE8BDD2ACC3DBA494148FF651DD4CD9294238EEC2&EF8EC29B7F9BDFCB7E48CD68912908B19E16A31DC4691909E40C1617F97C9B38 (maxCount 1)
[09/02/26 11:17:55] info     Set senddmp exe path to C:\Program Files\Autodesk\AutoCAD 2027\CER\senddmp.exe
[09/02/26 11:17:55] info     The cer_service exe C:\Program Files\Autodesk\AutoCAD 2027\CER\service\cer_service.exe is not in folder C:\Program Files\Autodesk\AutoCAD 2027\CER\, it's not a sandbox
[09/02/26 11:17:55] info     launching C:\Program Files\Autodesk\AutoCAD 2027\CER\upi.exe "C:\Program Files\Autodesk\AutoCAD 2027\en-US\UPI\upiconfig.xml" C:\Users\PadXAutoman\AppData\Local\Temp\3\upi_info.xml
[09/02/26 11:17:55] info     Setting key SP/UPI_PRODUCT, value ACD (maxCount 1)
[09/02/26 11:17:55] info     Setting key SP/UPI_RELEASE, value 2027 (maxCount 1)
[09/02/26 11:17:55] info     Setting key SP/UPI_MASTER, value {28B89EEF-A101-0409-2102-CF3F3A09B77D} (maxCount 1)
[09/02/26 11:17:55] info     Setting key SP/UPI_BUILD, value 26.0.118.0.0 (maxCount 1)
[09/02/26 11:17:55] info     Setting key SP/UPI_FULL_XML, value <?xml version="1.0"?><upipackage><upivalue version="1.0" type="product" requestingapp="true"><level name="productline" id="ACD"><level name="release" id="2027"><level name="master" id="{28B89EEF-A101-0409-2102-CF3F3A09B77D}"><level name="build" id="26.0.118.0.0"/></level></level></level></upivalue>
<upivalue version="1.0" type="product"><level name="productline" id="ACD"><level name="release" id="2027"><level name="master" id="{28B89EEF-A101-0409-1102-CF3F3A09B77D}"><level name="build" id="26.0.118.0.0"/></level></level></level></upivalue>
<upivalue version="1.0" type="product"><level name="productline" id="ARCHDESK"><level name="release" id="2027"><level name="master" id="{28B89EEE-A104-0000-5102-CF3F3A09B77D}"><level name="build" id="8.9.46.0"/></level></level></level></upivalue>
<upivalue version="1.0" type="product"><level name="productline" id="ACD"><level name="release" id="2027"><level name="master" id="{28B89EEF-A101-0000-0102-CF3F3A09B77D}"><level name="build" id="26.0.118.0.0"/></level></level></level></upivalue>
</upipackage> (maxCount 1)
[09/02/26 11:17:55] info     set legacy options: /APPICON "C:\Program Files\Autodesk\AutoCAD 2027\AcBrandRes.dll" /APPICONID 1
[09/02/26 11:17:55] info     Setting key RP/AppIcon, value C:\Program Files\Autodesk\AutoCAD 2027\AcBrandRes.dll (maxCount 1)
[09/02/26 11:17:55] info     Setting key RP/AppIconId, value 1 (maxCount 1)
[09/02/26 11:17:55] info     Setting key RP/CadSettingsRegPath, value Software\Autodesk\AutoCAD\R26.0\ACAD-A101:409\CadManagerControl\CustomerErrorReport (maxCount 1)
[09/02/26 11:17:55] info     Setting key RP/AppLocaleId, value 1033 (maxCount 1)
[09/02/26 11:17:55] info     Setting key RP/AppXML, value <ProductInformation name ="AutoCAD" build_version="X.118.0.0(x64)" registry_version="26.0" install_id_string="ACAD-A101:409" registry_localeID="1033" git_commit_id="2c19eb970fc25f5e380f0bd3736f8ba9103aade4" /> (maxCount 100)
[09/02/26 11:17:55] info     Setting key SP/THEME_TYPE, value Blue (maxCount 1)
[09/02/26 11:17:55] info     Setting key SP/EXCEPTION_INFO_POINTER, value 140725604746520 (maxCount 1)
[09/02/26 11:17:55] info     Setting key SP/THREAD_ID, value 4294967295 (maxCount 1)
[09/02/26 11:17:55] info     Get key SP/THREAD_ID, index 0: "4294967295"
[09/02/26 11:17:55] info     Setting key SP/WER, value 0 (maxCount 1)
[09/02/26 11:17:55] info     Get key SP/WER, index 0: "0"
[09/02/26 11:17:55] info     Registered C:\Program Files\Autodesk\AutoCAD 2027\cer.dll as WER runtime exception module
[09/02/26 11:17:55] info     Current ErrorMode is 32769
[09/02/26 11:17:56] debug    Receiver ping: pong
[09/02/26 11:18:06] debug    Receiver ping: pong
[09/02/26 11:18:07] info     Setting key RP/Headless, value 1 (maxCount 1)
[09/02/26 11:18:08] info     ================= cer stopped =================
[09/02/26 11:25:52] info     ================= cer started =================
[09/02/26 11:25:52] info     C:\Program Files\Autodesk\AutoCAD 2027\cer.dll, 7.2.4+20251128.8f05bb68.927
[09/02/26 11:25:52] info     Setting key SP/SDK_VERSION, value 7.2.4+20251128.8f05bb68.927 (maxCount 1)
[09/02/26 11:25:52] info     Setting key SP/PRODUCT_NAME_HASH, value 9d6767a77b9d2cce90e03082e1302957689eeac5 (maxCount 1)
[09/02/26 11:25:52] info     Setting key SP/RUNTIME_ARCH, value 1 (maxCount 1)
[09/02/26 11:25:52] info     Set senddmp exe path to C:\Program Files\Autodesk\AutoCAD 2027\CER\senddmp.exe
[09/02/26 11:25:52] info     The cer_service exe C:\Program Files\Autodesk\AutoCAD 2027\CER\service\cer_service.exe is not in folder C:\Program Files\Autodesk\AutoCAD 2027\CER\, it's not a sandbox
[09/02/26 11:25:52] info     Set upi exe path to C:\Program Files\Autodesk\AutoCAD 2027\CER\upi.exe
[09/02/26 11:25:52] info     launching C:\Program Files\Autodesk\AutoCAD 2027\CER\upi.exe --cmd=get-device-id C:\Users\PadXAutoman\AppData\Local\Temp\3\upi_deviceid2
[09/02/26 11:25:52] info     Set deviceID2 to E0980AAE6AED663DCD5E319A495325326BBB7E230497E3E7A688257D5161810C&E78156892A1577BCC8ECA22DE8BDD2ACC3DBA494148FF651DD4CD9294238EEC2&EF8EC29B7F9BDFCB7E48CD68912908B19E16A31DC4691909E40C1617F97C9B38
[09/02/26 11:25:52] info     Setting key SP/DEVICEID2, value E0980AAE6AED663DCD5E319A495325326BBB7E230497E3E7A688257D5161810C&E78156892A1577BCC8ECA22DE8BDD2ACC3DBA494148FF651DD4CD9294238EEC2&EF8EC29B7F9BDFCB7E48CD68912908B19E16A31DC4691909E40C1617F97C9B38 (maxCount 1)
[09/02/26 11:25:52] info     Setting key SP/UUID, value 9d6767a77b9d2cce90e03082e1302957689eeac5E0980AAE6AED663DCD5E319A495325326BBB7E230497E3E7A688257D5161810C&E78156892A1577BCC8ECA22DE8BDD2ACC3DBA494148FF651DD4CD9294238EEC2&EF8EC29B7F9BDFCB7E48CD68912908B19E16A31DC4691909E40C1617F97C9B38 (maxCount 1)
[09/02/26 11:25:52] info     Set senddmp exe path to C:\Program Files\Autodesk\AutoCAD 2027\CER\senddmp.exe
[09/02/26 11:25:52] info     The cer_service exe C:\Program Files\Autodesk\AutoCAD 2027\CER\service\cer_service.exe is not in folder C:\Program Files\Autodesk\AutoCAD 2027\CER\, it's not a sandbox
[09/02/26 11:25:52] info     launching C:\Program Files\Autodesk\AutoCAD 2027\CER\upi.exe "C:\Program Files\Autodesk\AutoCAD 2027\en-US\UPI\upiconfig.xml" C:\Users\PadXAutoman\AppData\Local\Temp\3\upi_info.xml
[09/02/26 11:25:52] info     Setting key SP/UPI_PRODUCT, value ACD (maxCount 1)
[09/02/26 11:25:52] info     Setting key SP/UPI_RELEASE, value 2027 (maxCount 1)
[09/02/26 11:25:52] info     Setting key SP/UPI_MASTER, value {28B89EEF-A101-0409-2102-CF3F3A09B77D} (maxCount 1)
[09/02/26 11:25:52] info     Setting key SP/UPI_BUILD, value 26.0.118.0.0 (maxCount 1)
[09/02/26 11:25:52] info     Setting key SP/UPI_FULL_XML, value <?xml version="1.0"?><upipackage><upivalue version="1.0" type="product" requestingapp="true"><level name="productline" id="ACD"><level name="release" id="2027"><level name="master" id="{28B89EEF-A101-0409-2102-CF3F3A09B77D}"><level name="build" id="26.0.118.0.0"/></level></level></level></upivalue>
<upivalue version="1.0" type="product"><level name="productline" id="ACD"><level name="release" id="2027"><level name="master" id="{28B89EEF-A101-0409-1102-CF3F3A09B77D}"><level name="build" id="26.0.118.0.0"/></level></level></level></upivalue>
<upivalue version="1.0" type="product"><level name="productline" id="ARCHDESK"><level name="release" id="2027"><level name="master" id="{28B89EEE-A104-0000-5102-CF3F3A09B77D}"><level name="build" id="8.9.46.0"/></level></level></level></upivalue>
<upivalue version="1.0" type="product"><level name="productline" id="ACD"><level name="release" id="2027"><level name="master" id="{28B89EEF-A101-0000-0102-CF3F3A09B77D}"><level name="build" id="26.0.118.0.0"/></level></level></level></upivalue>
</upipackage> (maxCount 1)
[09/02/26 11:25:52] info     set legacy options: /APPICON "C:\Program Files\Autodesk\AutoCAD 2027\AcBrandRes.dll" /APPICONID 1
[09/02/26 11:25:52] info     Setting key RP/AppIcon, value C:\Program Files\Autodesk\AutoCAD 2027\AcBrandRes.dll (maxCount 1)
[09/02/26 11:25:52] info     Setting key RP/AppIconId, value 1 (maxCount 1)
[09/02/26 11:25:52] info     Setting key RP/CadSettingsRegPath, value Software\Autodesk\AutoCAD\R26.0\ACAD-A101:409\CadManagerControl\CustomerErrorReport (maxCount 1)
[09/02/26 11:25:52] info     Setting key RP/AppLocaleId, value 1033 (maxCount 1)
[09/02/26 11:25:52] info     Setting key RP/AppXML, value <ProductInformation name ="AutoCAD" build_version="X.118.0.0(x64)" registry_version="26.0" install_id_string="ACAD-A101:409" registry_localeID="1033" git_commit_id="2c19eb970fc25f5e380f0bd3736f8ba9103aade4" /> (maxCount 100)
[09/02/26 11:25:52] info     Setting key SP/THEME_TYPE, value Blue (maxCount 1)
[09/02/26 11:25:52] info     Setting key SP/EXCEPTION_INFO_POINTER, value 140727370089752 (maxCount 1)
[09/02/26 11:25:52] info     Setting key SP/THREAD_ID, value 4294967295 (maxCount 1)
[09/02/26 11:25:52] info     Get key SP/THREAD_ID, index 0: "4294967295"
[09/02/26 11:25:52] info     Setting key SP/WER, value 0 (maxCount 1)
[09/02/26 11:25:52] info     Get key SP/WER, index 0: "0"
[09/02/26 11:25:52] info     Registered C:\Program Files\Autodesk\AutoCAD 2027\cer.dll as WER runtime exception module
[09/02/26 11:25:52] info     Current ErrorMode is 32769
[09/02/26 11:25:52] debug    Receiver ping: pong
[09/02/26 11:25:56] info     Setting key RP/Headless, value 1 (maxCount 1)
[09/02/26 11:25:56] info     ================= cer stopped =================
[09/02/26 11:31:15] info     ================= cer started =================
[09/02/26 11:31:15] info     C:\Program Files\Autodesk\AutoCAD 2027\cer.dll, 7.2.4+20251128.8f05bb68.927
[09/02/26 11:31:15] info     Setting key SP/SDK_VERSION, value 7.2.4+20251128.8f05bb68.927 (maxCount 1)
[09/02/26 11:31:15] info     Setting key SP/PRODUCT_NAME_HASH, value 9d6767a77b9d2cce90e03082e1302957689eeac5 (maxCount 1)
[09/02/26 11:31:15] info     Setting key SP/RUNTIME_ARCH, value 1 (maxCount 1)
[09/02/26 11:31:15] info     Set senddmp exe path to C:\Program Files\Autodesk\AutoCAD 2027\CER\senddmp.exe
[09/02/26 11:31:15] info     The cer_service exe C:\Program Files\Autodesk\AutoCAD 2027\CER\service\cer_service.exe is not in folder C:\Program Files\Autodesk\AutoCAD 2027\CER\, it's not a sandbox
[09/02/26 11:31:15] info     Set upi exe path to C:\Program Files\Autodesk\AutoCAD 2027\CER\upi.exe
[09/02/26 11:31:15] info     launching C:\Program Files\Autodesk\AutoCAD 2027\CER\upi.exe --cmd=get-device-id C:\Users\PadXAutoman\AppData\Local\Temp\3\upi_deviceid2
[09/02/26 11:31:15] info     Set deviceID2 to E0980AAE6AED663DCD5E319A495325326BBB7E230497E3E7A688257D5161810C&E78156892A1577BCC8ECA22DE8BDD2ACC3DBA494148FF651DD4CD9294238EEC2&EF8EC29B7F9BDFCB7E48CD68912908B19E16A31DC4691909E40C1617F97C9B38
[09/02/26 11:31:15] info     Setting key SP/DEVICEID2, value E0980AAE6AED663DCD5E319A495325326BBB7E230497E3E7A688257D5161810C&E78156892A1577BCC8ECA22DE8BDD2ACC3DBA494148FF651DD4CD9294238EEC2&EF8EC29B7F9BDFCB7E48CD68912908B19E16A31DC4691909E40C1617F97C9B38 (maxCount 1)
[09/02/26 11:31:15] info     Setting key SP/UUID, value 9d6767a77b9d2cce90e03082e1302957689eeac5E0980AAE6AED663DCD5E319A495325326BBB7E230497E3E7A688257D5161810C&E78156892A1577BCC8ECA22DE8BDD2ACC3DBA494148FF651DD4CD9294238EEC2&EF8EC29B7F9BDFCB7E48CD68912908B19E16A31DC4691909E40C1617F97C9B38 (maxCount 1)
[09/02/26 11:31:15] info     Set senddmp exe path to C:\Program Files\Autodesk\AutoCAD 2027\CER\senddmp.exe
[09/02/26 11:31:15] info     The cer_service exe C:\Program Files\Autodesk\AutoCAD 2027\CER\service\cer_service.exe is not in folder C:\Program Files\Autodesk\AutoCAD 2027\CER\, it's not a sandbox
[09/02/26 11:31:15] info     launching C:\Program Files\Autodesk\AutoCAD 2027\CER\upi.exe "C:\Program Files\Autodesk\AutoCAD 2027\en-US\UPI\upiconfig.xml" C:\Users\PadXAutoman\AppData\Local\Temp\3\upi_info.xml
[09/02/26 11:31:15] info     Setting key SP/UPI_PRODUCT, value ACD (maxCount 1)
[09/02/26 11:31:15] info     Setting key SP/UPI_RELEASE, value 2027 (maxCount 1)
[09/02/26 11:31:15] info     Setting key SP/UPI_MASTER, value {28B89EEF-A101-0409-2102-CF3F3A09B77D} (maxCount 1)
[09/02/26 11:31:15] info     Setting key SP/UPI_BUILD, value 26.0.118.0.0 (maxCount 1)
[09/02/26 11:31:15] info     Setting key SP/UPI_FULL_XML, value <?xml version="1.0"?><upipackage><upivalue version="1.0" type="product" requestingapp="true"><level name="productline" id="ACD"><level name="release" id="2027"><level name="master" id="{28B89EEF-A101-0409-2102-CF3F3A09B77D}"><level name="build" id="26.0.118.0.0"/></level></level></level></upivalue>
<upivalue version="1.0" type="product"><level name="productline" id="ACD"><level name="release" id="2027"><level name="master" id="{28B89EEF-A101-0409-1102-CF3F3A09B77D}"><level name="build" id="26.0.118.0.0"/></level></level></level></upivalue>
<upivalue version="1.0" type="product"><level name="productline" id="ARCHDESK"><level name="release" id="2027"><level name="master" id="{28B89EEE-A104-0000-5102-CF3F3A09B77D}"><level name="build" id="8.9.46.0"/></level></level></level></upivalue>
<upivalue version="1.0" type="product"><level name="productline" id="ACD"><level name="release" id="2027"><level name="master" id="{28B89EEF-A101-0000-0102-CF3F3A09B77D}"><level name="build" id="26.0.118.0.0"/></level></level></level></upivalue>
</upipackage> (maxCount 1)
[09/02/26 11:31:15] info     set legacy options: /APPICON "C:\Program Files\Autodesk\AutoCAD 2027\AcBrandRes.dll" /APPICONID 1
[09/02/26 11:31:15] info     Setting key RP/AppIcon, value C:\Program Files\Autodesk\AutoCAD 2027\AcBrandRes.dll (maxCount 1)
[09/02/26 11:31:15] info     Setting key RP/AppIconId, value 1 (maxCount 1)
[09/02/26 11:31:15] info     Setting key RP/CadSettingsRegPath, value Software\Autodesk\AutoCAD\R26.0\ACAD-A101:409\CadManagerControl\CustomerErrorReport (maxCount 1)
[09/02/26 11:31:15] info     Setting key RP/AppLocaleId, value 1033 (maxCount 1)
[09/02/26 11:31:15] info     Setting key RP/AppXML, value <ProductInformation name ="AutoCAD" build_version="X.118.0.0(x64)" registry_version="26.0" install_id_string="ACAD-A101:409" registry_localeID="1033" git_commit_id="2c19eb970fc25f5e380f0bd3736f8ba9103aade4" /> (maxCount 100)
[09/02/26 11:31:15] info     Setting key SP/THEME_TYPE, value Blue (maxCount 1)
[09/02/26 11:31:15] info     Setting key SP/EXCEPTION_INFO_POINTER, value 140726847374616 (maxCount 1)
[09/02/26 11:31:15] info     Setting key SP/THREAD_ID, value 4294967295 (maxCount 1)
[09/02/26 11:31:15] info     Get key SP/THREAD_ID, index 0: "4294967295"
[09/02/26 11:31:15] info     Setting key SP/WER, value 0 (maxCount 1)
[09/02/26 11:31:15] info     Get key SP/WER, index 0: "0"
[09/02/26 11:31:15] info     Registered C:\Program Files\Autodesk\AutoCAD 2027\cer.dll as WER runtime exception module
[09/02/26 11:31:15] info     Current ErrorMode is 32769
[09/02/26 11:31:15] debug    Receiver ping: pong
[09/02/26 11:31:20] info     Setting key RP/Headless, value 1 (maxCount 1)
[09/02/26 11:31:20] info     ================= cer stopped =================
[09/02/26 11:32:15] info     ================= cer started =================
[09/02/26 11:32:15] info     C:\Program Files\Autodesk\AutoCAD 2027\cer.dll, 7.2.4+20251128.8f05bb68.927
[09/02/26 11:32:15] info     Setting key SP/SDK_VERSION, value 7.2.4+20251128.8f05bb68.927 (maxCount 1)
[09/02/26 11:32:15] info     Setting key SP/PRODUCT_NAME_HASH, value 9d6767a77b9d2cce90e03082e1302957689eeac5 (maxCount 1)
[09/02/26 11:32:15] info     Setting key SP/RUNTIME_ARCH, value 1 (maxCount 1)
[09/02/26 11:32:15] info     Set senddmp exe path to C:\Program Files\Autodesk\AutoCAD 2027\CER\senddmp.exe
[09/02/26 11:32:15] info     The cer_service exe C:\Program Files\Autodesk\AutoCAD 2027\CER\service\cer_service.exe is not in folder C:\Program Files\Autodesk\AutoCAD 2027\CER\, it's not a sandbox
[09/02/26 11:32:15] info     Set upi exe path to C:\Program Files\Autodesk\AutoCAD 2027\CER\upi.exe
[09/02/26 11:32:15] info     launching C:\Program Files\Autodesk\AutoCAD 2027\CER\upi.exe --cmd=get-device-id C:\Users\PadXAutoman\AppData\Local\Temp\3\upi_deviceid2
[09/02/26 11:32:15] info     Set deviceID2 to E0980AAE6AED663DCD5E319A495325326BBB7E230497E3E7A688257D5161810C&E78156892A1577BCC8ECA22DE8BDD2ACC3DBA494148FF651DD4CD9294238EEC2&EF8EC29B7F9BDFCB7E48CD68912908B19E16A31DC4691909E40C1617F97C9B38
[09/02/26 11:32:15] info     Setting key SP/DEVICEID2, value E0980AAE6AED663DCD5E319A495325326BBB7E230497E3E7A688257D5161810C&E78156892A1577BCC8ECA22DE8BDD2ACC3DBA494148FF651DD4CD9294238EEC2&EF8EC29B7F9BDFCB7E48CD68912908B19E16A31DC4691909E40C1617F97C9B38 (maxCount 1)
[09/02/26 11:32:15] info     Setting key SP/UUID, value 9d6767a77b9d2cce90e03082e1302957689eeac5E0980AAE6AED663DCD5E319A495325326BBB7E230497E3E7A688257D5161810C&E78156892A1577BCC8ECA22DE8BDD2ACC3DBA494148FF651DD4CD9294238EEC2&EF8EC29B7F9BDFCB7E48CD68912908B19E16A31DC4691909E40C1617F97C9B38 (maxCount 1)
[09/02/26 11:32:15] info     Set senddmp exe path to C:\Program Files\Autodesk\AutoCAD 2027\CER\senddmp.exe
[09/02/26 11:32:15] info     The cer_service exe C:\Program Files\Autodesk\AutoCAD 2027\CER\service\cer_service.exe is not in folder C:\Program Files\Autodesk\AutoCAD 2027\CER\, it's not a sandbox
[09/02/26 11:32:15] info     launching C:\Program Files\Autodesk\AutoCAD 2027\CER\upi.exe "C:\Program Files\Autodesk\AutoCAD 2027\en-US\UPI\upiconfig.xml" C:\Users\PadXAutoman\AppData\Local\Temp\3\upi_info.xml
[09/02/26 11:32:15] info     Setting key SP/UPI_PRODUCT, value ACD (maxCount 1)
[09/02/26 11:32:15] info     Setting key SP/UPI_RELEASE, value 2027 (maxCount 1)
[09/02/26 11:32:15] info     Setting key SP/UPI_MASTER, value {28B89EEF-A101-0409-2102-CF3F3A09B77D} (maxCount 1)
[09/02/26 11:32:15] info     Setting key SP/UPI_BUILD, value 26.0.118.0.0 (maxCount 1)
[09/02/26 11:32:15] info     Setting key SP/UPI_FULL_XML, value <?xml version="1.0"?><upipackage><upivalue version="1.0" type="product" requestingapp="true"><level name="productline" id="ACD"><level name="release" id="2027"><level name="master" id="{28B89EEF-A101-0409-2102-CF3F3A09B77D}"><level name="build" id="26.0.118.0.0"/></level></level></level></upivalue>
<upivalue version="1.0" type="product"><level name="productline" id="ACD"><level name="release" id="2027"><level name="master" id="{28B89EEF-A101-0409-1102-CF3F3A09B77D}"><level name="build" id="26.0.118.0.0"/></level></level></level></upivalue>
<upivalue version="1.0" type="product"><level name="productline" id="ARCHDESK"><level name="release" id="2027"><level name="master" id="{28B89EEE-A104-0000-5102-CF3F3A09B77D}"><level name="build" id="8.9.46.0"/></level></level></level></upivalue>
<upivalue version="1.0" type="product"><level name="productline" id="ACD"><level name="release" id="2027"><level name="master" id="{28B89EEF-A101-0000-0102-CF3F3A09B77D}"><level name="build" id="26.0.118.0.0"/></level></level></level></upivalue>
</upipackage> (maxCount 1)
[09/02/26 11:32:15] info     set legacy options: /APPICON "C:\Program Files\Autodesk\AutoCAD 2027\AcBrandRes.dll" /APPICONID 1
[09/02/26 11:32:15] info     Setting key RP/AppIcon, value C:\Program Files\Autodesk\AutoCAD 2027\AcBrandRes.dll (maxCount 1)
[09/02/26 11:32:15] info     Setting key RP/AppIconId, value 1 (maxCount 1)
[09/02/26 11:32:15] info     Setting key RP/CadSettingsRegPath, value Software\Autodesk\AutoCAD\R26.0\ACAD-A101:409\CadManagerControl\CustomerErrorReport (maxCount 1)
[09/02/26 11:32:15] info     Setting key RP/AppLocaleId, value 1033 (maxCount 1)
[09/02/26 11:32:15] info     Setting key RP/AppXML, value <ProductInformation name ="AutoCAD" build_version="X.118.0.0(x64)" registry_version="26.0" install_id_string="ACAD-A101:409" registry_localeID="1033" git_commit_id="2c19eb970fc25f5e380f0bd3736f8ba9103aade4" /> (maxCount 100)
[09/02/26 11:32:15] info     Setting key SP/THEME_TYPE, value Blue (maxCount 1)
[09/02/26 11:32:15] info     Setting key SP/EXCEPTION_INFO_POINTER, value 140727370089752 (maxCount 1)
[09/02/26 11:32:15] info     Setting key SP/THREAD_ID, value 4294967295 (maxCount 1)
[09/02/26 11:32:15] info     Get key SP/THREAD_ID, index 0: "4294967295"
[09/02/26 11:32:15] info     Setting key SP/WER, value 0 (maxCount 1)
[09/02/26 11:32:15] info     Get key SP/WER, index 0: "0"
[09/02/26 11:32:15] info     Registered C:\Program Files\Autodesk\AutoCAD 2027\cer.dll as WER runtime exception module
[09/02/26 11:32:15] info     Current ErrorMode is 32769
[09/02/26 11:32:15] debug    Receiver ping: pong
[09/02/26 11:32:17] info     Setting key RP/Headless, value 1 (maxCount 1)
[09/02/26 11:32:17] info     ================= cer stopped =================
[09/02/26 11:42:03] info     ================= cer started =================
[09/02/26 11:42:03] info     C:\Program Files\Autodesk\AutoCAD 2027\cer.dll, 7.2.4+20251128.8f05bb68.927
[09/02/26 11:42:03] info     Setting key SP/SDK_VERSION, value 7.2.4+20251128.8f05bb68.927 (maxCount 1)
[09/02/26 11:42:03] info     Setting key SP/PRODUCT_NAME_HASH, value 9d6767a77b9d2cce90e03082e1302957689eeac5 (maxCount 1)
[09/02/26 11:42:03] info     Setting key SP/RUNTIME_ARCH, value 1 (maxCount 1)
[09/02/26 11:42:03] info     Set senddmp exe path to C:\Program Files\Autodesk\AutoCAD 2027\CER\senddmp.exe
[09/02/26 11:42:03] info     The cer_service exe C:\Program Files\Autodesk\AutoCAD 2027\CER\service\cer_service.exe is not in folder C:\Program Files\Autodesk\AutoCAD 2027\CER\, it's not a sandbox
[09/02/26 11:42:03] info     Set upi exe path to C:\Program Files\Autodesk\AutoCAD 2027\CER\upi.exe
[09/02/26 11:42:03] info     launching C:\Program Files\Autodesk\AutoCAD 2027\CER\upi.exe --cmd=get-device-id C:\Users\PadXAutoman\AppData\Local\Temp\3\upi_deviceid2
[09/02/26 11:42:04] info     Set deviceID2 to E0980AAE6AED663DCD5E319A495325326BBB7E230497E3E7A688257D5161810C&E78156892A1577BCC8ECA22DE8BDD2ACC3DBA494148FF651DD4CD9294238EEC2&EF8EC29B7F9BDFCB7E48CD68912908B19E16A31DC4691909E40C1617F97C9B38
[09/02/26 11:42:04] info     Setting key SP/DEVICEID2, value E0980AAE6AED663DCD5E319A495325326BBB7E230497E3E7A688257D5161810C&E78156892A1577BCC8ECA22DE8BDD2ACC3DBA494148FF651DD4CD9294238EEC2&EF8EC29B7F9BDFCB7E48CD68912908B19E16A31DC4691909E40C1617F97C9B38 (maxCount 1)
[09/02/26 11:42:04] info     Setting key SP/UUID, value 9d6767a77b9d2cce90e03082e1302957689eeac5E0980AAE6AED663DCD5E319A495325326BBB7E230497E3E7A688257D5161810C&E78156892A1577BCC8ECA22DE8BDD2ACC3DBA494148FF651DD4CD9294238EEC2&EF8EC29B7F9BDFCB7E48CD68912908B19E16A31DC4691909E40C1617F97C9B38 (maxCount 1)
[09/02/26 11:42:04] info     Set senddmp exe path to C:\Program Files\Autodesk\AutoCAD 2027\CER\senddmp.exe
[09/02/26 11:42:04] info     The cer_service exe C:\Program Files\Autodesk\AutoCAD 2027\CER\service\cer_service.exe is not in folder C:\Program Files\Autodesk\AutoCAD 2027\CER\, it's not a sandbox
[09/02/26 11:42:04] info     launching C:\Program Files\Autodesk\AutoCAD 2027\CER\upi.exe "C:\Program Files\Autodesk\AutoCAD 2027\en-US\UPI\upiconfig.xml" C:\Users\PadXAutoman\AppData\Local\Temp\3\upi_info.xml
[09/02/26 11:42:04] info     Setting key SP/UPI_PRODUCT, value ACD (maxCount 1)
[09/02/26 11:42:04] info     Setting key SP/UPI_RELEASE, value 2027 (maxCount 1)
[09/02/26 11:42:04] info     Setting key SP/UPI_MASTER, value {28B89EEF-A101-0409-2102-CF3F3A09B77D} (maxCount 1)
[09/02/26 11:42:04] info     Setting key SP/UPI_BUILD, value 26.0.118.0.0 (maxCount 1)
[09/02/26 11:42:04] info     Setting key SP/UPI_FULL_XML, value <?xml version="1.0"?><upipackage><upivalue version="1.0" type="product" requestingapp="true"><level name="productline" id="ACD"><level name="release" id="2027"><level name="master" id="{28B89EEF-A101-0409-2102-CF3F3A09B77D}"><level name="build" id="26.0.118.0.0"/></level></level></level></upivalue>
<upivalue version="1.0" type="product"><level name="productline" id="ACD"><level name="release" id="2027"><level name="master" id="{28B89EEF-A101-0409-1102-CF3F3A09B77D}"><level name="build" id="26.0.118.0.0"/></level></level></level></upivalue>
<upivalue version="1.0" type="product"><level name="productline" id="ARCHDESK"><level name="release" id="2027"><level name="master" id="{28B89EEE-A104-0000-5102-CF3F3A09B77D}"><level name="build" id="8.9.46.0"/></level></level></level></upivalue>
<upivalue version="1.0" type="product"><level name="productline" id="ACD"><level name="release" id="2027"><level name="master" id="{28B89EEF-A101-0000-0102-CF3F3A09B77D}"><level name="build" id="26.0.118.0.0"/></level></level></level></upivalue>
</upipackage> (maxCount 1)
[09/02/26 11:42:04] info     set legacy options: /APPICON "C:\Program Files\Autodesk\AutoCAD 2027\AcBrandRes.dll" /APPICONID 1
[09/02/26 11:42:04] info     Setting key RP/AppIcon, value C:\Program Files\Autodesk\AutoCAD 2027\AcBrandRes.dll (maxCount 1)
[09/02/26 11:42:04] info     Setting key RP/AppIconId, value 1 (maxCount 1)
[09/02/26 11:42:04] info     Setting key RP/CadSettingsRegPath, value Software\Autodesk\AutoCAD\R26.0\ACAD-A101:409\CadManagerControl\CustomerErrorReport (maxCount 1)
[09/02/26 11:42:04] info     Setting key RP/AppLocaleId, value 1033 (maxCount 1)
[09/02/26 11:42:04] info     Setting key RP/AppXML, value <ProductInformation name ="AutoCAD" build_version="X.118.0.0(x64)" registry_version="26.0" install_id_string="ACAD-A101:409" registry_localeID="1033" git_commit_id="2c19eb970fc25f5e380f0bd3736f8ba9103aade4" /> (maxCount 100)
[09/02/26 11:42:04] info     Setting key SP/THEME_TYPE, value Blue (maxCount 1)
[09/02/26 11:42:04] info     Setting key SP/EXCEPTION_INFO_POINTER, value 140725451785496 (maxCount 1)
[09/02/26 11:42:04] info     Setting key SP/THREAD_ID, value 4294967295 (maxCount 1)
[09/02/26 11:42:04] info     Get key SP/THREAD_ID, index 0: "4294967295"
[09/02/26 11:42:04] info     Setting key SP/WER, value 0 (maxCount 1)
[09/02/26 11:42:04] info     Get key SP/WER, index 0: "0"
[09/02/26 11:42:04] info     Registered C:\Program Files\Autodesk\AutoCAD 2027\cer.dll as WER runtime exception module
[09/02/26 11:42:04] info     Current ErrorMode is 32769
[09/02/26 11:42:04] debug    Receiver ping: pong
[09/02/26 11:42:09] info     Setting key RP/Headless, value 1 (maxCount 1)
[09/02/26 11:42:10] info     ================= cer stopped =================
[09/02/26 11:42:30] info     ================= cer started =================
[09/02/26 11:42:30] info     C:\Program Files\Autodesk\AutoCAD 2027\cer.dll, 7.2.4+20251128.8f05bb68.927
[09/02/26 11:42:30] info     Setting key SP/SDK_VERSION, value 7.2.4+20251128.8f05bb68.927 (maxCount 1)
[09/02/26 11:42:30] info     Setting key SP/PRODUCT_NAME_HASH, value 9d6767a77b9d2cce90e03082e1302957689eeac5 (maxCount 1)
[09/02/26 11:42:30] info     Setting key SP/RUNTIME_ARCH, value 1 (maxCount 1)
[09/02/26 11:42:30] info     Set senddmp exe path to C:\Program Files\Autodesk\AutoCAD 2027\CER\senddmp.exe
[09/02/26 11:42:30] info     The cer_service exe C:\Program Files\Autodesk\AutoCAD 2027\CER\service\cer_service.exe is not in folder C:\Program Files\Autodesk\AutoCAD 2027\CER\, it's not a sandbox
[09/02/26 11:42:30] info     Set upi exe path to C:\Program Files\Autodesk\AutoCAD 2027\CER\upi.exe
[09/02/26 11:42:30] info     launching C:\Program Files\Autodesk\AutoCAD 2027\CER\upi.exe --cmd=get-device-id C:\Users\PadXAutoman\AppData\Local\Temp\3\upi_deviceid2
[09/02/26 11:42:31] info     Set deviceID2 to E0980AAE6AED663DCD5E319A495325326BBB7E230497E3E7A688257D5161810C&E78156892A1577BCC8ECA22DE8BDD2ACC3DBA494148FF651DD4CD9294238EEC2&EF8EC29B7F9BDFCB7E48CD68912908B19E16A31DC4691909E40C1617F97C9B38
[09/02/26 11:42:31] info     Setting key SP/DEVICEID2, value E0980AAE6AED663DCD5E319A495325326BBB7E230497E3E7A688257D5161810C&E78156892A1577BCC8ECA22DE8BDD2ACC3DBA494148FF651DD4CD9294238EEC2&EF8EC29B7F9BDFCB7E48CD68912908B19E16A31DC4691909E40C1617F97C9B38 (maxCount 1)
[09/02/26 11:42:31] info     Setting key SP/UUID, value 9d6767a77b9d2cce90e03082e1302957689eeac5E0980AAE6AED663DCD5E319A495325326BBB7E230497E3E7A688257D5161810C&E78156892A1577BCC8ECA22DE8BDD2ACC3DBA494148FF651DD4CD9294238EEC2&EF8EC29B7F9BDFCB7E48CD68912908B19E16A31DC4691909E40C1617F97C9B38 (maxCount 1)
[09/02/26 11:42:31] info     Set senddmp exe path to C:\Program Files\Autodesk\AutoCAD 2027\CER\senddmp.exe
[09/02/26 11:42:31] info     The cer_service exe C:\Program Files\Autodesk\AutoCAD 2027\CER\service\cer_service.exe is not in folder C:\Program Files\Autodesk\AutoCAD 2027\CER\, it's not a sandbox
[09/02/26 11:42:31] info     launching C:\Program Files\Autodesk\AutoCAD 2027\CER\upi.exe "C:\Program Files\Autodesk\AutoCAD 2027\en-US\UPI\upiconfig.xml" C:\Users\PadXAutoman\AppData\Local\Temp\3\upi_info.xml
[09/02/26 11:42:31] info     Setting key SP/UPI_PRODUCT, value ACD (maxCount 1)
[09/02/26 11:42:31] info     Setting key SP/UPI_RELEASE, value 2027 (maxCount 1)
[09/02/26 11:42:31] info     Setting key SP/UPI_MASTER, value {28B89EEF-A101-0409-2102-CF3F3A09B77D} (maxCount 1)
[09/02/26 11:42:31] info     Setting key SP/UPI_BUILD, value 26.0.118.0.0 (maxCount 1)
[09/02/26 11:42:31] info     Setting key SP/UPI_FULL_XML, value <?xml version="1.0"?><upipackage><upivalue version="1.0" type="product" requestingapp="true"><level name="productline" id="ACD"><level name="release" id="2027"><level name="master" id="{28B89EEF-A101-0409-2102-CF3F3A09B77D}"><level name="build" id="26.0.118.0.0"/></level></level></level></upivalue>
<upivalue version="1.0" type="product"><level name="productline" id="ACD"><level name="release" id="2027"><level name="master" id="{28B89EEF-A101-0409-1102-CF3F3A09B77D}"><level name="build" id="26.0.118.0.0"/></level></level></level></upivalue>
<upivalue version="1.0" type="product"><level name="productline" id="ARCHDESK"><level name="release" id="2027"><level name="master" id="{28B89EEE-A104-0000-5102-CF3F3A09B77D}"><level name="build" id="8.9.46.0"/></level></level></level></upivalue>
<upivalue version="1.0" type="product"><level name="productline" id="ACD"><level name="release" id="2027"><level name="master" id="{28B89EEF-A101-0000-0102-CF3F3A09B77D}"><level name="build" id="26.0.118.0.0"/></level></level></level></upivalue>
</upipackage> (maxCount 1)
[09/02/26 11:42:31] info     set legacy options: /APPICON "C:\Program Files\Autodesk\AutoCAD 2027\AcBrandRes.dll" /APPICONID 1
[09/02/26 11:42:31] info     Setting key RP/AppIcon, value C:\Program Files\Autodesk\AutoCAD 2027\AcBrandRes.dll (maxCount 1)
[09/02/26 11:42:31] info     Setting key RP/AppIconId, value 1 (maxCount 1)
[09/02/26 11:42:31] info     Setting key RP/CadSettingsRegPath, value Software\Autodesk\AutoCAD\R26.0\ACAD-A101:409\CadManagerControl\CustomerErrorReport (maxCount 1)
[09/02/26 11:42:31] info     Setting key RP/AppLocaleId, value 1033 (maxCount 1)
[09/02/26 11:42:31] info     Setting key RP/AppXML, value <ProductInformation name ="AutoCAD" build_version="X.118.0.0(x64)" registry_version="26.0" install_id_string="ACAD-A101:409" registry_localeID="1033" git_commit_id="2c19eb970fc25f5e380f0bd3736f8ba9103aade4" /> (maxCount 100)
[09/02/26 11:42:31] info     Setting key SP/THEME_TYPE, value Blue (maxCount 1)
[09/02/26 11:42:31] info     Setting key SP/EXCEPTION_INFO_POINTER, value 140725451785496 (maxCount 1)
[09/02/26 11:42:31] info     Setting key SP/THREAD_ID, value 4294967295 (maxCount 1)
[09/02/26 11:42:31] info     Get key SP/THREAD_ID, index 0: "4294967295"
[09/02/26 11:42:31] info     Setting key SP/WER, value 0 (maxCount 1)
[09/02/26 11:42:31] info     Get key SP/WER, index 0: "0"
[09/02/26 11:42:31] info     Registered C:\Program Files\Autodesk\AutoCAD 2027\cer.dll as WER runtime exception module
[09/02/26 11:42:31] info     Current ErrorMode is 32769
[09/02/26 11:42:31] debug    Receiver ping: pong
[09/02/26 11:42:33] info     Setting key RP/Headless, value 1 (maxCount 1)
[09/02/26 11:42:33] info     ================= cer stopped =================
[09/02/26 11:47:09] info     ================= cer started =================
[09/02/26 11:47:09] info     C:\Program Files\Autodesk\AutoCAD 2027\cer.dll, 7.2.4+20251128.8f05bb68.927
[09/02/26 11:47:09] info     Setting key SP/SDK_VERSION, value 7.2.4+20251128.8f05bb68.927 (maxCount 1)
[09/02/26 11:47:09] info     Setting key SP/PRODUCT_NAME_HASH, value 9d6767a77b9d2cce90e03082e1302957689eeac5 (maxCount 1)
[09/02/26 11:47:09] info     Setting key SP/RUNTIME_ARCH, value 1 (maxCount 1)
[09/02/26 11:47:09] info     Set senddmp exe path to C:\Program Files\Autodesk\AutoCAD 2027\CER\senddmp.exe
[09/02/26 11:47:09] info     The cer_service exe C:\Program Files\Autodesk\AutoCAD 2027\CER\service\cer_service.exe is not in folder C:\Program Files\Autodesk\AutoCAD 2027\CER\, it's not a sandbox
[09/02/26 11:47:09] info     Set upi exe path to C:\Program Files\Autodesk\AutoCAD 2027\CER\upi.exe
[09/02/26 11:47:09] info     launching C:\Program Files\Autodesk\AutoCAD 2027\CER\upi.exe --cmd=get-device-id C:\Users\PadXAutoman\AppData\Local\Temp\3\upi_deviceid2
[09/02/26 11:47:10] info     Set deviceID2 to E0980AAE6AED663DCD5E319A495325326BBB7E230497E3E7A688257D5161810C&E78156892A1577BCC8ECA22DE8BDD2ACC3DBA494148FF651DD4CD9294238EEC2&EF8EC29B7F9BDFCB7E48CD68912908B19E16A31DC4691909E40C1617F97C9B38
[09/02/26 11:47:10] info     Setting key SP/DEVICEID2, value E0980AAE6AED663DCD5E319A495325326BBB7E230497E3E7A688257D5161810C&E78156892A1577BCC8ECA22DE8BDD2ACC3DBA494148FF651DD4CD9294238EEC2&EF8EC29B7F9BDFCB7E48CD68912908B19E16A31DC4691909E40C1617F97C9B38 (maxCount 1)
[09/02/26 11:47:10] info     Setting key SP/UUID, value 9d6767a77b9d2cce90e03082e1302957689eeac5E0980AAE6AED663DCD5E319A495325326BBB7E230497E3E7A688257D5161810C&E78156892A1577BCC8ECA22DE8BDD2ACC3DBA494148FF651DD4CD9294238EEC2&EF8EC29B7F9BDFCB7E48CD68912908B19E16A31DC4691909E40C1617F97C9B38 (maxCount 1)
[09/02/26 11:47:10] info     Set senddmp exe path to C:\Program Files\Autodesk\AutoCAD 2027\CER\senddmp.exe
[09/02/26 11:47:10] info     The cer_service exe C:\Program Files\Autodesk\AutoCAD 2027\CER\service\cer_service.exe is not in folder C:\Program Files\Autodesk\AutoCAD 2027\CER\, it's not a sandbox
[09/02/26 11:47:10] info     launching C:\Program Files\Autodesk\AutoCAD 2027\CER\upi.exe "C:\Program Files\Autodesk\AutoCAD 2027\en-US\UPI\upiconfig.xml" C:\Users\PadXAutoman\AppData\Local\Temp\3\upi_info.xml
[09/02/26 11:47:10] info     Setting key SP/UPI_PRODUCT, value ACD (maxCount 1)
[09/02/26 11:47:10] info     Setting key SP/UPI_RELEASE, value 2027 (maxCount 1)
[09/02/26 11:47:10] info     Setting key SP/UPI_MASTER, value {28B89EEF-A101-0409-2102-CF3F3A09B77D} (maxCount 1)
[09/02/26 11:47:10] info     Setting key SP/UPI_BUILD, value 26.0.118.0.0 (maxCount 1)
[09/02/26 11:47:10] info     Setting key SP/UPI_FULL_XML, value <?xml version="1.0"?><upipackage><upivalue version="1.0" type="product" requestingapp="true"><level name="productline" id="ACD"><level name="release" id="2027"><level name="master" id="{28B89EEF-A101-0409-2102-CF3F3A09B77D}"><level name="build" id="26.0.118.0.0"/></level></level></level></upivalue>
<upivalue version="1.0" type="product"><level name="productline" id="ACD"><level name="release" id="2027"><level name="master" id="{28B89EEF-A101-0409-1102-CF3F3A09B77D}"><level name="build" id="26.0.118.0.0"/></level></level></level></upivalue>
<upivalue version="1.0" type="product"><level name="productline" id="ARCHDESK"><level name="release" id="2027"><level name="master" id="{28B89EEE-A104-0000-5102-CF3F3A09B77D}"><level name="build" id="8.9.46.0"/></level></level></level></upivalue>
<upivalue version="1.0" type="product"><level name="productline" id="ACD"><level name="release" id="2027"><level name="master" id="{28B89EEF-A101-0000-0102-CF3F3A09B77D}"><level name="build" id="26.0.118.0.0"/></level></level></level></upivalue>
</upipackage> (maxCount 1)
[09/02/26 11:47:10] info     set legacy options: /APPICON "C:\Program Files\Autodesk\AutoCAD 2027\AcBrandRes.dll" /APPICONID 1
[09/02/26 11:47:10] info     Setting key RP/AppIcon, value C:\Program Files\Autodesk\AutoCAD 2027\AcBrandRes.dll (maxCount 1)
[09/02/26 11:47:10] info     Setting key RP/AppIconId, value 1 (maxCount 1)
[09/02/26 11:47:10] info     Setting key RP/CadSettingsRegPath, value Software\Autodesk\AutoCAD\R26.0\ACAD-A101:409\CadManagerControl\CustomerErrorReport (maxCount 1)
[09/02/26 11:47:10] info     Setting key RP/AppLocaleId, value 1033 (maxCount 1)
[09/02/26 11:47:10] info     Setting key RP/AppXML, value <ProductInformation name ="AutoCAD" build_version="X.118.0.0(x64)" registry_version="26.0" install_id_string="ACAD-A101:409" registry_localeID="1033" git_commit_id="2c19eb970fc25f5e380f0bd3736f8ba9103aade4" /> (maxCount 100)
[09/02/26 11:47:10] info     Setting key SP/THEME_TYPE, value Blue (maxCount 1)
[09/02/26 11:47:10] info     Setting key SP/EXCEPTION_INFO_POINTER, value 140726055306520 (maxCount 1)
[09/02/26 11:47:10] info     Setting key SP/THREAD_ID, value 4294967295 (maxCount 1)
[09/02/26 11:47:10] info     Get key SP/THREAD_ID, index 0: "4294967295"
[09/02/26 11:47:10] info     Setting key SP/WER, value 0 (maxCount 1)
[09/02/26 11:47:10] info     Get key SP/WER, index 0: "0"
[09/02/26 11:47:10] info     Registered C:\Program Files\Autodesk\AutoCAD 2027\cer.dll as WER runtime exception module
[09/02/26 11:47:10] info     Current ErrorMode is 32769
[09/02/26 11:47:10] debug    Receiver ping: pong
[09/02/26 11:47:11] info     Setting key RP/Headless, value 1 (maxCount 1)
[09/02/26 11:47:12] info     ================= cer stopped =================
[09/02/26 11:49:11] info     ================= cer started =================
[09/02/26 11:49:11] info     C:\Program Files\Autodesk\AutoCAD 2027\cer.dll, 7.2.4+20251128.8f05bb68.927
[09/02/26 11:49:11] info     Setting key SP/SDK_VERSION, value 7.2.4+20251128.8f05bb68.927 (maxCount 1)
[09/02/26 11:49:11] info     Setting key SP/PRODUCT_NAME_HASH, value 9d6767a77b9d2cce90e03082e1302957689eeac5 (maxCount 1)
[09/02/26 11:49:11] info     Setting key SP/RUNTIME_ARCH, value 1 (maxCount 1)
[09/02/26 11:49:11] info     Set senddmp exe path to C:\Program Files\Autodesk\AutoCAD 2027\CER\senddmp.exe
[09/02/26 11:49:11] info     The cer_service exe C:\Program Files\Autodesk\AutoCAD 2027\CER\service\cer_service.exe is not in folder C:\Program Files\Autodesk\AutoCAD 2027\CER\, it's not a sandbox
[09/02/26 11:49:11] info     Set upi exe path to C:\Program Files\Autodesk\AutoCAD 2027\CER\upi.exe
[09/02/26 11:49:11] info     launching C:\Program Files\Autodesk\AutoCAD 2027\CER\upi.exe --cmd=get-device-id C:\Users\PadXAutoman\AppData\Local\Temp\3\upi_deviceid2
[09/02/26 11:49:11] info     Set deviceID2 to E0980AAE6AED663DCD5E319A495325326BBB7E230497E3E7A688257D5161810C&E78156892A1577BCC8ECA22DE8BDD2ACC3DBA494148FF651DD4CD9294238EEC2&EF8EC29B7F9BDFCB7E48CD68912908B19E16A31DC4691909E40C1617F97C9B38
[09/02/26 11:49:11] info     Setting key SP/DEVICEID2, value E0980AAE6AED663DCD5E319A495325326BBB7E230497E3E7A688257D5161810C&E78156892A1577BCC8ECA22DE8BDD2ACC3DBA494148FF651DD4CD9294238EEC2&EF8EC29B7F9BDFCB7E48CD68912908B19E16A31DC4691909E40C1617F97C9B38 (maxCount 1)
[09/02/26 11:49:11] info     Setting key SP/UUID, value 9d6767a77b9d2cce90e03082e1302957689eeac5E0980AAE6AED663DCD5E319A495325326BBB7E230497E3E7A688257D5161810C&E78156892A1577BCC8ECA22DE8BDD2ACC3DBA494148FF651DD4CD9294238EEC2&EF8EC29B7F9BDFCB7E48CD68912908B19E16A31DC4691909E40C1617F97C9B38 (maxCount 1)
[09/02/26 11:49:11] info     Set senddmp exe path to C:\Program Files\Autodesk\AutoCAD 2027\CER\senddmp.exe
[09/02/26 11:49:11] info     The cer_service exe C:\Program Files\Autodesk\AutoCAD 2027\CER\service\cer_service.exe is not in folder C:\Program Files\Autodesk\AutoCAD 2027\CER\, it's not a sandbox
[09/02/26 11:49:11] info     launching C:\Program Files\Autodesk\AutoCAD 2027\CER\upi.exe "C:\Program Files\Autodesk\AutoCAD 2027\en-US\UPI\upiconfig.xml" C:\Users\PadXAutoman\AppData\Local\Temp\3\upi_info.xml
[09/02/26 11:49:11] info     Setting key SP/UPI_PRODUCT, value ACD (maxCount 1)
[09/02/26 11:49:11] info     Setting key SP/UPI_RELEASE, value 2027 (maxCount 1)
[09/02/26 11:49:11] info     Setting key SP/UPI_MASTER, value {28B89EEF-A101-0409-2102-CF3F3A09B77D} (maxCount 1)
[09/02/26 11:49:11] info     Setting key SP/UPI_BUILD, value 26.0.118.0.0 (maxCount 1)
[09/02/26 11:49:11] info     Setting key SP/UPI_FULL_XML, value <?xml version="1.0"?><upipackage><upivalue version="1.0" type="product" requestingapp="true"><level name="productline" id="ACD"><level name="release" id="2027"><level name="master" id="{28B89EEF-A101-0409-2102-CF3F3A09B77D}"><level name="build" id="26.0.118.0.0"/></level></level></level></upivalue>
<upivalue version="1.0" type="product"><level name="productline" id="ACD"><level name="release" id="2027"><level name="master" id="{28B89EEF-A101-0409-1102-CF3F3A09B77D}"><level name="build" id="26.0.118.0.0"/></level></level></level></upivalue>
<upivalue version="1.0" type="product"><level name="productline" id="ARCHDESK"><level name="release" id="2027"><level name="master" id="{28B89EEE-A104-0000-5102-CF3F3A09B77D}"><level name="build" id="8.9.46.0"/></level></level></level></upivalue>
<upivalue version="1.0" type="product"><level name="productline" id="ACD"><level name="release" id="2027"><level name="master" id="{28B89EEF-A101-0000-0102-CF3F3A09B77D}"><level name="build" id="26.0.118.0.0"/></level></level></level></upivalue>
</upipackage> (maxCount 1)
[09/02/26 11:49:11] info     set legacy options: /APPICON "C:\Program Files\Autodesk\AutoCAD 2027\AcBrandRes.dll" /APPICONID 1
[09/02/26 11:49:11] info     Setting key RP/AppIcon, value C:\Program Files\Autodesk\AutoCAD 2027\AcBrandRes.dll (maxCount 1)
[09/02/26 11:49:11] info     Setting key RP/AppIconId, value 1 (maxCount 1)
[09/02/26 11:49:11] info     Setting key RP/CadSettingsRegPath, value Software\Autodesk\AutoCAD\R26.0\ACAD-A101:409\CadManagerControl\CustomerErrorReport (maxCount 1)
[09/02/26 11:49:11] info     Setting key RP/AppLocaleId, value 1033 (maxCount 1)
[09/02/26 11:49:11] info     Setting key RP/AppXML, value <ProductInformation name ="AutoCAD" build_version="X.118.0.0(x64)" registry_version="26.0" install_id_string="ACAD-A101:409" registry_localeID="1033" git_commit_id="2c19eb970fc25f5e380f0bd3736f8ba9103aade4" /> (maxCount 100)
[09/02/26 11:49:11] info     Setting key SP/THEME_TYPE, value Blue (maxCount 1)
[09/02/26 11:49:11] info     Setting key SP/EXCEPTION_INFO_POINTER, value 140725114275096 (maxCount 1)
[09/02/26 11:49:11] info     Setting key SP/THREAD_ID, value 4294967295 (maxCount 1)
[09/02/26 11:49:11] info     Get key SP/THREAD_ID, index 0: "4294967295"
[09/02/26 11:49:11] info     Setting key SP/WER, value 0 (maxCount 1)
[09/02/26 11:49:11] info     Get key SP/WER, index 0: "0"
[09/02/26 11:49:11] info     Registered C:\Program Files\Autodesk\AutoCAD 2027\cer.dll as WER runtime exception module
[09/02/26 11:49:11] info     Current ErrorMode is 32769
[09/02/26 11:49:11] debug    Receiver ping: pong
[09/02/26 11:49:14] info     Setting key RP/Headless, value 1 (maxCount 1)
[09/02/26 11:49:14] info     ================= cer stopped =================
[09/02/26 11:56:35] info     ================= cer started =================
[09/02/26 11:56:35] info     C:\Program Files\Autodesk\AutoCAD 2027\cer.dll, 7.2.4+20251128.8f05bb68.927
[09/02/26 11:56:35] info     Setting key SP/SDK_VERSION, value 7.2.4+20251128.8f05bb68.927 (maxCount 1)
[09/02/26 11:56:35] info     Setting key SP/PRODUCT_NAME_HASH, value 9d6767a77b9d2cce90e03082e1302957689eeac5 (maxCount 1)
[09/02/26 11:56:35] info     Setting key SP/RUNTIME_ARCH, value 1 (maxCount 1)
[09/02/26 11:56:35] info     Set senddmp exe path to C:\Program Files\Autodesk\AutoCAD 2027\CER\senddmp.exe
[09/02/26 11:56:35] info     The cer_service exe C:\Program Files\Autodesk\AutoCAD 2027\CER\service\cer_service.exe is not in folder C:\Program Files\Autodesk\AutoCAD 2027\CER\, it's not a sandbox
[09/02/26 11:56:35] info     Set upi exe path to C:\Program Files\Autodesk\AutoCAD 2027\CER\upi.exe
[09/02/26 11:56:35] info     launching C:\Program Files\Autodesk\AutoCAD 2027\CER\upi.exe --cmd=get-device-id C:\Users\PadXAutoman\AppData\Local\Temp\3\upi_deviceid2
[09/02/26 11:56:35] info     Set deviceID2 to E0980AAE6AED663DCD5E319A495325326BBB7E230497E3E7A688257D5161810C&E78156892A1577BCC8ECA22DE8BDD2ACC3DBA494148FF651DD4CD9294238EEC2&EF8EC29B7F9BDFCB7E48CD68912908B19E16A31DC4691909E40C1617F97C9B38
[09/02/26 11:56:35] info     Setting key SP/DEVICEID2, value E0980AAE6AED663DCD5E319A495325326BBB7E230497E3E7A688257D5161810C&E78156892A1577BCC8ECA22DE8BDD2ACC3DBA494148FF651DD4CD9294238EEC2&EF8EC29B7F9BDFCB7E48CD68912908B19E16A31DC4691909E40C1617F97C9B38 (maxCount 1)
[09/02/26 11:56:35] info     Setting key SP/UUID, value 9d6767a77b9d2cce90e03082e1302957689eeac5E0980AAE6AED663DCD5E319A495325326BBB7E230497E3E7A688257D5161810C&E78156892A1577BCC8ECA22DE8BDD2ACC3DBA494148FF651DD4CD9294238EEC2&EF8EC29B7F9BDFCB7E48CD68912908B19E16A31DC4691909E40C1617F97C9B38 (maxCount 1)
[09/02/26 11:56:35] info     Set senddmp exe path to C:\Program Files\Autodesk\AutoCAD 2027\CER\senddmp.exe
[09/02/26 11:56:35] info     The cer_service exe C:\Program Files\Autodesk\AutoCAD 2027\CER\service\cer_service.exe is not in folder C:\Program Files\Autodesk\AutoCAD 2027\CER\, it's not a sandbox
[09/02/26 11:56:35] info     launching C:\Program Files\Autodesk\AutoCAD 2027\CER\upi.exe "C:\Program Files\Autodesk\AutoCAD 2027\en-US\UPI\upiconfig.xml" C:\Users\PadXAutoman\AppData\Local\Temp\3\upi_info.xml
[09/02/26 11:56:35] info     Setting key SP/UPI_PRODUCT, value ACD (maxCount 1)
[09/02/26 11:56:35] info     Setting key SP/UPI_RELEASE, value 2027 (maxCount 1)
[09/02/26 11:56:35] info     Setting key SP/UPI_MASTER, value {28B89EEF-A101-0409-2102-CF3F3A09B77D} (maxCount 1)
[09/02/26 11:56:35] info     Setting key SP/UPI_BUILD, value 26.0.118.0.0 (maxCount 1)
[09/02/26 11:56:35] info     Setting key SP/UPI_FULL_XML, value <?xml version="1.0"?><upipackage><upivalue version="1.0" type="product" requestingapp="true"><level name="productline" id="ACD"><level name="release" id="2027"><level name="master" id="{28B89EEF-A101-0409-2102-CF3F3A09B77D}"><level name="build" id="26.0.118.0.0"/></level></level></level></upivalue>
<upivalue version="1.0" type="product"><level name="productline" id="ACD"><level name="release" id="2027"><level name="master" id="{28B89EEF-A101-0409-1102-CF3F3A09B77D}"><level name="build" id="26.0.118.0.0"/></level></level></level></upivalue>
<upivalue version="1.0" type="product"><level name="productline" id="ARCHDESK"><level name="release" id="2027"><level name="master" id="{28B89EEE-A104-0000-5102-CF3F3A09B77D}"><level name="build" id="8.9.46.0"/></level></level></level></upivalue>
<upivalue version="1.0" type="product"><level name="productline" id="ACD"><level name="release" id="2027"><level name="master" id="{28B89EEF-A101-0000-0102-CF3F3A09B77D}"><level name="build" id="26.0.118.0.0"/></level></level></level></upivalue>
</upipackage> (maxCount 1)
[09/02/26 11:56:35] info     set legacy options: /APPICON "C:\Program Files\Autodesk\AutoCAD 2027\AcBrandRes.dll" /APPICONID 1
[09/02/26 11:56:35] info     Setting key RP/AppIcon, value C:\Program Files\Autodesk\AutoCAD 2027\AcBrandRes.dll (maxCount 1)
[09/02/26 11:56:35] info     Setting key RP/AppIconId, value 1 (maxCount 1)
[09/02/26 11:56:35] info     Setting key RP/CadSettingsRegPath, value Software\Autodesk\AutoCAD\R26.0\ACAD-A101:409\CadManagerControl\CustomerErrorReport (maxCount 1)
[09/02/26 11:56:35] info     Setting key RP/AppLocaleId, value 1033 (maxCount 1)
[09/02/26 11:56:35] info     Setting key RP/AppXML, value <ProductInformation name ="AutoCAD" build_version="X.118.0.0(x64)" registry_version="26.0" install_id_string="ACAD-A101:409" registry_localeID="1033" git_commit_id="2c19eb970fc25f5e380f0bd3736f8ba9103aade4" /> (maxCount 100)
[09/02/26 11:56:35] info     Setting key SP/THEME_TYPE, value Blue (maxCount 1)
[09/02/26 11:56:35] info     Setting key SP/EXCEPTION_INFO_POINTER, value 140725451785496 (maxCount 1)
[09/02/26 11:56:35] info     Setting key SP/THREAD_ID, value 4294967295 (maxCount 1)
[09/02/26 11:56:35] info     Get key SP/THREAD_ID, index 0: "4294967295"
[09/02/26 11:56:35] info     Setting key SP/WER, value 0 (maxCount 1)
[09/02/26 11:56:35] info     Get key SP/WER, index 0: "0"
[09/02/26 11:56:35] info     Registered C:\Program Files\Autodesk\AutoCAD 2027\cer.dll as WER runtime exception module
[09/02/26 11:56:35] info     Current ErrorMode is 32769
[09/02/26 11:56:35] debug    Receiver ping: pong
[09/02/26 11:56:39] info     Setting key RP/Headless, value 1 (maxCount 1)
[09/02/26 11:56:40] info     ================= cer stopped =================
[09/02/26 12:00:04] info     ================= cer started =================
[09/02/26 12:00:04] info     C:\Program Files\Autodesk\AutoCAD 2027\cer.dll, 7.2.4+20251128.8f05bb68.927
[09/02/26 12:00:04] info     Setting key SP/SDK_VERSION, value 7.2.4+20251128.8f05bb68.927 (maxCount 1)
[09/02/26 12:00:04] info     Setting key SP/PRODUCT_NAME_HASH, value 9d6767a77b9d2cce90e03082e1302957689eeac5 (maxCount 1)
[09/02/26 12:00:04] info     Setting key SP/RUNTIME_ARCH, value 1 (maxCount 1)
[09/02/26 12:00:04] info     Set senddmp exe path to C:\Program Files\Autodesk\AutoCAD 2027\CER\senddmp.exe
[09/02/26 12:00:04] info     The cer_service exe C:\Program Files\Autodesk\AutoCAD 2027\CER\service\cer_service.exe is not in folder C:\Program Files\Autodesk\AutoCAD 2027\CER\, it's not a sandbox
[09/02/26 12:00:04] info     Set upi exe path to C:\Program Files\Autodesk\AutoCAD 2027\CER\upi.exe
[09/02/26 12:00:04] info     launching C:\Program Files\Autodesk\AutoCAD 2027\CER\upi.exe --cmd=get-device-id C:\Users\PadXAutoman\AppData\Local\Temp\3\upi_deviceid2
[09/02/26 12:00:04] info     Set deviceID2 to E0980AAE6AED663DCD5E319A495325326BBB7E230497E3E7A688257D5161810C&E78156892A1577BCC8ECA22DE8BDD2ACC3DBA494148FF651DD4CD9294238EEC2&EF8EC29B7F9BDFCB7E48CD68912908B19E16A31DC4691909E40C1617F97C9B38
[09/02/26 12:00:04] info     Setting key SP/DEVICEID2, value E0980AAE6AED663DCD5E319A495325326BBB7E230497E3E7A688257D5161810C&E78156892A1577BCC8ECA22DE8BDD2ACC3DBA494148FF651DD4CD9294238EEC2&EF8EC29B7F9BDFCB7E48CD68912908B19E16A31DC4691909E40C1617F97C9B38 (maxCount 1)
[09/02/26 12:00:04] info     Setting key SP/UUID, value 9d6767a77b9d2cce90e03082e1302957689eeac5E0980AAE6AED663DCD5E319A495325326BBB7E230497E3E7A688257D5161810C&E78156892A1577BCC8ECA22DE8BDD2ACC3DBA494148FF651DD4CD9294238EEC2&EF8EC29B7F9BDFCB7E48CD68912908B19E16A31DC4691909E40C1617F97C9B38 (maxCount 1)
[09/02/26 12:00:04] info     Set senddmp exe path to C:\Program Files\Autodesk\AutoCAD 2027\CER\senddmp.exe
[09/02/26 12:00:04] info     The cer_service exe C:\Program Files\Autodesk\AutoCAD 2027\CER\service\cer_service.exe is not in folder C:\Program Files\Autodesk\AutoCAD 2027\CER\, it's not a sandbox
[09/02/26 12:00:04] info     launching C:\Program Files\Autodesk\AutoCAD 2027\CER\upi.exe "C:\Program Files\Autodesk\AutoCAD 2027\en-US\UPI\upiconfig.xml" C:\Users\PadXAutoman\AppData\Local\Temp\3\upi_info.xml
[09/02/26 12:00:05] info     Setting key SP/UPI_PRODUCT, value ACD (maxCount 1)
[09/02/26 12:00:05] info     Setting key SP/UPI_RELEASE, value 2027 (maxCount 1)
[09/02/26 12:00:05] info     Setting key SP/UPI_MASTER, value {28B89EEF-A101-0409-2102-CF3F3A09B77D} (maxCount 1)
[09/02/26 12:00:05] info     Setting key SP/UPI_BUILD, value 26.0.118.0.0 (maxCount 1)
[09/02/26 12:00:05] info     Setting key SP/UPI_FULL_XML, value <?xml version="1.0"?><upipackage><upivalue version="1.0" type="product" requestingapp="true"><level name="productline" id="ACD"><level name="release" id="2027"><level name="master" id="{28B89EEF-A101-0409-2102-CF3F3A09B77D}"><level name="build" id="26.0.118.0.0"/></level></level></level></upivalue>
<upivalue version="1.0" type="product"><level name="productline" id="ACD"><level name="release" id="2027"><level name="master" id="{28B89EEF-A101-0409-1102-CF3F3A09B77D}"><level name="build" id="26.0.118.0.0"/></level></level></level></upivalue>
<upivalue version="1.0" type="product"><level name="productline" id="ARCHDESK"><level name="release" id="2027"><level name="master" id="{28B89EEE-A104-0000-5102-CF3F3A09B77D}"><level name="build" id="8.9.46.0"/></level></level></level></upivalue>
<upivalue version="1.0" type="product"><level name="productline" id="ACD"><level name="release" id="2027"><level name="master" id="{28B89EEF-A101-0000-0102-CF3F3A09B77D}"><level name="build" id="26.0.118.0.0"/></level></level></level></upivalue>
</upipackage> (maxCount 1)
[09/02/26 12:00:05] info     set legacy options: /APPICON "C:\Program Files\Autodesk\AutoCAD 2027\AcBrandRes.dll" /APPICONID 1
[09/02/26 12:00:05] info     Setting key RP/AppIcon, value C:\Program Files\Autodesk\AutoCAD 2027\AcBrandRes.dll (maxCount 1)
[09/02/26 12:00:05] info     Setting key RP/AppIconId, value 1 (maxCount 1)
[09/02/26 12:00:05] info     Setting key RP/CadSettingsRegPath, value Software\Autodesk\AutoCAD\R26.0\ACAD-A101:409\CadManagerControl\CustomerErrorReport (maxCount 1)
[09/02/26 12:00:05] info     Setting key RP/AppLocaleId, value 1033 (maxCount 1)
[09/02/26 12:00:05] info     Setting key RP/AppXML, value <ProductInformation name ="AutoCAD" build_version="X.118.0.0(x64)" registry_version="26.0" install_id_string="ACAD-A101:409" registry_localeID="1033" git_commit_id="2c19eb970fc25f5e380f0bd3736f8ba9103aade4" /> (maxCount 100)
[09/02/26 12:00:05] info     Setting key SP/THEME_TYPE, value Blue (maxCount 1)
[09/02/26 12:00:05] info     Setting key SP/EXCEPTION_INFO_POINTER, value 140725451785496 (maxCount 1)
[09/02/26 12:00:05] info     Setting key SP/THREAD_ID, value 4294967295 (maxCount 1)
[09/02/26 12:00:05] info     Get key SP/THREAD_ID, index 0: "4294967295"
[09/02/26 12:00:05] info     Setting key SP/WER, value 0 (maxCount 1)
[09/02/26 12:00:05] info     Get key SP/WER, index 0: "0"
[09/02/26 12:00:05] info     Registered C:\Program Files\Autodesk\AutoCAD 2027\cer.dll as WER runtime exception module
[09/02/26 12:00:05] info     Current ErrorMode is 32769
[09/02/26 12:00:05] debug    Receiver ping: pong
[09/02/26 12:00:07] info     Setting key RP/Headless, value 1 (maxCount 1)
[09/02/26 12:00:07] info     ================= cer stopped =================
[09/02/26 12:13:11] info     ================= cer started =================
[09/02/26 12:13:11] info     C:\Program Files\Autodesk\AutoCAD 2027\cer.dll, 7.2.4+20251128.8f05bb68.927
[09/02/26 12:13:11] info     Setting key SP/SDK_VERSION, value 7.2.4+20251128.8f05bb68.927 (maxCount 1)
[09/02/26 12:13:11] info     Setting key SP/PRODUCT_NAME_HASH, value 9d6767a77b9d2cce90e03082e1302957689eeac5 (maxCount 1)
[09/02/26 12:13:11] info     Setting key SP/RUNTIME_ARCH, value 1 (maxCount 1)
[09/02/26 12:13:11] info     Set senddmp exe path to C:\Program Files\Autodesk\AutoCAD 2027\CER\senddmp.exe
[09/02/26 12:13:11] info     The cer_service exe C:\Program Files\Autodesk\AutoCAD 2027\CER\service\cer_service.exe is not in folder C:\Program Files\Autodesk\AutoCAD 2027\CER\, it's not a sandbox
[09/02/26 12:13:11] info     Set upi exe path to C:\Program Files\Autodesk\AutoCAD 2027\CER\upi.exe
[09/02/26 12:13:11] info     launching C:\Program Files\Autodesk\AutoCAD 2027\CER\upi.exe --cmd=get-device-id C:\Users\PadXAutoman\AppData\Local\Temp\3\upi_deviceid2
[09/02/26 12:13:13] info     Set deviceID2 to E0980AAE6AED663DCD5E319A495325326BBB7E230497E3E7A688257D5161810C&E78156892A1577BCC8ECA22DE8BDD2ACC3DBA494148FF651DD4CD9294238EEC2&EF8EC29B7F9BDFCB7E48CD68912908B19E16A31DC4691909E40C1617F97C9B38
[09/02/26 12:13:13] info     Setting key SP/DEVICEID2, value E0980AAE6AED663DCD5E319A495325326BBB7E230497E3E7A688257D5161810C&E78156892A1577BCC8ECA22DE8BDD2ACC3DBA494148FF651DD4CD9294238EEC2&EF8EC29B7F9BDFCB7E48CD68912908B19E16A31DC4691909E40C1617F97C9B38 (maxCount 1)
[09/02/26 12:13:13] info     Setting key SP/UUID, value 9d6767a77b9d2cce90e03082e1302957689eeac5E0980AAE6AED663DCD5E319A495325326BBB7E230497E3E7A688257D5161810C&E78156892A1577BCC8ECA22DE8BDD2ACC3DBA494148FF651DD4CD9294238EEC2&EF8EC29B7F9BDFCB7E48CD68912908B19E16A31DC4691909E40C1617F97C9B38 (maxCount 1)
[09/02/26 12:13:13] info     Set senddmp exe path to C:\Program Files\Autodesk\AutoCAD 2027\CER\senddmp.exe
[09/02/26 12:13:13] info     The cer_service exe C:\Program Files\Autodesk\AutoCAD 2027\CER\service\cer_service.exe is not in folder C:\Program Files\Autodesk\AutoCAD 2027\CER\, it's not a sandbox
[09/02/26 12:13:13] info     launching C:\Program Files\Autodesk\AutoCAD 2027\CER\upi.exe "C:\Program Files\Autodesk\AutoCAD 2027\en-US\UPI\upiconfig.xml" C:\Users\PadXAutoman\AppData\Local\Temp\3\upi_info.xml
[09/02/26 12:13:13] info     Setting key SP/UPI_PRODUCT, value ACD (maxCount 1)
[09/02/26 12:13:13] info     Setting key SP/UPI_RELEASE, value 2027 (maxCount 1)
[09/02/26 12:13:13] info     Setting key SP/UPI_MASTER, value {28B89EEF-A101-0409-2102-CF3F3A09B77D} (maxCount 1)
[09/02/26 12:13:13] info     Setting key SP/UPI_BUILD, value 26.0.118.0.0 (maxCount 1)
[09/02/26 12:13:13] info     Setting key SP/UPI_FULL_XML, value <?xml version="1.0"?><upipackage><upivalue version="1.0" type="product" requestingapp="true"><level name="productline" id="ACD"><level name="release" id="2027"><level name="master" id="{28B89EEF-A101-0409-2102-CF3F3A09B77D}"><level name="build" id="26.0.118.0.0"/></level></level></level></upivalue>
<upivalue version="1.0" type="product"><level name="productline" id="ACD"><level name="release" id="2027"><level name="master" id="{28B89EEF-A101-0409-1102-CF3F3A09B77D}"><level name="build" id="26.0.118.0.0"/></level></level></level></upivalue>
<upivalue version="1.0" type="product"><level name="productline" id="ARCHDESK"><level name="release" id="2027"><level name="master" id="{28B89EEE-A104-0000-5102-CF3F3A09B77D}"><level name="build" id="8.9.46.0"/></level></level></level></upivalue>
<upivalue version="1.0" type="product"><level name="productline" id="ACD"><level name="release" id="2027"><level name="master" id="{28B89EEF-A101-0000-0102-CF3F3A09B77D}"><level name="build" id="26.0.118.0.0"/></level></level></level></upivalue>
</upipackage> (maxCount 1)
[09/02/26 12:13:13] info     set legacy options: /APPICON "C:\Program Files\Autodesk\AutoCAD 2027\AcBrandRes.dll" /APPICONID 1
[09/02/26 12:13:13] info     Setting key RP/AppIcon, value C:\Program Files\Autodesk\AutoCAD 2027\AcBrandRes.dll (maxCount 1)
[09/02/26 12:13:13] info     Setting key RP/AppIconId, value 1 (maxCount 1)
[09/02/26 12:13:13] info     Setting key RP/CadSettingsRegPath, value Software\Autodesk\AutoCAD\R26.0\ACAD-A101:409\CadManagerControl\CustomerErrorReport (maxCount 1)
[09/02/26 12:13:13] info     Setting key RP/AppLocaleId, value 1033 (maxCount 1)
[09/02/26 12:13:13] info     Setting key RP/AppXML, value <ProductInformation name ="AutoCAD" build_version="X.118.0.0(x64)" registry_version="26.0" install_id_string="ACAD-A101:409" registry_localeID="1033" git_commit_id="2c19eb970fc25f5e380f0bd3736f8ba9103aade4" /> (maxCount 100)
[09/02/26 12:13:13] info     Setting key SP/THEME_TYPE, value Blue (maxCount 1)
[09/02/26 12:13:13] info     Setting key SP/EXCEPTION_INFO_POINTER, value 140725492024600 (maxCount 1)
[09/02/26 12:13:13] info     Setting key SP/THREAD_ID, value 4294967295 (maxCount 1)
[09/02/26 12:13:13] info     Get key SP/THREAD_ID, index 0: "4294967295"
[09/02/26 12:13:13] info     Setting key SP/WER, value 0 (maxCount 1)
[09/02/26 12:13:13] info     Get key SP/WER, index 0: "0"
[09/02/26 12:13:13] info     Registered C:\Program Files\Autodesk\AutoCAD 2027\cer.dll as WER runtime exception module
[09/02/26 12:13:13] info     Current ErrorMode is 32769
[09/02/26 12:13:13] debug    Receiver ping: pong
[09/02/26 12:13:18] info     Setting key RP/Headless, value 1 (maxCount 1)
[09/02/26 12:13:19] info     ================= cer stopped =================
[09/02/26 12:15:28] info     ================= cer started =================
[09/02/26 12:15:28] info     C:\Program Files\Autodesk\AutoCAD 2027\cer.dll, 7.2.4+20251128.8f05bb68.927
[09/02/26 12:15:28] info     Setting key SP/SDK_VERSION, value 7.2.4+20251128.8f05bb68.927 (maxCount 1)
[09/02/26 12:15:28] info     Setting key SP/PRODUCT_NAME_HASH, value 9d6767a77b9d2cce90e03082e1302957689eeac5 (maxCount 1)
[09/02/26 12:15:28] info     Setting key SP/RUNTIME_ARCH, value 1 (maxCount 1)
[09/02/26 12:15:28] info     Set senddmp exe path to C:\Program Files\Autodesk\AutoCAD 2027\CER\senddmp.exe
[09/02/26 12:15:28] info     The cer_service exe C:\Program Files\Autodesk\AutoCAD 2027\CER\service\cer_service.exe is not in folder C:\Program Files\Autodesk\AutoCAD 2027\CER\, it's not a sandbox
[09/02/26 12:15:28] info     Set upi exe path to C:\Program Files\Autodesk\AutoCAD 2027\CER\upi.exe
[09/02/26 12:15:28] info     launching C:\Program Files\Autodesk\AutoCAD 2027\CER\upi.exe --cmd=get-device-id C:\Users\PadXAutoman\AppData\Local\Temp\3\upi_deviceid2
[09/02/26 12:15:29] info     Set deviceID2 to E0980AAE6AED663DCD5E319A495325326BBB7E230497E3E7A688257D5161810C&E78156892A1577BCC8ECA22DE8BDD2ACC3DBA494148FF651DD4CD9294238EEC2&EF8EC29B7F9BDFCB7E48CD68912908B19E16A31DC4691909E40C1617F97C9B38
[09/02/26 12:15:29] info     Setting key SP/DEVICEID2, value E0980AAE6AED663DCD5E319A495325326BBB7E230497E3E7A688257D5161810C&E78156892A1577BCC8ECA22DE8BDD2ACC3DBA494148FF651DD4CD9294238EEC2&EF8EC29B7F9BDFCB7E48CD68912908B19E16A31DC4691909E40C1617F97C9B38 (maxCount 1)
[09/02/26 12:15:29] info     Setting key SP/UUID, value 9d6767a77b9d2cce90e03082e1302957689eeac5E0980AAE6AED663DCD5E319A495325326BBB7E230497E3E7A688257D5161810C&E78156892A1577BCC8ECA22DE8BDD2ACC3DBA494148FF651DD4CD9294238EEC2&EF8EC29B7F9BDFCB7E48CD68912908B19E16A31DC4691909E40C1617F97C9B38 (maxCount 1)
[09/02/26 12:15:29] info     Set senddmp exe path to C:\Program Files\Autodesk\AutoCAD 2027\CER\senddmp.exe
[09/02/26 12:15:29] info     The cer_service exe C:\Program Files\Autodesk\AutoCAD 2027\CER\service\cer_service.exe is not in folder C:\Program Files\Autodesk\AutoCAD 2027\CER\, it's not a sandbox
[09/02/26 12:15:29] info     launching C:\Program Files\Autodesk\AutoCAD 2027\CER\upi.exe "C:\Program Files\Autodesk\AutoCAD 2027\en-US\UPI\upiconfig.xml" C:\Users\PadXAutoman\AppData\Local\Temp\3\upi_info.xml
[09/02/26 12:15:29] info     Setting key SP/UPI_PRODUCT, value ACD (maxCount 1)
[09/02/26 12:15:29] info     Setting key SP/UPI_RELEASE, value 2027 (maxCount 1)
[09/02/26 12:15:29] info     Setting key SP/UPI_MASTER, value {28B89EEF-A101-0409-2102-CF3F3A09B77D} (maxCount 1)
[09/02/26 12:15:29] info     Setting key SP/UPI_BUILD, value 26.0.118.0.0 (maxCount 1)
[09/02/26 12:15:29] info     Setting key SP/UPI_FULL_XML, value <?xml version="1.0"?><upipackage><upivalue version="1.0" type="product" requestingapp="true"><level name="productline" id="ACD"><level name="release" id="2027"><level name="master" id="{28B89EEF-A101-0409-2102-CF3F3A09B77D}"><level name="build" id="26.0.118.0.0"/></level></level></level></upivalue>
<upivalue version="1.0" type="product"><level name="productline" id="ACD"><level name="release" id="2027"><level name="master" id="{28B89EEF-A101-0409-1102-CF3F3A09B77D}"><level name="build" id="26.0.118.0.0"/></level></level></level></upivalue>
<upivalue version="1.0" type="product"><level name="productline" id="ARCHDESK"><level name="release" id="2027"><level name="master" id="{28B89EEE-A104-0000-5102-CF3F3A09B77D}"><level name="build" id="8.9.46.0"/></level></level></level></upivalue>
<upivalue version="1.0" type="product"><level name="productline" id="ACD"><level name="release" id="2027"><level name="master" id="{28B89EEF-A101-0000-0102-CF3F3A09B77D}"><level name="build" id="26.0.118.0.0"/></level></level></level></upivalue>
</upipackage> (maxCount 1)
[09/02/26 12:15:29] info     set legacy options: /APPICON "C:\Program Files\Autodesk\AutoCAD 2027\AcBrandRes.dll" /APPICONID 1
[09/02/26 12:15:29] info     Setting key RP/AppIcon, value C:\Program Files\Autodesk\AutoCAD 2027\AcBrandRes.dll (maxCount 1)
[09/02/26 12:15:29] info     Setting key RP/AppIconId, value 1 (maxCount 1)
[09/02/26 12:15:29] info     Setting key RP/CadSettingsRegPath, value Software\Autodesk\AutoCAD\R26.0\ACAD-A101:409\CadManagerControl\CustomerErrorReport (maxCount 1)
[09/02/26 12:15:29] info     Setting key RP/AppLocaleId, value 1033 (maxCount 1)
[09/02/26 12:15:29] info     Setting key RP/AppXML, value <ProductInformation name ="AutoCAD" build_version="X.118.0.0(x64)" registry_version="26.0" install_id_string="ACAD-A101:409" registry_localeID="1033" git_commit_id="2c19eb970fc25f5e380f0bd3736f8ba9103aade4" /> (maxCount 100)
[09/02/26 12:15:29] info     Setting key SP/THEME_TYPE, value Blue (maxCount 1)
[09/02/26 12:15:29] info     Setting key SP/EXCEPTION_INFO_POINTER, value 140725452047640 (maxCount 1)
[09/02/26 12:15:29] info     Setting key SP/THREAD_ID, value 4294967295 (maxCount 1)
[09/02/26 12:15:29] info     Get key SP/THREAD_ID, index 0: "4294967295"
[09/02/26 12:15:29] info     Setting key SP/WER, value 0 (maxCount 1)
[09/02/26 12:15:29] info     Get key SP/WER, index 0: "0"
[09/02/26 12:15:29] info     Registered C:\Program Files\Autodesk\AutoCAD 2027\cer.dll as WER runtime exception module
[09/02/26 12:15:29] info     Current ErrorMode is 32769
[09/02/26 12:15:29] debug    Receiver ping: pong
[09/02/26 12:15:32] info     Setting key RP/Headless, value 1 (maxCount 1)
[09/02/26 12:15:32] info     ================= cer stopped =================
[09/02/26 12:16:54] info     ================= cer started =================
[09/02/26 12:16:54] info     C:\Program Files\Autodesk\AutoCAD 2027\cer.dll, 7.2.4+20251128.8f05bb68.927
[09/02/26 12:16:54] info     Setting key SP/SDK_VERSION, value 7.2.4+20251128.8f05bb68.927 (maxCount 1)
[09/02/26 12:16:54] info     Setting key SP/PRODUCT_NAME_HASH, value 9d6767a77b9d2cce90e03082e1302957689eeac5 (maxCount 1)
[09/02/26 12:16:54] info     Setting key SP/RUNTIME_ARCH, value 1 (maxCount 1)
[09/02/26 12:16:54] info     Set senddmp exe path to C:\Program Files\Autodesk\AutoCAD 2027\CER\senddmp.exe
[09/02/26 12:16:54] info     The cer_service exe C:\Program Files\Autodesk\AutoCAD 2027\CER\service\cer_service.exe is not in folder C:\Program Files\Autodesk\AutoCAD 2027\CER\, it's not a sandbox
[09/02/26 12:16:54] info     Set upi exe path to C:\Program Files\Autodesk\AutoCAD 2027\CER\upi.exe
[09/02/26 12:16:54] info     launching C:\Program Files\Autodesk\AutoCAD 2027\CER\upi.exe --cmd=get-device-id C:\Users\PadXAutoman\AppData\Local\Temp\3\upi_deviceid2
[09/02/26 12:16:54] info     Set deviceID2 to E0980AAE6AED663DCD5E319A495325326BBB7E230497E3E7A688257D5161810C&E78156892A1577BCC8ECA22DE8BDD2ACC3DBA494148FF651DD4CD9294238EEC2&EF8EC29B7F9BDFCB7E48CD68912908B19E16A31DC4691909E40C1617F97C9B38
[09/02/26 12:16:54] info     Setting key SP/DEVICEID2, value E0980AAE6AED663DCD5E319A495325326BBB7E230497E3E7A688257D5161810C&E78156892A1577BCC8ECA22DE8BDD2ACC3DBA494148FF651DD4CD9294238EEC2&EF8EC29B7F9BDFCB7E48CD68912908B19E16A31DC4691909E40C1617F97C9B38 (maxCount 1)
[09/02/26 12:16:54] info     Setting key SP/UUID, value 9d6767a77b9d2cce90e03082e1302957689eeac5E0980AAE6AED663DCD5E319A495325326BBB7E230497E3E7A688257D5161810C&E78156892A1577BCC8ECA22DE8BDD2ACC3DBA494148FF651DD4CD9294238EEC2&EF8EC29B7F9BDFCB7E48CD68912908B19E16A31DC4691909E40C1617F97C9B38 (maxCount 1)
[09/02/26 12:16:54] info     Set senddmp exe path to C:\Program Files\Autodesk\AutoCAD 2027\CER\senddmp.exe
[09/02/26 12:16:54] info     The cer_service exe C:\Program Files\Autodesk\AutoCAD 2027\CER\service\cer_service.exe is not in folder C:\Program Files\Autodesk\AutoCAD 2027\CER\, it's not a sandbox
[09/02/26 12:16:54] info     launching C:\Program Files\Autodesk\AutoCAD 2027\CER\upi.exe "C:\Program Files\Autodesk\AutoCAD 2027\en-US\UPI\upiconfig.xml" C:\Users\PadXAutoman\AppData\Local\Temp\3\upi_info.xml
[09/02/26 12:16:54] info     Setting key SP/UPI_PRODUCT, value ACD (maxCount 1)
[09/02/26 12:16:54] info     Setting key SP/UPI_RELEASE, value 2027 (maxCount 1)
[09/02/26 12:16:54] info     Setting key SP/UPI_MASTER, value {28B89EEF-A101-0409-2102-CF3F3A09B77D} (maxCount 1)
[09/02/26 12:16:54] info     Setting key SP/UPI_BUILD, value 26.0.118.0.0 (maxCount 1)
[09/02/26 12:16:54] info     Setting key SP/UPI_FULL_XML, value <?xml version="1.0"?><upipackage><upivalue version="1.0" type="product" requestingapp="true"><level name="productline" id="ACD"><level name="release" id="2027"><level name="master" id="{28B89EEF-A101-0409-2102-CF3F3A09B77D}"><level name="build" id="26.0.118.0.0"/></level></level></level></upivalue>
<upivalue version="1.0" type="product"><level name="productline" id="ACD"><level name="release" id="2027"><level name="master" id="{28B89EEF-A101-0409-1102-CF3F3A09B77D}"><level name="build" id="26.0.118.0.0"/></level></level></level></upivalue>
<upivalue version="1.0" type="product"><level name="productline" id="ARCHDESK"><level name="release" id="2027"><level name="master" id="{28B89EEE-A104-0000-5102-CF3F3A09B77D}"><level name="build" id="8.9.46.0"/></level></level></level></upivalue>
<upivalue version="1.0" type="product"><level name="productline" id="ACD"><level name="release" id="2027"><level name="master" id="{28B89EEF-A101-0000-0102-CF3F3A09B77D}"><level name="build" id="26.0.118.0.0"/></level></level></level></upivalue>
</upipackage> (maxCount 1)
[09/02/26 12:16:54] info     set legacy options: /APPICON "C:\Program Files\Autodesk\AutoCAD 2027\AcBrandRes.dll" /APPICONID 1
[09/02/26 12:16:54] info     Setting key RP/AppIcon, value C:\Program Files\Autodesk\AutoCAD 2027\AcBrandRes.dll (maxCount 1)
[09/02/26 12:16:54] info     Setting key RP/AppIconId, value 1 (maxCount 1)
[09/02/26 12:16:54] info     Setting key RP/CadSettingsRegPath, value Software\Autodesk\AutoCAD\R26.0\ACAD-A101:409\CadManagerControl\CustomerErrorReport (maxCount 1)
[09/02/26 12:16:54] info     Setting key RP/AppLocaleId, value 1033 (maxCount 1)
[09/02/26 12:16:54] info     Setting key RP/AppXML, value <ProductInformation name ="AutoCAD" build_version="X.118.0.0(x64)" registry_version="26.0" install_id_string="ACAD-A101:409" registry_localeID="1033" git_commit_id="2c19eb970fc25f5e380f0bd3736f8ba9103aade4" /> (maxCount 100)
[09/02/26 12:16:54] info     Setting key SP/THEME_TYPE, value Blue (maxCount 1)
[09/02/26 12:16:54] info     Setting key SP/EXCEPTION_INFO_POINTER, value 140725452047640 (maxCount 1)
[09/02/26 12:16:54] info     Setting key SP/THREAD_ID, value 4294967295 (maxCount 1)
[09/02/26 12:16:54] info     Get key SP/THREAD_ID, index 0: "4294967295"
[09/02/26 12:16:54] info     Setting key SP/WER, value 0 (maxCount 1)
[09/02/26 12:16:54] info     Get key SP/WER, index 0: "0"
[09/02/26 12:16:54] info     Registered C:\Program Files\Autodesk\AutoCAD 2027\cer.dll as WER runtime exception module
[09/02/26 12:16:54] info     Current ErrorMode is 32769
[09/02/26 12:16:54] debug    Receiver ping: pong
[09/02/26 12:16:56] info     Setting key RP/Headless, value 1 (maxCount 1)
[09/02/26 12:16:56] info     ================= cer stopped =================
[09/02/26 13:10:28] info     ================= cer started =================
[09/02/26 13:10:28] info     C:\Program Files\Autodesk\AutoCAD 2027\cer.dll, 7.2.4+20251128.8f05bb68.927
[09/02/26 13:10:28] info     Setting key SP/SDK_VERSION, value 7.2.4+20251128.8f05bb68.927 (maxCount 1)
[09/02/26 13:10:28] info     Setting key SP/PRODUCT_NAME_HASH, value 9d6767a77b9d2cce90e03082e1302957689eeac5 (maxCount 1)
[09/02/26 13:10:28] info     Setting key SP/RUNTIME_ARCH, value 1 (maxCount 1)
[09/02/26 13:10:28] info     Set senddmp exe path to C:\Program Files\Autodesk\AutoCAD 2027\CER\senddmp.exe
[09/02/26 13:10:28] info     The cer_service exe C:\Program Files\Autodesk\AutoCAD 2027\CER\service\cer_service.exe is not in folder C:\Program Files\Autodesk\AutoCAD 2027\CER\, it's not a sandbox
[09/02/26 13:10:28] info     Set upi exe path to C:\Program Files\Autodesk\AutoCAD 2027\CER\upi.exe
[09/02/26 13:10:28] info     launching C:\Program Files\Autodesk\AutoCAD 2027\CER\upi.exe --cmd=get-device-id C:\Users\PadXAutoman\AppData\Local\Temp\3\upi_deviceid2
[09/02/26 13:10:30] info     Set deviceID2 to E0980AAE6AED663DCD5E319A495325326BBB7E230497E3E7A688257D5161810C&E78156892A1577BCC8ECA22DE8BDD2ACC3DBA494148FF651DD4CD9294238EEC2&EF8EC29B7F9BDFCB7E48CD68912908B19E16A31DC4691909E40C1617F97C9B38
[09/02/26 13:10:30] info     Setting key SP/DEVICEID2, value E0980AAE6AED663DCD5E319A495325326BBB7E230497E3E7A688257D5161810C&E78156892A1577BCC8ECA22DE8BDD2ACC3DBA494148FF651DD4CD9294238EEC2&EF8EC29B7F9BDFCB7E48CD68912908B19E16A31DC4691909E40C1617F97C9B38 (maxCount 1)
[09/02/26 13:10:30] info     Setting key SP/UUID, value 9d6767a77b9d2cce90e03082e1302957689eeac5E0980AAE6AED663DCD5E319A495325326BBB7E230497E3E7A688257D5161810C&E78156892A1577BCC8ECA22DE8BDD2ACC3DBA494148FF651DD4CD9294238EEC2&EF8EC29B7F9BDFCB7E48CD68912908B19E16A31DC4691909E40C1617F97C9B38 (maxCount 1)
[09/02/26 13:10:30] info     Set senddmp exe path to C:\Program Files\Autodesk\AutoCAD 2027\CER\senddmp.exe
[09/02/26 13:10:30] info     The cer_service exe C:\Program Files\Autodesk\AutoCAD 2027\CER\service\cer_service.exe is not in folder C:\Program Files\Autodesk\AutoCAD 2027\CER\, it's not a sandbox
[09/02/26 13:10:30] info     launching C:\Program Files\Autodesk\AutoCAD 2027\CER\upi.exe "C:\Program Files\Autodesk\AutoCAD 2027\en-US\UPI\upiconfig.xml" C:\Users\PadXAutoman\AppData\Local\Temp\3\upi_info.xml
[09/02/26 13:10:30] info     Setting key SP/UPI_PRODUCT, value ACD (maxCount 1)
[09/02/26 13:10:30] info     Setting key SP/UPI_RELEASE, value 2027 (maxCount 1)
[09/02/26 13:10:30] info     Setting key SP/UPI_MASTER, value {28B89EEF-A101-0409-2102-CF3F3A09B77D} (maxCount 1)
[09/02/26 13:10:30] info     Setting key SP/UPI_BUILD, value 26.0.118.0.0 (maxCount 1)
[09/02/26 13:10:30] info     Setting key SP/UPI_FULL_XML, value <?xml version="1.0"?><upipackage><upivalue version="1.0" type="product" requestingapp="true"><level name="productline" id="ACD"><level name="release" id="2027"><level name="master" id="{28B89EEF-A101-0409-2102-CF3F3A09B77D}"><level name="build" id="26.0.118.0.0"/></level></level></level></upivalue>
<upivalue version="1.0" type="product"><level name="productline" id="ACD"><level name="release" id="2027"><level name="master" id="{28B89EEF-A101-0409-1102-CF3F3A09B77D}"><level name="build" id="26.0.118.0.0"/></level></level></level></upivalue>
<upivalue version="1.0" type="product"><level name="productline" id="ARCHDESK"><level name="release" id="2027"><level name="master" id="{28B89EEE-A104-0000-5102-CF3F3A09B77D}"><level name="build" id="8.9.46.0"/></level></level></level></upivalue>
<upivalue version="1.0" type="product"><level name="productline" id="ACD"><level name="release" id="2027"><level name="master" id="{28B89EEF-A101-0000-0102-CF3F3A09B77D}"><level name="build" id="26.0.118.0.0"/></level></level></level></upivalue>
</upipackage> (maxCount 1)
[09/02/26 13:10:30] info     set legacy options: /APPICON "C:\Program Files\Autodesk\AutoCAD 2027\AcBrandRes.dll" /APPICONID 1
[09/02/26 13:10:30] info     Setting key RP/AppIcon, value C:\Program Files\Autodesk\AutoCAD 2027\AcBrandRes.dll (maxCount 1)
[09/02/26 13:10:30] info     Setting key RP/AppIconId, value 1 (maxCount 1)
[09/02/26 13:10:30] info     Setting key RP/CadSettingsRegPath, value Software\Autodesk\AutoCAD\R26.0\ACAD-A101:409\CadManagerControl\CustomerErrorReport (maxCount 1)
[09/02/26 13:10:30] info     Setting key RP/AppLocaleId, value 1033 (maxCount 1)
[09/02/26 13:10:30] info     Setting key RP/AppXML, value <ProductInformation name ="AutoCAD" build_version="X.118.0.0(x64)" registry_version="26.0" install_id_string="ACAD-A101:409" registry_localeID="1033" git_commit_id="2c19eb970fc25f5e380f0bd3736f8ba9103aade4" /> (maxCount 100)
[09/02/26 13:10:30] info     Setting key SP/THEME_TYPE, value Blue (maxCount 1)
[09/02/26 13:10:30] info     Setting key SP/EXCEPTION_INFO_POINTER, value 140725452047640 (maxCount 1)
[09/02/26 13:10:30] info     Setting key SP/THREAD_ID, value 4294967295 (maxCount 1)
[09/02/26 13:10:30] info     Get key SP/THREAD_ID, index 0: "4294967295"
[09/02/26 13:10:30] info     Setting key SP/WER, value 0 (maxCount 1)
[09/02/26 13:10:30] info     Get key SP/WER, index 0: "0"
[09/02/26 13:10:30] info     Registered C:\Program Files\Autodesk\AutoCAD 2027\cer.dll as WER runtime exception module
[09/02/26 13:10:30] info     Current ErrorMode is 32769
[09/02/26 13:10:30] debug    Receiver ping: pong
[09/02/26 13:11:01] info     ================= cer started =================
[09/02/26 13:11:01] info     C:\Program Files\Autodesk\AutoCAD 2027\cer.dll, 7.2.4+20251128.8f05bb68.927
[09/02/26 13:11:01] info     Setting key SP/SDK_VERSION, value 7.2.4+20251128.8f05bb68.927 (maxCount 1)
[09/02/26 13:11:01] info     Setting key SP/PRODUCT_NAME_HASH, value 9d6767a77b9d2cce90e03082e1302957689eeac5 (maxCount 1)
[09/02/26 13:11:01] info     Setting key SP/RUNTIME_ARCH, value 1 (maxCount 1)
[09/02/26 13:11:01] info     Set senddmp exe path to C:\Program Files\Autodesk\AutoCAD 2027\CER\senddmp.exe
[09/02/26 13:11:01] info     The cer_service exe C:\Program Files\Autodesk\AutoCAD 2027\CER\service\cer_service.exe is not in folder C:\Program Files\Autodesk\AutoCAD 2027\CER\, it's not a sandbox
[09/02/26 13:11:01] info     Set upi exe path to C:\Program Files\Autodesk\AutoCAD 2027\CER\upi.exe
[09/02/26 13:11:01] info     launching C:\Program Files\Autodesk\AutoCAD 2027\CER\upi.exe --cmd=get-device-id C:\Users\PadXAutoman\AppData\Local\Temp\3\upi_deviceid2
[09/02/26 13:11:02] info     Set deviceID2 to E0980AAE6AED663DCD5E319A495325326BBB7E230497E3E7A688257D5161810C&E78156892A1577BCC8ECA22DE8BDD2ACC3DBA494148FF651DD4CD9294238EEC2&EF8EC29B7F9BDFCB7E48CD68912908B19E16A31DC4691909E40C1617F97C9B38
[09/02/26 13:11:02] info     Setting key SP/DEVICEID2, value E0980AAE6AED663DCD5E319A495325326BBB7E230497E3E7A688257D5161810C&E78156892A1577BCC8ECA22DE8BDD2ACC3DBA494148FF651DD4CD9294238EEC2&EF8EC29B7F9BDFCB7E48CD68912908B19E16A31DC4691909E40C1617F97C9B38 (maxCount 1)
[09/02/26 13:11:02] info     Setting key SP/UUID, value 9d6767a77b9d2cce90e03082e1302957689eeac5E0980AAE6AED663DCD5E319A495325326BBB7E230497E3E7A688257D5161810C&E78156892A1577BCC8ECA22DE8BDD2ACC3DBA494148FF651DD4CD9294238EEC2&EF8EC29B7F9BDFCB7E48CD68912908B19E16A31DC4691909E40C1617F97C9B38 (maxCount 1)
[09/02/26 13:11:02] info     Set senddmp exe path to C:\Program Files\Autodesk\AutoCAD 2027\CER\senddmp.exe
[09/02/26 13:11:02] info     The cer_service exe C:\Program Files\Autodesk\AutoCAD 2027\CER\service\cer_service.exe is not in folder C:\Program Files\Autodesk\AutoCAD 2027\CER\, it's not a sandbox
[09/02/26 13:11:02] info     launching C:\Program Files\Autodesk\AutoCAD 2027\CER\upi.exe "C:\Program Files\Autodesk\AutoCAD 2027\en-US\UPI\upiconfig.xml" C:\Users\PadXAutoman\AppData\Local\Temp\3\upi_info.xml
[09/02/26 13:11:02] info     Setting key SP/UPI_PRODUCT, value ACD (maxCount 1)
[09/02/26 13:11:02] info     Setting key SP/UPI_RELEASE, value 2027 (maxCount 1)
[09/02/26 13:11:02] info     Setting key SP/UPI_MASTER, value {28B89EEF-A101-0409-2102-CF3F3A09B77D} (maxCount 1)
[09/02/26 13:11:02] info     Setting key SP/UPI_BUILD, value 26.0.118.0.0 (maxCount 1)
[09/02/26 13:11:02] info     Setting key SP/UPI_FULL_XML, value <?xml version="1.0"?><upipackage><upivalue version="1.0" type="product" requestingapp="true"><level name="productline" id="ACD"><level name="release" id="2027"><level name="master" id="{28B89EEF-A101-0409-2102-CF3F3A09B77D}"><level name="build" id="26.0.118.0.0"/></level></level></level></upivalue>
<upivalue version="1.0" type="product"><level name="productline" id="ACD"><level name="release" id="2027"><level name="master" id="{28B89EEF-A101-0409-1102-CF3F3A09B77D}"><level name="build" id="26.0.118.0.0"/></level></level></level></upivalue>
<upivalue version="1.0" type="product"><level name="productline" id="ARCHDESK"><level name="release" id="2027"><level name="master" id="{28B89EEE-A104-0000-5102-CF3F3A09B77D}"><level name="build" id="8.9.46.0"/></level></level></level></upivalue>
<upivalue version="1.0" type="product"><level name="productline" id="ACD"><level name="release" id="2027"><level name="master" id="{28B89EEF-A101-0000-0102-CF3F3A09B77D}"><level name="build" id="26.0.118.0.0"/></level></level></level></upivalue>
</upipackage> (maxCount 1)
[09/02/26 13:11:02] info     set legacy options: /APPICON "C:\Program Files\Autodesk\AutoCAD 2027\AcBrandRes.dll" /APPICONID 1
[09/02/26 13:11:02] info     Setting key RP/AppIcon, value C:\Program Files\Autodesk\AutoCAD 2027\AcBrandRes.dll (maxCount 1)
[09/02/26 13:11:02] info     Setting key RP/AppIconId, value 1 (maxCount 1)
[09/02/26 13:11:02] info     Setting key RP/CadSettingsRegPath, value Software\Autodesk\AutoCAD\R26.0\ACAD-A101:409\CadManagerControl\CustomerErrorReport (maxCount 1)
[09/02/26 13:11:02] info     Setting key RP/AppLocaleId, value 1033 (maxCount 1)
[09/02/26 13:11:02] info     Setting key RP/AppXML, value <ProductInformation name ="AutoCAD" build_version="X.118.0.0(x64)" registry_version="26.0" install_id_string="ACAD-A101:409" registry_localeID="1033" git_commit_id="2c19eb970fc25f5e380f0bd3736f8ba9103aade4" /> (maxCount 100)
[09/02/26 13:11:02] info     Setting key SP/THEME_TYPE, value Blue (maxCount 1)
[09/02/26 13:11:02] info     Setting key SP/EXCEPTION_INFO_POINTER, value 140725452047640 (maxCount 1)
[09/02/26 13:11:02] info     Setting key SP/THREAD_ID, value 4294967295 (maxCount 1)
[09/02/26 13:11:02] info     Get key SP/THREAD_ID, index 0: "4294967295"
[09/02/26 13:11:02] info     Setting key SP/WER, value 0 (maxCount 1)
[09/02/26 13:11:02] info     Get key SP/WER, index 0: "0"
[09/02/26 13:11:02] info     Registered C:\Program Files\Autodesk\AutoCAD 2027\cer.dll as WER runtime exception module
[09/02/26 13:11:02] info     Current ErrorMode is 32769
[09/02/26 13:11:02] debug    Receiver ping: pong
[09/02/26 13:11:12] debug    Receiver ping: pong
[09/02/26 13:11:22] debug    Receiver ping: pong
[09/02/26 13:11:32] debug    Receiver ping: pong
[09/02/26 13:11:42] debug    Receiver ping: pong
[09/02/26 13:11:52] debug    Receiver ping: pong
[09/02/26 13:12:53] info     ================= cer started =================
[09/02/26 13:12:53] info     C:\Program Files\Autodesk\AutoCAD 2027\cer.dll, 7.2.4+20251128.8f05bb68.927
[09/02/26 13:12:53] info     Setting key SP/SDK_VERSION, value 7.2.4+20251128.8f05bb68.927 (maxCount 1)
[09/02/26 13:12:53] info     Setting key SP/PRODUCT_NAME_HASH, value 9d6767a77b9d2cce90e03082e1302957689eeac5 (maxCount 1)
[09/02/26 13:12:53] info     Setting key SP/RUNTIME_ARCH, value 1 (maxCount 1)
[09/02/26 13:12:53] info     Set senddmp exe path to C:\Program Files\Autodesk\AutoCAD 2027\CER\senddmp.exe
[09/02/26 13:12:53] info     The cer_service exe C:\Program Files\Autodesk\AutoCAD 2027\CER\service\cer_service.exe is not in folder C:\Program Files\Autodesk\AutoCAD 2027\CER\, it's not a sandbox
[09/02/26 13:12:53] info     Set upi exe path to C:\Program Files\Autodesk\AutoCAD 2027\CER\upi.exe
[09/02/26 13:12:53] info     launching C:\Program Files\Autodesk\AutoCAD 2027\CER\upi.exe --cmd=get-device-id C:\Users\PadXAutoman\AppData\Local\Temp\3\upi_deviceid2
[09/02/26 13:12:53] info     Set deviceID2 to E0980AAE6AED663DCD5E319A495325326BBB7E230497E3E7A688257D5161810C&E78156892A1577BCC8ECA22DE8BDD2ACC3DBA494148FF651DD4CD9294238EEC2&EF8EC29B7F9BDFCB7E48CD68912908B19E16A31DC4691909E40C1617F97C9B38
[09/02/26 13:12:53] info     Setting key SP/DEVICEID2, value E0980AAE6AED663DCD5E319A495325326BBB7E230497E3E7A688257D5161810C&E78156892A1577BCC8ECA22DE8BDD2ACC3DBA494148FF651DD4CD9294238EEC2&EF8EC29B7F9BDFCB7E48CD68912908B19E16A31DC4691909E40C1617F97C9B38 (maxCount 1)
[09/02/26 13:12:53] info     Setting key SP/UUID, value 9d6767a77b9d2cce90e03082e1302957689eeac5E0980AAE6AED663DCD5E319A495325326BBB7E230497E3E7A688257D5161810C&E78156892A1577BCC8ECA22DE8BDD2ACC3DBA494148FF651DD4CD9294238EEC2&EF8EC29B7F9BDFCB7E48CD68912908B19E16A31DC4691909E40C1617F97C9B38 (maxCount 1)
[09/02/26 13:12:53] info     Set senddmp exe path to C:\Program Files\Autodesk\AutoCAD 2027\CER\senddmp.exe
[09/02/26 13:12:53] info     The cer_service exe C:\Program Files\Autodesk\AutoCAD 2027\CER\service\cer_service.exe is not in folder C:\Program Files\Autodesk\AutoCAD 2027\CER\, it's not a sandbox
[09/02/26 13:12:53] info     launching C:\Program Files\Autodesk\AutoCAD 2027\CER\upi.exe "C:\Program Files\Autodesk\AutoCAD 2027\en-US\UPI\upiconfig.xml" C:\Users\PadXAutoman\AppData\Local\Temp\3\upi_info.xml
[09/02/26 13:12:53] info     Setting key SP/UPI_PRODUCT, value ACD (maxCount 1)
[09/02/26 13:12:53] info     Setting key SP/UPI_RELEASE, value 2027 (maxCount 1)
[09/02/26 13:12:53] info     Setting key SP/UPI_MASTER, value {28B89EEF-A101-0409-2102-CF3F3A09B77D} (maxCount 1)
[09/02/26 13:12:53] info     Setting key SP/UPI_BUILD, value 26.0.118.0.0 (maxCount 1)
[09/02/26 13:12:53] info     Setting key SP/UPI_FULL_XML, value <?xml version="1.0"?><upipackage><upivalue version="1.0" type="product" requestingapp="true"><level name="productline" id="ACD"><level name="release" id="2027"><level name="master" id="{28B89EEF-A101-0409-2102-CF3F3A09B77D}"><level name="build" id="26.0.118.0.0"/></level></level></level></upivalue>
<upivalue version="1.0" type="product"><level name="productline" id="ACD"><level name="release" id="2027"><level name="master" id="{28B89EEF-A101-0409-1102-CF3F3A09B77D}"><level name="build" id="26.0.118.0.0"/></level></level></level></upivalue>
<upivalue version="1.0" type="product"><level name="productline" id="ARCHDESK"><level name="release" id="2027"><level name="master" id="{28B89EEE-A104-0000-5102-CF3F3A09B77D}"><level name="build" id="8.9.46.0"/></level></level></level></upivalue>
<upivalue version="1.0" type="product"><level name="productline" id="ACD"><level name="release" id="2027"><level name="master" id="{28B89EEF-A101-0000-0102-CF3F3A09B77D}"><level name="build" id="26.0.118.0.0"/></level></level></level></upivalue>
</upipackage> (maxCount 1)
[09/02/26 13:12:53] info     set legacy options: /APPICON "C:\Program Files\Autodesk\AutoCAD 2027\AcBrandRes.dll" /APPICONID 1
[09/02/26 13:12:53] info     Setting key RP/AppIcon, value C:\Program Files\Autodesk\AutoCAD 2027\AcBrandRes.dll (maxCount 1)
[09/02/26 13:12:53] info     Setting key RP/AppIconId, value 1 (maxCount 1)
[09/02/26 13:12:53] info     Setting key RP/CadSettingsRegPath, value Software\Autodesk\AutoCAD\R26.0\ACAD-A101:409\CadManagerControl\CustomerErrorReport (maxCount 1)
[09/02/26 13:12:53] info     Setting key RP/AppLocaleId, value 1033 (maxCount 1)
[09/02/26 13:12:53] info     Setting key RP/AppXML, value <ProductInformation name ="AutoCAD" build_version="X.118.0.0(x64)" registry_version="26.0" install_id_string="ACAD-A101:409" registry_localeID="1033" git_commit_id="2c19eb970fc25f5e380f0bd3736f8ba9103aade4" /> (maxCount 100)
[09/02/26 13:12:53] info     Setting key SP/THEME_TYPE, value Blue (maxCount 1)
[09/02/26 13:12:53] info     Setting key SP/EXCEPTION_INFO_POINTER, value 140725452047640 (maxCount 1)
[09/02/26 13:12:53] info     Setting key SP/THREAD_ID, value 4294967295 (maxCount 1)
[09/02/26 13:12:53] info     Get key SP/THREAD_ID, index 0: "4294967295"
[09/02/26 13:12:53] info     Setting key SP/WER, value 0 (maxCount 1)
[09/02/26 13:12:53] info     Get key SP/WER, index 0: "0"
[09/02/26 13:12:53] info     Registered C:\Program Files\Autodesk\AutoCAD 2027\cer.dll as WER runtime exception module
[09/02/26 13:12:53] info     Current ErrorMode is 32769
[09/02/26 13:12:53] debug    Receiver ping: pong
[09/02/26 13:13:03] debug    Receiver ping: pong
[09/02/26 13:13:13] debug    Receiver ping: pong
[09/02/26 13:13:23] debug    Receiver ping: pong
[09/02/26 13:23:49] info     ================= cer started =================
[09/02/26 13:23:49] info     C:\Program Files\Autodesk\AutoCAD 2027\cer.dll, 7.2.4+20251128.8f05bb68.927
[09/02/26 13:23:49] info     Setting key SP/SDK_VERSION, value 7.2.4+20251128.8f05bb68.927 (maxCount 1)
[09/02/26 13:23:49] info     Setting key SP/PRODUCT_NAME_HASH, value 9d6767a77b9d2cce90e03082e1302957689eeac5 (maxCount 1)
[09/02/26 13:23:49] info     Setting key SP/RUNTIME_ARCH, value 1 (maxCount 1)
[09/02/26 13:23:49] info     Set senddmp exe path to C:\Program Files\Autodesk\AutoCAD 2027\CER\senddmp.exe
[09/02/26 13:23:49] info     The cer_service exe C:\Program Files\Autodesk\AutoCAD 2027\CER\service\cer_service.exe is not in folder C:\Program Files\Autodesk\AutoCAD 2027\CER\, it's not a sandbox
[09/02/26 13:23:49] info     Set upi exe path to C:\Program Files\Autodesk\AutoCAD 2027\CER\upi.exe
[09/02/26 13:23:49] info     launching C:\Program Files\Autodesk\AutoCAD 2027\CER\upi.exe --cmd=get-device-id C:\Users\PadXAutoman\AppData\Local\Temp\3\upi_deviceid2
[09/02/26 13:23:49] info     Set deviceID2 to E0980AAE6AED663DCD5E319A495325326BBB7E230497E3E7A688257D5161810C&E78156892A1577BCC8ECA22DE8BDD2ACC3DBA494148FF651DD4CD9294238EEC2&EF8EC29B7F9BDFCB7E48CD68912908B19E16A31DC4691909E40C1617F97C9B38
[09/02/26 13:23:49] info     Setting key SP/DEVICEID2, value E0980AAE6AED663DCD5E319A495325326BBB7E230497E3E7A688257D5161810C&E78156892A1577BCC8ECA22DE8BDD2ACC3DBA494148FF651DD4CD9294238EEC2&EF8EC29B7F9BDFCB7E48CD68912908B19E16A31DC4691909E40C1617F97C9B38 (maxCount 1)
[09/02/26 13:23:49] info     Setting key SP/UUID, value 9d6767a77b9d2cce90e03082e1302957689eeac5E0980AAE6AED663DCD5E319A495325326BBB7E230497E3E7A688257D5161810C&E78156892A1577BCC8ECA22DE8BDD2ACC3DBA494148FF651DD4CD9294238EEC2&EF8EC29B7F9BDFCB7E48CD68912908B19E16A31DC4691909E40C1617F97C9B38 (maxCount 1)
[09/02/26 13:23:49] info     Set senddmp exe path to C:\Program Files\Autodesk\AutoCAD 2027\CER\senddmp.exe
[09/02/26 13:23:49] info     The cer_service exe C:\Program Files\Autodesk\AutoCAD 2027\CER\service\cer_service.exe is not in folder C:\Program Files\Autodesk\AutoCAD 2027\CER\, it's not a sandbox
[09/02/26 13:23:49] info     launching C:\Program Files\Autodesk\AutoCAD 2027\CER\upi.exe "C:\Program Files\Autodesk\AutoCAD 2027\en-US\UPI\upiconfig.xml" C:\Users\PadXAutoman\AppData\Local\Temp\3\upi_info.xml
[09/02/26 13:23:49] info     Setting key SP/UPI_PRODUCT, value ACD (maxCount 1)
[09/02/26 13:23:49] info     Setting key SP/UPI_RELEASE, value 2027 (maxCount 1)
[09/02/26 13:23:49] info     Setting key SP/UPI_MASTER, value {28B89EEF-A101-0409-2102-CF3F3A09B77D} (maxCount 1)
[09/02/26 13:23:49] info     Setting key SP/UPI_BUILD, value 26.0.118.0.0 (maxCount 1)
[09/02/26 13:23:49] info     Setting key SP/UPI_FULL_XML, value <?xml version="1.0"?><upipackage><upivalue version="1.0" type="product" requestingapp="true"><level name="productline" id="ACD"><level name="release" id="2027"><level name="master" id="{28B89EEF-A101-0409-2102-CF3F3A09B77D}"><level name="build" id="26.0.118.0.0"/></level></level></level></upivalue>
<upivalue version="1.0" type="product"><level name="productline" id="ACD"><level name="release" id="2027"><level name="master" id="{28B89EEF-A101-0409-1102-CF3F3A09B77D}"><level name="build" id="26.0.118.0.0"/></level></level></level></upivalue>
<upivalue version="1.0" type="product"><level name="productline" id="ARCHDESK"><level name="release" id="2027"><level name="master" id="{28B89EEE-A104-0000-5102-CF3F3A09B77D}"><level name="build" id="8.9.46.0"/></level></level></level></upivalue>
<upivalue version="1.0" type="product"><level name="productline" id="ACD"><level name="release" id="2027"><level name="master" id="{28B89EEF-A101-0000-0102-CF3F3A09B77D}"><level name="build" id="26.0.118.0.0"/></level></level></level></upivalue>
</upipackage> (maxCount 1)
[09/02/26 13:23:49] info     set legacy options: /APPICON "C:\Program Files\Autodesk\AutoCAD 2027\AcBrandRes.dll" /APPICONID 1
[09/02/26 13:23:49] info     Setting key RP/AppIcon, value C:\Program Files\Autodesk\AutoCAD 2027\AcBrandRes.dll (maxCount 1)
[09/02/26 13:23:49] info     Setting key RP/AppIconId, value 1 (maxCount 1)
[09/02/26 13:23:49] info     Setting key RP/CadSettingsRegPath, value Software\Autodesk\AutoCAD\R26.0\ACAD-A101:409\CadManagerControl\CustomerErrorReport (maxCount 1)
[09/02/26 13:23:49] info     Setting key RP/AppLocaleId, value 1033 (maxCount 1)
[09/02/26 13:23:49] info     Setting key RP/AppXML, value <ProductInformation name ="AutoCAD" build_version="X.118.0.0(x64)" registry_version="26.0" install_id_string="ACAD-A101:409" registry_localeID="1033" git_commit_id="2c19eb970fc25f5e380f0bd3736f8ba9103aade4" /> (maxCount 100)
[09/02/26 13:23:49] info     Setting key SP/THEME_TYPE, value Blue (maxCount 1)
[09/02/26 13:23:49] info     Setting key SP/EXCEPTION_INFO_POINTER, value 140725452047640 (maxCount 1)
[09/02/26 13:23:49] info     Setting key SP/THREAD_ID, value 4294967295 (maxCount 1)
[09/02/26 13:23:49] info     Get key SP/THREAD_ID, index 0: "4294967295"
[09/02/26 13:23:49] info     Setting key SP/WER, value 0 (maxCount 1)
[09/02/26 13:23:49] info     Get key SP/WER, index 0: "0"
[09/02/26 13:23:49] info     Registered C:\Program Files\Autodesk\AutoCAD 2027\cer.dll as WER runtime exception module
[09/02/26 13:23:49] info     Current ErrorMode is 32769
[09/02/26 13:23:49] debug    Receiver ping: pong
[09/02/26 13:23:55] info     Setting key RP/Headless, value 1 (maxCount 1)
[09/02/26 13:23:56] info     ================= cer stopped =================
[09/02/26 13:30:57] info     ================= cer started =================
[09/02/26 13:30:57] info     C:\Program Files\Autodesk\AutoCAD 2027\cer.dll, 7.2.4+20251128.8f05bb68.927
[09/02/26 13:30:57] info     Setting key SP/SDK_VERSION, value 7.2.4+20251128.8f05bb68.927 (maxCount 1)
[09/02/26 13:30:57] info     Setting key SP/PRODUCT_NAME_HASH, value 9d6767a77b9d2cce90e03082e1302957689eeac5 (maxCount 1)
[09/02/26 13:30:57] info     Setting key SP/RUNTIME_ARCH, value 1 (maxCount 1)
[09/02/26 13:30:57] info     Set senddmp exe path to C:\Program Files\Autodesk\AutoCAD 2027\CER\senddmp.exe
[09/02/26 13:30:57] info     The cer_service exe C:\Program Files\Autodesk\AutoCAD 2027\CER\service\cer_service.exe is not in folder C:\Program Files\Autodesk\AutoCAD 2027\CER\, it's not a sandbox
[09/02/26 13:30:57] info     Set upi exe path to C:\Program Files\Autodesk\AutoCAD 2027\CER\upi.exe
[09/02/26 13:30:57] info     launching C:\Program Files\Autodesk\AutoCAD 2027\CER\upi.exe --cmd=get-device-id C:\Users\PadXAutoman\AppData\Local\Temp\3\upi_deviceid2
[09/02/26 13:30:58] info     Set deviceID2 to E0980AAE6AED663DCD5E319A495325326BBB7E230497E3E7A688257D5161810C&E78156892A1577BCC8ECA22DE8BDD2ACC3DBA494148FF651DD4CD9294238EEC2&EF8EC29B7F9BDFCB7E48CD68912908B19E16A31DC4691909E40C1617F97C9B38
[09/02/26 13:30:58] info     Setting key SP/DEVICEID2, value E0980AAE6AED663DCD5E319A495325326BBB7E230497E3E7A688257D5161810C&E78156892A1577BCC8ECA22DE8BDD2ACC3DBA494148FF651DD4CD9294238EEC2&EF8EC29B7F9BDFCB7E48CD68912908B19E16A31DC4691909E40C1617F97C9B38 (maxCount 1)
[09/02/26 13:30:58] info     Setting key SP/UUID, value 9d6767a77b9d2cce90e03082e1302957689eeac5E0980AAE6AED663DCD5E319A495325326BBB7E230497E3E7A688257D5161810C&E78156892A1577BCC8ECA22DE8BDD2ACC3DBA494148FF651DD4CD9294238EEC2&EF8EC29B7F9BDFCB7E48CD68912908B19E16A31DC4691909E40C1617F97C9B38 (maxCount 1)
[09/02/26 13:30:58] info     Set senddmp exe path to C:\Program Files\Autodesk\AutoCAD 2027\CER\senddmp.exe
[09/02/26 13:30:58] info     The cer_service exe C:\Program Files\Autodesk\AutoCAD 2027\CER\service\cer_service.exe is not in folder C:\Program Files\Autodesk\AutoCAD 2027\CER\, it's not a sandbox
[09/02/26 13:30:58] info     launching C:\Program Files\Autodesk\AutoCAD 2027\CER\upi.exe "C:\Program Files\Autodesk\AutoCAD 2027\en-US\UPI\upiconfig.xml" C:\Users\PadXAutoman\AppData\Local\Temp\3\upi_info.xml
[09/02/26 13:30:59] info     Setting key SP/UPI_PRODUCT, value ACD (maxCount 1)
[09/02/26 13:30:59] info     Setting key SP/UPI_RELEASE, value 2027 (maxCount 1)
[09/02/26 13:30:59] info     Setting key SP/UPI_MASTER, value {28B89EEF-A101-0409-2102-CF3F3A09B77D} (maxCount 1)
[09/02/26 13:30:59] info     Setting key SP/UPI_BUILD, value 26.0.118.0.0 (maxCount 1)
[09/02/26 13:30:59] info     Setting key SP/UPI_FULL_XML, value <?xml version="1.0"?><upipackage><upivalue version="1.0" type="product" requestingapp="true"><level name="productline" id="ACD"><level name="release" id="2027"><level name="master" id="{28B89EEF-A101-0409-2102-CF3F3A09B77D}"><level name="build" id="26.0.118.0.0"/></level></level></level></upivalue>
<upivalue version="1.0" type="product"><level name="productline" id="ACD"><level name="release" id="2027"><level name="master" id="{28B89EEF-A101-0409-1102-CF3F3A09B77D}"><level name="build" id="26.0.118.0.0"/></level></level></level></upivalue>
<upivalue version="1.0" type="product"><level name="productline" id="ARCHDESK"><level name="release" id="2027"><level name="master" id="{28B89EEE-A104-0000-5102-CF3F3A09B77D}"><level name="build" id="8.9.46.0"/></level></level></level></upivalue>
<upivalue version="1.0" type="product"><level name="productline" id="ACD"><level name="release" id="2027"><level name="master" id="{28B89EEF-A101-0000-0102-CF3F3A09B77D}"><level name="build" id="26.0.118.0.0"/></level></level></level></upivalue>
</upipackage> (maxCount 1)
[09/02/26 13:30:59] info     set legacy options: /APPICON "C:\Program Files\Autodesk\AutoCAD 2027\AcBrandRes.dll" /APPICONID 1
[09/02/26 13:30:59] info     Setting key RP/AppIcon, value C:\Program Files\Autodesk\AutoCAD 2027\AcBrandRes.dll (maxCount 1)
[09/02/26 13:30:59] info     Setting key RP/AppIconId, value 1 (maxCount 1)
[09/02/26 13:30:59] info     Setting key RP/CadSettingsRegPath, value Software\Autodesk\AutoCAD\R26.0\ACAD-A101:409\CadManagerControl\CustomerErrorReport (maxCount 1)
[09/02/26 13:30:59] info     Setting key RP/AppLocaleId, value 1033 (maxCount 1)
[09/02/26 13:30:59] info     Setting key RP/AppXML, value <ProductInformation name ="AutoCAD" build_version="X.118.0.0(x64)" registry_version="26.0" install_id_string="ACAD-A101:409" registry_localeID="1033" git_commit_id="2c19eb970fc25f5e380f0bd3736f8ba9103aade4" /> (maxCount 100)
[09/02/26 13:30:59] info     Setting key SP/THEME_TYPE, value Blue (maxCount 1)
[09/02/26 13:30:59] info     Setting key SP/EXCEPTION_INFO_POINTER, value 140725452047640 (maxCount 1)
[09/02/26 13:30:59] info     Setting key SP/THREAD_ID, value 4294967295 (maxCount 1)
[09/02/26 13:30:59] info     Get key SP/THREAD_ID, index 0: "4294967295"
[09/02/26 13:30:59] info     Setting key SP/WER, value 0 (maxCount 1)
[09/02/26 13:30:59] info     Get key SP/WER, index 0: "0"
[09/02/26 13:30:59] info     Registered C:\Program Files\Autodesk\AutoCAD 2027\cer.dll as WER runtime exception module
[09/02/26 13:30:59] info     Current ErrorMode is 32769
[09/02/26 13:30:59] debug    Receiver ping: pong
[09/02/26 13:31:09] debug    Receiver ping: pong
[09/02/26 13:31:19] info     Setting key RP/Headless, value 1 (maxCount 1)
[09/02/26 13:31:19] debug    Receiver ping: pong
[09/02/26 13:31:21] info     ================= cer stopped =================
[09/02/26 13:32:44] info     ================= cer started =================
[09/02/26 13:32:44] info     C:\Program Files\Autodesk\AutoCAD 2027\cer.dll, 7.2.4+20251128.8f05bb68.927
[09/02/26 13:32:44] info     Setting key SP/SDK_VERSION, value 7.2.4+20251128.8f05bb68.927 (maxCount 1)
[09/02/26 13:32:44] info     Setting key SP/PRODUCT_NAME_HASH, value 9d6767a77b9d2cce90e03082e1302957689eeac5 (maxCount 1)
[09/02/26 13:32:44] info     Setting key SP/RUNTIME_ARCH, value 1 (maxCount 1)
[09/02/26 13:32:44] info     Set senddmp exe path to C:\Program Files\Autodesk\AutoCAD 2027\CER\senddmp.exe
[09/02/26 13:32:44] info     The cer_service exe C:\Program Files\Autodesk\AutoCAD 2027\CER\service\cer_service.exe is not in folder C:\Program Files\Autodesk\AutoCAD 2027\CER\, it's not a sandbox
[09/02/26 13:32:44] info     Set upi exe path to C:\Program Files\Autodesk\AutoCAD 2027\CER\upi.exe
[09/02/26 13:32:44] info     launching C:\Program Files\Autodesk\AutoCAD 2027\CER\upi.exe --cmd=get-device-id C:\Users\PadXAutoman\AppData\Local\Temp\3\upi_deviceid2
[09/02/26 13:32:45] info     Set deviceID2 to E0980AAE6AED663DCD5E319A495325326BBB7E230497E3E7A688257D5161810C&E78156892A1577BCC8ECA22DE8BDD2ACC3DBA494148FF651DD4CD9294238EEC2&EF8EC29B7F9BDFCB7E48CD68912908B19E16A31DC4691909E40C1617F97C9B38
[09/02/26 13:32:45] info     Setting key SP/DEVICEID2, value E0980AAE6AED663DCD5E319A495325326BBB7E230497E3E7A688257D5161810C&E78156892A1577BCC8ECA22DE8BDD2ACC3DBA494148FF651DD4CD9294238EEC2&EF8EC29B7F9BDFCB7E48CD68912908B19E16A31DC4691909E40C1617F97C9B38 (maxCount 1)
[09/02/26 13:32:45] info     Setting key SP/UUID, value 9d6767a77b9d2cce90e03082e1302957689eeac5E0980AAE6AED663DCD5E319A495325326BBB7E230497E3E7A688257D5161810C&E78156892A1577BCC8ECA22DE8BDD2ACC3DBA494148FF651DD4CD9294238EEC2&EF8EC29B7F9BDFCB7E48CD68912908B19E16A31DC4691909E40C1617F97C9B38 (maxCount 1)
[09/02/26 13:32:45] info     Set senddmp exe path to C:\Program Files\Autodesk\AutoCAD 2027\CER\senddmp.exe
[09/02/26 13:32:45] info     The cer_service exe C:\Program Files\Autodesk\AutoCAD 2027\CER\service\cer_service.exe is not in folder C:\Program Files\Autodesk\AutoCAD 2027\CER\, it's not a sandbox
[09/02/26 13:32:45] info     launching C:\Program Files\Autodesk\AutoCAD 2027\CER\upi.exe "C:\Program Files\Autodesk\AutoCAD 2027\en-US\UPI\upiconfig.xml" C:\Users\PadXAutoman\AppData\Local\Temp\3\upi_info.xml
[09/02/26 13:32:46] info     Setting key SP/UPI_PRODUCT, value ACD (maxCount 1)
[09/02/26 13:32:46] info     Setting key SP/UPI_RELEASE, value 2027 (maxCount 1)
[09/02/26 13:32:46] info     Setting key SP/UPI_MASTER, value {28B89EEF-A101-0409-2102-CF3F3A09B77D} (maxCount 1)
[09/02/26 13:32:46] info     Setting key SP/UPI_BUILD, value 26.0.118.0.0 (maxCount 1)
[09/02/26 13:32:46] info     Setting key SP/UPI_FULL_XML, value <?xml version="1.0"?><upipackage><upivalue version="1.0" type="product" requestingapp="true"><level name="productline" id="ACD"><level name="release" id="2027"><level name="master" id="{28B89EEF-A101-0409-2102-CF3F3A09B77D}"><level name="build" id="26.0.118.0.0"/></level></level></level></upivalue>
<upivalue version="1.0" type="product"><level name="productline" id="ACD"><level name="release" id="2027"><level name="master" id="{28B89EEF-A101-0409-1102-CF3F3A09B77D}"><level name="build" id="26.0.118.0.0"/></level></level></level></upivalue>
<upivalue version="1.0" type="product"><level name="productline" id="ARCHDESK"><level name="release" id="2027"><level name="master" id="{28B89EEE-A104-0000-5102-CF3F3A09B77D}"><level name="build" id="8.9.46.0"/></level></level></level></upivalue>
<upivalue version="1.0" type="product"><level name="productline" id="ACD"><level name="release" id="2027"><level name="master" id="{28B89EEF-A101-0000-0102-CF3F3A09B77D}"><level name="build" id="26.0.118.0.0"/></level></level></level></upivalue>
</upipackage> (maxCount 1)
[09/02/26 13:32:46] info     set legacy options: /APPICON "C:\Program Files\Autodesk\AutoCAD 2027\AcBrandRes.dll" /APPICONID 1
[09/02/26 13:32:46] info     Setting key RP/AppIcon, value C:\Program Files\Autodesk\AutoCAD 2027\AcBrandRes.dll (maxCount 1)
[09/02/26 13:32:46] info     Setting key RP/AppIconId, value 1 (maxCount 1)
[09/02/26 13:32:46] info     Setting key RP/CadSettingsRegPath, value Software\Autodesk\AutoCAD\R26.0\ACAD-A101:409\CadManagerControl\CustomerErrorReport (maxCount 1)
[09/02/26 13:32:46] info     Setting key RP/AppLocaleId, value 1033 (maxCount 1)
[09/02/26 13:32:46] info     Setting key RP/AppXML, value <ProductInformation name ="AutoCAD" build_version="X.118.0.0(x64)" registry_version="26.0" install_id_string="ACAD-A101:409" registry_localeID="1033" git_commit_id="2c19eb970fc25f5e380f0bd3736f8ba9103aade4" /> (maxCount 100)
[09/02/26 13:32:46] info     Setting key SP/THEME_TYPE, value Blue (maxCount 1)
[09/02/26 13:32:46] info     Setting key SP/EXCEPTION_INFO_POINTER, value 140725452047640 (maxCount 1)
[09/02/26 13:32:46] info     Setting key SP/THREAD_ID, value 4294967295 (maxCount 1)
[09/02/26 13:32:46] info     Get key SP/THREAD_ID, index 0: "4294967295"
[09/02/26 13:32:46] info     Setting key SP/WER, value 0 (maxCount 1)
[09/02/26 13:32:46] info     Get key SP/WER, index 0: "0"
[09/02/26 13:32:46] info     Registered C:\Program Files\Autodesk\AutoCAD 2027\cer.dll as WER runtime exception module
[09/02/26 13:32:46] info     Current ErrorMode is 32769
[09/02/26 13:32:46] debug    Receiver ping: pong
[09/02/26 13:32:54] info     Setting key RP/Headless, value 1 (maxCount 1)
[09/02/26 13:32:55] info     ================= cer stopped =================
[09/02/26 13:33:42] info     ================= cer started =================
[09/02/26 13:33:42] info     C:\Program Files\Autodesk\AutoCAD 2027\cer.dll, 7.2.4+20251128.8f05bb68.927
[09/02/26 13:33:42] info     Setting key SP/SDK_VERSION, value 7.2.4+20251128.8f05bb68.927 (maxCount 1)
[09/02/26 13:33:42] info     Setting key SP/PRODUCT_NAME_HASH, value 9d6767a77b9d2cce90e03082e1302957689eeac5 (maxCount 1)
[09/02/26 13:33:42] info     Setting key SP/RUNTIME_ARCH, value 1 (maxCount 1)
[09/02/26 13:33:42] info     Set senddmp exe path to C:\Program Files\Autodesk\AutoCAD 2027\CER\senddmp.exe
[09/02/26 13:33:42] info     The cer_service exe C:\Program Files\Autodesk\AutoCAD 2027\CER\service\cer_service.exe is not in folder C:\Program Files\Autodesk\AutoCAD 2027\CER\, it's not a sandbox
[09/02/26 13:33:42] info     Set upi exe path to C:\Program Files\Autodesk\AutoCAD 2027\CER\upi.exe
[09/02/26 13:33:42] info     launching C:\Program Files\Autodesk\AutoCAD 2027\CER\upi.exe --cmd=get-device-id C:\Users\PadXAutoman\AppData\Local\Temp\3\upi_deviceid2
[09/02/26 13:33:42] info     Set deviceID2 to E0980AAE6AED663DCD5E319A495325326BBB7E230497E3E7A688257D5161810C&E78156892A1577BCC8ECA22DE8BDD2ACC3DBA494148FF651DD4CD9294238EEC2&EF8EC29B7F9BDFCB7E48CD68912908B19E16A31DC4691909E40C1617F97C9B38
[09/02/26 13:33:42] info     Setting key SP/DEVICEID2, value E0980AAE6AED663DCD5E319A495325326BBB7E230497E3E7A688257D5161810C&E78156892A1577BCC8ECA22DE8BDD2ACC3DBA494148FF651DD4CD9294238EEC2&EF8EC29B7F9BDFCB7E48CD68912908B19E16A31DC4691909E40C1617F97C9B38 (maxCount 1)
[09/02/26 13:33:42] info     Setting key SP/UUID, value 9d6767a77b9d2cce90e03082e1302957689eeac5E0980AAE6AED663DCD5E319A495325326BBB7E230497E3E7A688257D5161810C&E78156892A1577BCC8ECA22DE8BDD2ACC3DBA494148FF651DD4CD9294238EEC2&EF8EC29B7F9BDFCB7E48CD68912908B19E16A31DC4691909E40C1617F97C9B38 (maxCount 1)
[09/02/26 13:33:42] info     Set senddmp exe path to C:\Program Files\Autodesk\AutoCAD 2027\CER\senddmp.exe
[09/02/26 13:33:42] info     The cer_service exe C:\Program Files\Autodesk\AutoCAD 2027\CER\service\cer_service.exe is not in folder C:\Program Files\Autodesk\AutoCAD 2027\CER\, it's not a sandbox
[09/02/26 13:33:42] info     launching C:\Program Files\Autodesk\AutoCAD 2027\CER\upi.exe "C:\Program Files\Autodesk\AutoCAD 2027\en-US\UPI\upiconfig.xml" C:\Users\PadXAutoman\AppData\Local\Temp\3\upi_info.xml
[09/02/26 13:33:42] info     Setting key SP/UPI_PRODUCT, value ACD (maxCount 1)
[09/02/26 13:33:42] info     Setting key SP/UPI_RELEASE, value 2027 (maxCount 1)
[09/02/26 13:33:42] info     Setting key SP/UPI_MASTER, value {28B89EEF-A101-0409-2102-CF3F3A09B77D} (maxCount 1)
[09/02/26 13:33:42] info     Setting key SP/UPI_BUILD, value 26.0.118.0.0 (maxCount 1)
[09/02/26 13:33:42] info     Setting key SP/UPI_FULL_XML, value <?xml version="1.0"?><upipackage><upivalue version="1.0" type="product" requestingapp="true"><level name="productline" id="ACD"><level name="release" id="2027"><level name="master" id="{28B89EEF-A101-0409-2102-CF3F3A09B77D}"><level name="build" id="26.0.118.0.0"/></level></level></level></upivalue>
<upivalue version="1.0" type="product"><level name="productline" id="ACD"><level name="release" id="2027"><level name="master" id="{28B89EEF-A101-0409-1102-CF3F3A09B77D}"><level name="build" id="26.0.118.0.0"/></level></level></level></upivalue>
<upivalue version="1.0" type="product"><level name="productline" id="ARCHDESK"><level name="release" id="2027"><level name="master" id="{28B89EEE-A104-0000-5102-CF3F3A09B77D}"><level name="build" id="8.9.46.0"/></level></level></level></upivalue>
<upivalue version="1.0" type="product"><level name="productline" id="ACD"><level name="release" id="2027"><level name="master" id="{28B89EEF-A101-0000-0102-CF3F3A09B77D}"><level name="build" id="26.0.118.0.0"/></level></level></level></upivalue>
</upipackage> (maxCount 1)
[09/02/26 13:33:42] info     set legacy options: /APPICON "C:\Program Files\Autodesk\AutoCAD 2027\AcBrandRes.dll" /APPICONID 1
[09/02/26 13:33:42] info     Setting key RP/AppIcon, value C:\Program Files\Autodesk\AutoCAD 2027\AcBrandRes.dll (maxCount 1)
[09/02/26 13:33:42] info     Setting key RP/AppIconId, value 1 (maxCount 1)
[09/02/26 13:33:42] info     Setting key RP/CadSettingsRegPath, value Software\Autodesk\AutoCAD\R26.0\ACAD-A101:409\CadManagerControl\CustomerErrorReport (maxCount 1)
[09/02/26 13:33:42] info     Setting key RP/AppLocaleId, value 1033 (maxCount 1)
[09/02/26 13:33:42] info     Setting key RP/AppXML, value <ProductInformation name ="AutoCAD" build_version="X.118.0.0(x64)" registry_version="26.0" install_id_string="ACAD-A101:409" registry_localeID="1033" git_commit_id="2c19eb970fc25f5e380f0bd3736f8ba9103aade4" /> (maxCount 100)
[09/02/26 13:33:42] info     Setting key SP/THEME_TYPE, value Blue (maxCount 1)
[09/02/26 13:33:42] info     Setting key SP/EXCEPTION_INFO_POINTER, value 140725452047640 (maxCount 1)
[09/02/26 13:33:42] info     Setting key SP/THREAD_ID, value 4294967295 (maxCount 1)
[09/02/26 13:33:42] info     Get key SP/THREAD_ID, index 0: "4294967295"
[09/02/26 13:33:42] info     Setting key SP/WER, value 0 (maxCount 1)
[09/02/26 13:33:42] info     Get key SP/WER, index 0: "0"
[09/02/26 13:33:42] info     Registered C:\Program Files\Autodesk\AutoCAD 2027\cer.dll as WER runtime exception module
[09/02/26 13:33:42] info     Current ErrorMode is 32769
[09/02/26 13:33:42] debug    Receiver ping: pong
[09/02/26 13:33:46] info     Setting key RP/Headless, value 1 (maxCount 1)
[09/02/26 13:33:46] info     ================= cer stopped =================
[09/02/26 13:35:01] info     ================= cer started =================
[09/02/26 13:35:01] info     C:\Program Files\Autodesk\AutoCAD 2027\cer.dll, 7.2.4+20251128.8f05bb68.927
[09/02/26 13:35:01] info     Setting key SP/SDK_VERSION, value 7.2.4+20251128.8f05bb68.927 (maxCount 1)
[09/02/26 13:35:01] info     Setting key SP/PRODUCT_NAME_HASH, value 9d6767a77b9d2cce90e03082e1302957689eeac5 (maxCount 1)
[09/02/26 13:35:01] info     Setting key SP/RUNTIME_ARCH, value 1 (maxCount 1)
[09/02/26 13:35:01] info     Set senddmp exe path to C:\Program Files\Autodesk\AutoCAD 2027\CER\senddmp.exe
[09/02/26 13:35:01] info     The cer_service exe C:\Program Files\Autodesk\AutoCAD 2027\CER\service\cer_service.exe is not in folder C:\Program Files\Autodesk\AutoCAD 2027\CER\, it's not a sandbox
[09/02/26 13:35:01] info     Set upi exe path to C:\Program Files\Autodesk\AutoCAD 2027\CER\upi.exe
[09/02/26 13:35:01] info     launching C:\Program Files\Autodesk\AutoCAD 2027\CER\upi.exe --cmd=get-device-id C:\Users\PadXAutoman\AppData\Local\Temp\3\upi_deviceid2
[09/02/26 13:35:01] info     Set deviceID2 to E0980AAE6AED663DCD5E319A495325326BBB7E230497E3E7A688257D5161810C&E78156892A1577BCC8ECA22DE8BDD2ACC3DBA494148FF651DD4CD9294238EEC2&EF8EC29B7F9BDFCB7E48CD68912908B19E16A31DC4691909E40C1617F97C9B38
[09/02/26 13:35:01] info     Setting key SP/DEVICEID2, value E0980AAE6AED663DCD5E319A495325326BBB7E230497E3E7A688257D5161810C&E78156892A1577BCC8ECA22DE8BDD2ACC3DBA494148FF651DD4CD9294238EEC2&EF8EC29B7F9BDFCB7E48CD68912908B19E16A31DC4691909E40C1617F97C9B38 (maxCount 1)
[09/02/26 13:35:01] info     Setting key SP/UUID, value 9d6767a77b9d2cce90e03082e1302957689eeac5E0980AAE6AED663DCD5E319A495325326BBB7E230497E3E7A688257D5161810C&E78156892A1577BCC8ECA22DE8BDD2ACC3DBA494148FF651DD4CD9294238EEC2&EF8EC29B7F9BDFCB7E48CD68912908B19E16A31DC4691909E40C1617F97C9B38 (maxCount 1)
[09/02/26 13:35:01] info     Set senddmp exe path to C:\Program Files\Autodesk\AutoCAD 2027\CER\senddmp.exe
[09/02/26 13:35:01] info     The cer_service exe C:\Program Files\Autodesk\AutoCAD 2027\CER\service\cer_service.exe is not in folder C:\Program Files\Autodesk\AutoCAD 2027\CER\, it's not a sandbox
[09/02/26 13:35:01] info     launching C:\Program Files\Autodesk\AutoCAD 2027\CER\upi.exe "C:\Program Files\Autodesk\AutoCAD 2027\en-US\UPI\upiconfig.xml" C:\Users\PadXAutoman\AppData\Local\Temp\3\upi_info.xml
[09/02/26 13:35:01] info     Setting key SP/UPI_PRODUCT, value ACD (maxCount 1)
[09/02/26 13:35:01] info     Setting key SP/UPI_RELEASE, value 2027 (maxCount 1)
[09/02/26 13:35:01] info     Setting key SP/UPI_MASTER, value {28B89EEF-A101-0409-2102-CF3F3A09B77D} (maxCount 1)
[09/02/26 13:35:01] info     Setting key SP/UPI_BUILD, value 26.0.118.0.0 (maxCount 1)
[09/02/26 13:35:01] info     Setting key SP/UPI_FULL_XML, value <?xml version="1.0"?><upipackage><upivalue version="1.0" type="product" requestingapp="true"><level name="productline" id="ACD"><level name="release" id="2027"><level name="master" id="{28B89EEF-A101-0409-2102-CF3F3A09B77D}"><level name="build" id="26.0.118.0.0"/></level></level></level></upivalue>
<upivalue version="1.0" type="product"><level name="productline" id="ACD"><level name="release" id="2027"><level name="master" id="{28B89EEF-A101-0409-1102-CF3F3A09B77D}"><level name="build" id="26.0.118.0.0"/></level></level></level></upivalue>
<upivalue version="1.0" type="product"><level name="productline" id="ARCHDESK"><level name="release" id="2027"><level name="master" id="{28B89EEE-A104-0000-5102-CF3F3A09B77D}"><level name="build" id="8.9.46.0"/></level></level></level></upivalue>
<upivalue version="1.0" type="product"><level name="productline" id="ACD"><level name="release" id="2027"><level name="master" id="{28B89EEF-A101-0000-0102-CF3F3A09B77D}"><level name="build" id="26.0.118.0.0"/></level></level></level></upivalue>
</upipackage> (maxCount 1)
[09/02/26 13:35:01] info     set legacy options: /APPICON "C:\Program Files\Autodesk\AutoCAD 2027\AcBrandRes.dll" /APPICONID 1
[09/02/26 13:35:01] info     Setting key RP/AppIcon, value C:\Program Files\Autodesk\AutoCAD 2027\AcBrandRes.dll (maxCount 1)
[09/02/26 13:35:01] info     Setting key RP/AppIconId, value 1 (maxCount 1)
[09/02/26 13:35:01] info     Setting key RP/CadSettingsRegPath, value Software\Autodesk\AutoCAD\R26.0\ACAD-A101:409\CadManagerControl\CustomerErrorReport (maxCount 1)
[09/02/26 13:35:01] info     Setting key RP/AppLocaleId, value 1033 (maxCount 1)
[09/02/26 13:35:01] info     Setting key RP/AppXML, value <ProductInformation name ="AutoCAD" build_version="X.118.0.0(x64)" registry_version="26.0" install_id_string="ACAD-A101:409" registry_localeID="1033" git_commit_id="2c19eb970fc25f5e380f0bd3736f8ba9103aade4" /> (maxCount 100)
[09/02/26 13:35:01] info     Setting key SP/THEME_TYPE, value Blue (maxCount 1)
[09/02/26 13:35:01] info     Setting key SP/EXCEPTION_INFO_POINTER, value 140725452047640 (maxCount 1)
[09/02/26 13:35:01] info     Setting key SP/THREAD_ID, value 4294967295 (maxCount 1)
[09/02/26 13:35:01] info     Get key SP/THREAD_ID, index 0: "4294967295"
[09/02/26 13:35:01] info     Setting key SP/WER, value 0 (maxCount 1)
[09/02/26 13:35:01] info     Get key SP/WER, index 0: "0"
[09/02/26 13:35:01] info     Registered C:\Program Files\Autodesk\AutoCAD 2027\cer.dll as WER runtime exception module
[09/02/26 13:35:01] info     Current ErrorMode is 32769
[09/02/26 13:35:01] debug    Receiver ping: pong
[09/02/26 13:35:11] debug    Receiver ping: pong
[09/02/26 13:35:11] info     Setting key RP/Headless, value 1 (maxCount 1)
[09/02/26 13:35:13] info     ================= cer stopped =================
[09/02/26 13:36:00] info     ================= cer started =================
[09/02/26 13:36:00] info     C:\Program Files\Autodesk\AutoCAD 2027\cer.dll, 7.2.4+20251128.8f05bb68.927
[09/02/26 13:36:00] info     Setting key SP/SDK_VERSION, value 7.2.4+20251128.8f05bb68.927 (maxCount 1)
[09/02/26 13:36:00] info     Setting key SP/PRODUCT_NAME_HASH, value 9d6767a77b9d2cce90e03082e1302957689eeac5 (maxCount 1)
[09/02/26 13:36:00] info     Setting key SP/RUNTIME_ARCH, value 1 (maxCount 1)
[09/02/26 13:36:00] info     Set senddmp exe path to C:\Program Files\Autodesk\AutoCAD 2027\CER\senddmp.exe
[09/02/26 13:36:00] info     The cer_service exe C:\Program Files\Autodesk\AutoCAD 2027\CER\service\cer_service.exe is not in folder C:\Program Files\Autodesk\AutoCAD 2027\CER\, it's not a sandbox
[09/02/26 13:36:00] info     Set upi exe path to C:\Program Files\Autodesk\AutoCAD 2027\CER\upi.exe
[09/02/26 13:36:00] info     launching C:\Program Files\Autodesk\AutoCAD 2027\CER\upi.exe --cmd=get-device-id C:\Users\PadXAutoman\AppData\Local\Temp\3\upi_deviceid2
[09/02/26 13:36:01] info     Set deviceID2 to E0980AAE6AED663DCD5E319A495325326BBB7E230497E3E7A688257D5161810C&E78156892A1577BCC8ECA22DE8BDD2ACC3DBA494148FF651DD4CD9294238EEC2&EF8EC29B7F9BDFCB7E48CD68912908B19E16A31DC4691909E40C1617F97C9B38
[09/02/26 13:36:01] info     Setting key SP/DEVICEID2, value E0980AAE6AED663DCD5E319A495325326BBB7E230497E3E7A688257D5161810C&E78156892A1577BCC8ECA22DE8BDD2ACC3DBA494148FF651DD4CD9294238EEC2&EF8EC29B7F9BDFCB7E48CD68912908B19E16A31DC4691909E40C1617F97C9B38 (maxCount 1)
[09/02/26 13:36:01] info     Setting key SP/UUID, value 9d6767a77b9d2cce90e03082e1302957689eeac5E0980AAE6AED663DCD5E319A495325326BBB7E230497E3E7A688257D5161810C&E78156892A1577BCC8ECA22DE8BDD2ACC3DBA494148FF651DD4CD9294238EEC2&EF8EC29B7F9BDFCB7E48CD68912908B19E16A31DC4691909E40C1617F97C9B38 (maxCount 1)
[09/02/26 13:36:01] info     Set senddmp exe path to C:\Program Files\Autodesk\AutoCAD 2027\CER\senddmp.exe
[09/02/26 13:36:01] info     The cer_service exe C:\Program Files\Autodesk\AutoCAD 2027\CER\service\cer_service.exe is not in folder C:\Program Files\Autodesk\AutoCAD 2027\CER\, it's not a sandbox
[09/02/26 13:36:01] info     launching C:\Program Files\Autodesk\AutoCAD 2027\CER\upi.exe "C:\Program Files\Autodesk\AutoCAD 2027\en-US\UPI\upiconfig.xml" C:\Users\PadXAutoman\AppData\Local\Temp\3\upi_info.xml
[09/02/26 13:36:01] info     Setting key SP/UPI_PRODUCT, value ACD (maxCount 1)
[09/02/26 13:36:01] info     Setting key SP/UPI_RELEASE, value 2027 (maxCount 1)
[09/02/26 13:36:01] info     Setting key SP/UPI_MASTER, value {28B89EEF-A101-0409-2102-CF3F3A09B77D} (maxCount 1)
[09/02/26 13:36:01] info     Setting key SP/UPI_BUILD, value 26.0.118.0.0 (maxCount 1)
[09/02/26 13:36:01] info     Setting key SP/UPI_FULL_XML, value <?xml version="1.0"?><upipackage><upivalue version="1.0" type="product" requestingapp="true"><level name="productline" id="ACD"><level name="release" id="2027"><level name="master" id="{28B89EEF-A101-0409-2102-CF3F3A09B77D}"><level name="build" id="26.0.118.0.0"/></level></level></level></upivalue>
<upivalue version="1.0" type="product"><level name="productline" id="ACD"><level name="release" id="2027"><level name="master" id="{28B89EEF-A101-0409-1102-CF3F3A09B77D}"><level name="build" id="26.0.118.0.0"/></level></level></level></upivalue>
<upivalue version="1.0" type="product"><level name="productline" id="ARCHDESK"><level name="release" id="2027"><level name="master" id="{28B89EEE-A104-0000-5102-CF3F3A09B77D}"><level name="build" id="8.9.46.0"/></level></level></level></upivalue>
<upivalue version="1.0" type="product"><level name="productline" id="ACD"><level name="release" id="2027"><level name="master" id="{28B89EEF-A101-0000-0102-CF3F3A09B77D}"><level name="build" id="26.0.118.0.0"/></level></level></level></upivalue>
</upipackage> (maxCount 1)
[09/02/26 13:36:01] info     set legacy options: /APPICON "C:\Program Files\Autodesk\AutoCAD 2027\AcBrandRes.dll" /APPICONID 1
[09/02/26 13:36:01] info     Setting key RP/AppIcon, value C:\Program Files\Autodesk\AutoCAD 2027\AcBrandRes.dll (maxCount 1)
[09/02/26 13:36:01] info     Setting key RP/AppIconId, value 1 (maxCount 1)
[09/02/26 13:36:01] info     Setting key RP/CadSettingsRegPath, value Software\Autodesk\AutoCAD\R26.0\ACAD-A101:409\CadManagerControl\CustomerErrorReport (maxCount 1)
[09/02/26 13:36:01] info     Setting key RP/AppLocaleId, value 1033 (maxCount 1)
[09/02/26 13:36:01] info     Setting key RP/AppXML, value <ProductInformation name ="AutoCAD" build_version="X.118.0.0(x64)" registry_version="26.0" install_id_string="ACAD-A101:409" registry_localeID="1033" git_commit_id="2c19eb970fc25f5e380f0bd3736f8ba9103aade4" /> (maxCount 100)
[09/02/26 13:36:01] info     Setting key SP/THEME_TYPE, value Blue (maxCount 1)
[09/02/26 13:36:01] info     Setting key SP/EXCEPTION_INFO_POINTER, value 140725452047640 (maxCount 1)
[09/02/26 13:36:01] info     Setting key SP/THREAD_ID, value 4294967295 (maxCount 1)
[09/02/26 13:36:01] info     Get key SP/THREAD_ID, index 0: "4294967295"
[09/02/26 13:36:01] info     Setting key SP/WER, value 0 (maxCount 1)
[09/02/26 13:36:01] info     Get key SP/WER, index 0: "0"
[09/02/26 13:36:01] info     Registered C:\Program Files\Autodesk\AutoCAD 2027\cer.dll as WER runtime exception module
[09/02/26 13:36:01] info     Current ErrorMode is 32769
[09/02/26 13:36:01] debug    Receiver ping: pong
[09/02/26 13:36:05] info     Setting key RP/Headless, value 1 (maxCount 1)
[09/02/26 13:36:05] info     ================= cer stopped =================
[09/02/26 13:54:46] info     ================= cer started =================
[09/02/26 13:54:46] info     C:\Program Files\Autodesk\AutoCAD 2027\cer.dll, 7.2.4+20251128.8f05bb68.927
[09/02/26 13:54:46] info     Setting key SP/SDK_VERSION, value 7.2.4+20251128.8f05bb68.927 (maxCount 1)
[09/02/26 13:54:46] info     Setting key SP/PRODUCT_NAME_HASH, value 9d6767a77b9d2cce90e03082e1302957689eeac5 (maxCount 1)
[09/02/26 13:54:46] info     Setting key SP/RUNTIME_ARCH, value 1 (maxCount 1)
[09/02/26 13:54:46] info     Set senddmp exe path to C:\Program Files\Autodesk\AutoCAD 2027\CER\senddmp.exe
[09/02/26 13:54:46] info     The cer_service exe C:\Program Files\Autodesk\AutoCAD 2027\CER\service\cer_service.exe is not in folder C:\Program Files\Autodesk\AutoCAD 2027\CER\, it's not a sandbox
[09/02/26 13:54:46] info     Set upi exe path to C:\Program Files\Autodesk\AutoCAD 2027\CER\upi.exe
[09/02/26 13:54:46] info     launching C:\Program Files\Autodesk\AutoCAD 2027\CER\upi.exe --cmd=get-device-id C:\Users\PadXAutoman\AppData\Local\Temp\3\upi_deviceid2
[09/02/26 13:54:47] info     Set deviceID2 to E0980AAE6AED663DCD5E319A495325326BBB7E230497E3E7A688257D5161810C&E78156892A1577BCC8ECA22DE8BDD2ACC3DBA494148FF651DD4CD9294238EEC2&EF8EC29B7F9BDFCB7E48CD68912908B19E16A31DC4691909E40C1617F97C9B38
[09/02/26 13:54:47] info     Setting key SP/DEVICEID2, value E0980AAE6AED663DCD5E319A495325326BBB7E230497E3E7A688257D5161810C&E78156892A1577BCC8ECA22DE8BDD2ACC3DBA494148FF651DD4CD9294238EEC2&EF8EC29B7F9BDFCB7E48CD68912908B19E16A31DC4691909E40C1617F97C9B38 (maxCount 1)
[09/02/26 13:54:47] info     Setting key SP/UUID, value 9d6767a77b9d2cce90e03082e1302957689eeac5E0980AAE6AED663DCD5E319A495325326BBB7E230497E3E7A688257D5161810C&E78156892A1577BCC8ECA22DE8BDD2ACC3DBA494148FF651DD4CD9294238EEC2&EF8EC29B7F9BDFCB7E48CD68912908B19E16A31DC4691909E40C1617F97C9B38 (maxCount 1)
[09/02/26 13:54:47] info     Set senddmp exe path to C:\Program Files\Autodesk\AutoCAD 2027\CER\senddmp.exe
[09/02/26 13:54:47] info     The cer_service exe C:\Program Files\Autodesk\AutoCAD 2027\CER\service\cer_service.exe is not in folder C:\Program Files\Autodesk\AutoCAD 2027\CER\, it's not a sandbox
[09/02/26 13:54:47] info     launching C:\Program Files\Autodesk\AutoCAD 2027\CER\upi.exe "C:\Program Files\Autodesk\AutoCAD 2027\en-US\UPI\upiconfig.xml" C:\Users\PadXAutoman\AppData\Local\Temp\3\upi_info.xml
[09/02/26 13:54:47] info     Setting key SP/UPI_PRODUCT, value ACD (maxCount 1)
[09/02/26 13:54:47] info     Setting key SP/UPI_RELEASE, value 2027 (maxCount 1)
[09/02/26 13:54:47] info     Setting key SP/UPI_MASTER, value {28B89EEF-A101-0409-2102-CF3F3A09B77D} (maxCount 1)
[09/02/26 13:54:47] info     Setting key SP/UPI_BUILD, value 26.0.118.0.0 (maxCount 1)
[09/02/26 13:54:47] info     Setting key SP/UPI_FULL_XML, value <?xml version="1.0"?><upipackage><upivalue version="1.0" type="product" requestingapp="true"><level name="productline" id="ACD"><level name="release" id="2027"><level name="master" id="{28B89EEF-A101-0409-2102-CF3F3A09B77D}"><level name="build" id="26.0.118.0.0"/></level></level></level></upivalue>
<upivalue version="1.0" type="product"><level name="productline" id="ACD"><level name="release" id="2027"><level name="master" id="{28B89EEF-A101-0409-1102-CF3F3A09B77D}"><level name="build" id="26.0.118.0.0"/></level></level></level></upivalue>
<upivalue version="1.0" type="product"><level name="productline" id="ARCHDESK"><level name="release" id="2027"><level name="master" id="{28B89EEE-A104-0000-5102-CF3F3A09B77D}"><level name="build" id="8.9.46.0"/></level></level></level></upivalue>
<upivalue version="1.0" type="product"><level name="productline" id="ACD"><level name="release" id="2027"><level name="master" id="{28B89EEF-A101-0000-0102-CF3F3A09B77D}"><level name="build" id="26.0.118.0.0"/></level></level></level></upivalue>
</upipackage> (maxCount 1)
[09/02/26 13:54:47] info     set legacy options: /APPICON "C:\Program Files\Autodesk\AutoCAD 2027\AcBrandRes.dll" /APPICONID 1
[09/02/26 13:54:47] info     Setting key RP/AppIcon, value C:\Program Files\Autodesk\AutoCAD 2027\AcBrandRes.dll (maxCount 1)
[09/02/26 13:54:47] info     Setting key RP/AppIconId, value 1 (maxCount 1)
[09/02/26 13:54:47] info     Setting key RP/CadSettingsRegPath, value Software\Autodesk\AutoCAD\R26.0\ACAD-A101:409\CadManagerControl\CustomerErrorReport (maxCount 1)
[09/02/26 13:54:47] info     Setting key RP/AppLocaleId, value 1033 (maxCount 1)
[09/02/26 13:54:47] info     Setting key RP/AppXML, value <ProductInformation name ="AutoCAD" build_version="X.118.0.0(x64)" registry_version="26.0" install_id_string="ACAD-A101:409" registry_localeID="1033" git_commit_id="2c19eb970fc25f5e380f0bd3736f8ba9103aade4" /> (maxCount 100)
[09/02/26 13:54:47] info     Setting key SP/THEME_TYPE, value Blue (maxCount 1)
[09/02/26 13:54:47] info     Setting key SP/EXCEPTION_INFO_POINTER, value 140725452047640 (maxCount 1)
[09/02/26 13:54:47] info     Setting key SP/THREAD_ID, value 4294967295 (maxCount 1)
[09/02/26 13:54:47] info     Get key SP/THREAD_ID, index 0: "4294967295"
[09/02/26 13:54:47] info     Setting key SP/WER, value 0 (maxCount 1)
[09/02/26 13:54:47] info     Get key SP/WER, index 0: "0"
[09/02/26 13:54:47] info     Registered C:\Program Files\Autodesk\AutoCAD 2027\cer.dll as WER runtime exception module
[09/02/26 13:54:47] info     Current ErrorMode is 32769
[09/02/26 13:54:47] debug    Receiver ping: pong
[09/02/26 13:54:57] debug    Receiver ping: pong
[09/02/26 13:54:59] info     Setting key RP/Headless, value 1 (maxCount 1)
[09/02/26 13:55:00] info     ================= cer stopped =================
[09/02/26 13:55:50] info     ================= cer started =================
[09/02/26 13:55:50] info     C:\Program Files\Autodesk\AutoCAD 2027\cer.dll, 7.2.4+20251128.8f05bb68.927
[09/02/26 13:55:50] info     Setting key SP/SDK_VERSION, value 7.2.4+20251128.8f05bb68.927 (maxCount 1)
[09/02/26 13:55:50] info     Setting key SP/PRODUCT_NAME_HASH, value 9d6767a77b9d2cce90e03082e1302957689eeac5 (maxCount 1)
[09/02/26 13:55:50] info     Setting key SP/RUNTIME_ARCH, value 1 (maxCount 1)
[09/02/26 13:55:50] info     Set senddmp exe path to C:\Program Files\Autodesk\AutoCAD 2027\CER\senddmp.exe
[09/02/26 13:55:50] info     The cer_service exe C:\Program Files\Autodesk\AutoCAD 2027\CER\service\cer_service.exe is not in folder C:\Program Files\Autodesk\AutoCAD 2027\CER\, it's not a sandbox
[09/02/26 13:55:50] info     Set upi exe path to C:\Program Files\Autodesk\AutoCAD 2027\CER\upi.exe
[09/02/26 13:55:50] info     launching C:\Program Files\Autodesk\AutoCAD 2027\CER\upi.exe --cmd=get-device-id C:\Users\PadXAutoman\AppData\Local\Temp\3\upi_deviceid2
[09/02/26 13:55:50] info     Set deviceID2 to E0980AAE6AED663DCD5E319A495325326BBB7E230497E3E7A688257D5161810C&E78156892A1577BCC8ECA22DE8BDD2ACC3DBA494148FF651DD4CD9294238EEC2&EF8EC29B7F9BDFCB7E48CD68912908B19E16A31DC4691909E40C1617F97C9B38
[09/02/26 13:55:50] info     Setting key SP/DEVICEID2, value E0980AAE6AED663DCD5E319A495325326BBB7E230497E3E7A688257D5161810C&E78156892A1577BCC8ECA22DE8BDD2ACC3DBA494148FF651DD4CD9294238EEC2&EF8EC29B7F9BDFCB7E48CD68912908B19E16A31DC4691909E40C1617F97C9B38 (maxCount 1)
[09/02/26 13:55:50] info     Setting key SP/UUID, value 9d6767a77b9d2cce90e03082e1302957689eeac5E0980AAE6AED663DCD5E319A495325326BBB7E230497E3E7A688257D5161810C&E78156892A1577BCC8ECA22DE8BDD2ACC3DBA494148FF651DD4CD9294238EEC2&EF8EC29B7F9BDFCB7E48CD68912908B19E16A31DC4691909E40C1617F97C9B38 (maxCount 1)
[09/02/26 13:55:50] info     Set senddmp exe path to C:\Program Files\Autodesk\AutoCAD 2027\CER\senddmp.exe
[09/02/26 13:55:50] info     The cer_service exe C:\Program Files\Autodesk\AutoCAD 2027\CER\service\cer_service.exe is not in folder C:\Program Files\Autodesk\AutoCAD 2027\CER\, it's not a sandbox
[09/02/26 13:55:50] info     launching C:\Program Files\Autodesk\AutoCAD 2027\CER\upi.exe "C:\Program Files\Autodesk\AutoCAD 2027\en-US\UPI\upiconfig.xml" C:\Users\PadXAutoman\AppData\Local\Temp\3\upi_info.xml
[09/02/26 13:55:50] info     Setting key SP/UPI_PRODUCT, value ACD (maxCount 1)
[09/02/26 13:55:50] info     Setting key SP/UPI_RELEASE, value 2027 (maxCount 1)
[09/02/26 13:55:50] info     Setting key SP/UPI_MASTER, value {28B89EEF-A101-0409-2102-CF3F3A09B77D} (maxCount 1)
[09/02/26 13:55:50] info     Setting key SP/UPI_BUILD, value 26.0.118.0.0 (maxCount 1)
[09/02/26 13:55:50] info     Setting key SP/UPI_FULL_XML, value <?xml version="1.0"?><upipackage><upivalue version="1.0" type="product" requestingapp="true"><level name="productline" id="ACD"><level name="release" id="2027"><level name="master" id="{28B89EEF-A101-0409-2102-CF3F3A09B77D}"><level name="build" id="26.0.118.0.0"/></level></level></level></upivalue>
<upivalue version="1.0" type="product"><level name="productline" id="ACD"><level name="release" id="2027"><level name="master" id="{28B89EEF-A101-0409-1102-CF3F3A09B77D}"><level name="build" id="26.0.118.0.0"/></level></level></level></upivalue>
<upivalue version="1.0" type="product"><level name="productline" id="ARCHDESK"><level name="release" id="2027"><level name="master" id="{28B89EEE-A104-0000-5102-CF3F3A09B77D}"><level name="build" id="8.9.46.0"/></level></level></level></upivalue>
<upivalue version="1.0" type="product"><level name="productline" id="ACD"><level name="release" id="2027"><level name="master" id="{28B89EEF-A101-0000-0102-CF3F3A09B77D}"><level name="build" id="26.0.118.0.0"/></level></level></level></upivalue>
</upipackage> (maxCount 1)
[09/02/26 13:55:50] info     set legacy options: /APPICON "C:\Program Files\Autodesk\AutoCAD 2027\AcBrandRes.dll" /APPICONID 1
[09/02/26 13:55:50] info     Setting key RP/AppIcon, value C:\Program Files\Autodesk\AutoCAD 2027\AcBrandRes.dll (maxCount 1)
[09/02/26 13:55:50] info     Setting key RP/AppIconId, value 1 (maxCount 1)
[09/02/26 13:55:50] info     Setting key RP/CadSettingsRegPath, value Software\Autodesk\AutoCAD\R26.0\ACAD-A101:409\CadManagerControl\CustomerErrorReport (maxCount 1)
[09/02/26 13:55:50] info     Setting key RP/AppLocaleId, value 1033 (maxCount 1)
[09/02/26 13:55:50] info     Setting key RP/AppXML, value <ProductInformation name ="AutoCAD" build_version="X.118.0.0(x64)" registry_version="26.0" install_id_string="ACAD-A101:409" registry_localeID="1033" git_commit_id="2c19eb970fc25f5e380f0bd3736f8ba9103aade4" /> (maxCount 100)
[09/02/26 13:55:50] info     Setting key SP/THEME_TYPE, value Blue (maxCount 1)
[09/02/26 13:55:50] info     Setting key SP/EXCEPTION_INFO_POINTER, value 140725452047640 (maxCount 1)
[09/02/26 13:55:50] info     Setting key SP/THREAD_ID, value 4294967295 (maxCount 1)
[09/02/26 13:55:50] info     Get key SP/THREAD_ID, index 0: "4294967295"
[09/02/26 13:55:50] info     Setting key SP/WER, value 0 (maxCount 1)
[09/02/26 13:55:50] info     Get key SP/WER, index 0: "0"
[09/02/26 13:55:50] info     Registered C:\Program Files\Autodesk\AutoCAD 2027\cer.dll as WER runtime exception module
[09/02/26 13:55:50] info     Current ErrorMode is 32769
[09/02/26 13:55:50] debug    Receiver ping: pong
[09/02/26 13:55:54] info     Setting key RP/Headless, value 1 (maxCount 1)
[09/02/26 13:55:55] info     ================= cer stopped =================
[09/02/26 14:01:57] info     ================= cer started =================
[09/02/26 14:01:57] info     C:\Program Files\Autodesk\AutoCAD 2027\cer.dll, 7.2.4+20251128.8f05bb68.927
[09/02/26 14:01:57] info     Setting key SP/SDK_VERSION, value 7.2.4+20251128.8f05bb68.927 (maxCount 1)
[09/02/26 14:01:57] info     Setting key SP/PRODUCT_NAME_HASH, value 9d6767a77b9d2cce90e03082e1302957689eeac5 (maxCount 1)
[09/02/26 14:01:57] info     Setting key SP/RUNTIME_ARCH, value 1 (maxCount 1)
[09/02/26 14:01:57] info     Set senddmp exe path to C:\Program Files\Autodesk\AutoCAD 2027\CER\senddmp.exe
[09/02/26 14:01:57] info     The cer_service exe C:\Program Files\Autodesk\AutoCAD 2027\CER\service\cer_service.exe is not in folder C:\Program Files\Autodesk\AutoCAD 2027\CER\, it's not a sandbox
[09/02/26 14:01:57] info     Set upi exe path to C:\Program Files\Autodesk\AutoCAD 2027\CER\upi.exe
[09/02/26 14:01:57] info     launching C:\Program Files\Autodesk\AutoCAD 2027\CER\upi.exe --cmd=get-device-id C:\Users\PadXAutoman\AppData\Local\Temp\3\upi_deviceid2
[09/02/26 14:01:57] info     Set deviceID2 to E0980AAE6AED663DCD5E319A495325326BBB7E230497E3E7A688257D5161810C&E78156892A1577BCC8ECA22DE8BDD2ACC3DBA494148FF651DD4CD9294238EEC2&EF8EC29B7F9BDFCB7E48CD68912908B19E16A31DC4691909E40C1617F97C9B38
[09/02/26 14:01:57] info     Setting key SP/DEVICEID2, value E0980AAE6AED663DCD5E319A495325326BBB7E230497E3E7A688257D5161810C&E78156892A1577BCC8ECA22DE8BDD2ACC3DBA494148FF651DD4CD9294238EEC2&EF8EC29B7F9BDFCB7E48CD68912908B19E16A31DC4691909E40C1617F97C9B38 (maxCount 1)
[09/02/26 14:01:57] info     Setting key SP/UUID, value 9d6767a77b9d2cce90e03082e1302957689eeac5E0980AAE6AED663DCD5E319A495325326BBB7E230497E3E7A688257D5161810C&E78156892A1577BCC8ECA22DE8BDD2ACC3DBA494148FF651DD4CD9294238EEC2&EF8EC29B7F9BDFCB7E48CD68912908B19E16A31DC4691909E40C1617F97C9B38 (maxCount 1)
[09/02/26 14:01:57] info     Set senddmp exe path to C:\Program Files\Autodesk\AutoCAD 2027\CER\senddmp.exe
[09/02/26 14:01:57] info     The cer_service exe C:\Program Files\Autodesk\AutoCAD 2027\CER\service\cer_service.exe is not in folder C:\Program Files\Autodesk\AutoCAD 2027\CER\, it's not a sandbox
[09/02/26 14:01:57] info     launching C:\Program Files\Autodesk\AutoCAD 2027\CER\upi.exe "C:\Program Files\Autodesk\AutoCAD 2027\en-US\UPI\upiconfig.xml" C:\Users\PadXAutoman\AppData\Local\Temp\3\upi_info.xml
[09/02/26 14:01:57] info     Setting key SP/UPI_PRODUCT, value ACD (maxCount 1)
[09/02/26 14:01:57] info     Setting key SP/UPI_RELEASE, value 2027 (maxCount 1)
[09/02/26 14:01:57] info     Setting key SP/UPI_MASTER, value {28B89EEF-A101-0409-2102-CF3F3A09B77D} (maxCount 1)
[09/02/26 14:01:57] info     Setting key SP/UPI_BUILD, value 26.0.118.0.0 (maxCount 1)
[09/02/26 14:01:57] info     Setting key SP/UPI_FULL_XML, value <?xml version="1.0"?><upipackage><upivalue version="1.0" type="product" requestingapp="true"><level name="productline" id="ACD"><level name="release" id="2027"><level name="master" id="{28B89EEF-A101-0409-2102-CF3F3A09B77D}"><level name="build" id="26.0.118.0.0"/></level></level></level></upivalue>
<upivalue version="1.0" type="product"><level name="productline" id="ACD"><level name="release" id="2027"><level name="master" id="{28B89EEF-A101-0409-1102-CF3F3A09B77D}"><level name="build" id="26.0.118.0.0"/></level></level></level></upivalue>
<upivalue version="1.0" type="product"><level name="productline" id="ARCHDESK"><level name="release" id="2027"><level name="master" id="{28B89EEE-A104-0000-5102-CF3F3A09B77D}"><level name="build" id="8.9.46.0"/></level></level></level></upivalue>
<upivalue version="1.0" type="product"><level name="productline" id="ACD"><level name="release" id="2027"><level name="master" id="{28B89EEF-A101-0000-0102-CF3F3A09B77D}"><level name="build" id="26.0.118.0.0"/></level></level></level></upivalue>
</upipackage> (maxCount 1)
[09/02/26 14:01:57] info     set legacy options: /APPICON "C:\Program Files\Autodesk\AutoCAD 2027\AcBrandRes.dll" /APPICONID 1
[09/02/26 14:01:57] info     Setting key RP/AppIcon, value C:\Program Files\Autodesk\AutoCAD 2027\AcBrandRes.dll (maxCount 1)
[09/02/26 14:01:57] info     Setting key RP/AppIconId, value 1 (maxCount 1)
[09/02/26 14:01:57] info     Setting key RP/CadSettingsRegPath, value Software\Autodesk\AutoCAD\R26.0\ACAD-A101:409\CadManagerControl\CustomerErrorReport (maxCount 1)
[09/02/26 14:01:57] info     Setting key RP/AppLocaleId, value 1033 (maxCount 1)
[09/02/26 14:01:57] info     Setting key RP/AppXML, value <ProductInformation name ="AutoCAD" build_version="X.118.0.0(x64)" registry_version="26.0" install_id_string="ACAD-A101:409" registry_localeID="1033" git_commit_id="2c19eb970fc25f5e380f0bd3736f8ba9103aade4" /> (maxCount 100)
[09/02/26 14:01:57] info     Setting key SP/THEME_TYPE, value Blue (maxCount 1)
[09/02/26 14:01:57] info     Setting key SP/EXCEPTION_INFO_POINTER, value 140725452047640 (maxCount 1)
[09/02/26 14:01:57] info     Setting key SP/THREAD_ID, value 4294967295 (maxCount 1)
[09/02/26 14:01:57] info     Get key SP/THREAD_ID, index 0: "4294967295"
[09/02/26 14:01:57] info     Setting key SP/WER, value 0 (maxCount 1)
[09/02/26 14:01:57] info     Get key SP/WER, index 0: "0"
[09/02/26 14:01:57] info     Registered C:\Program Files\Autodesk\AutoCAD 2027\cer.dll as WER runtime exception module
[09/02/26 14:01:57] info     Current ErrorMode is 32769
[09/02/26 14:01:57] debug    Receiver ping: pong
[09/02/26 14:02:07] info     Setting key RP/Headless, value 1 (maxCount 1)
[09/02/26 14:02:07] debug    Receiver ping: pong
[09/02/26 14:02:08] info     ================= cer stopped =================
[09/02/26 14:03:18] info     ================= cer started =================
[09/02/26 14:03:18] info     C:\Program Files\Autodesk\AutoCAD 2027\cer.dll, 7.2.4+20251128.8f05bb68.927
[09/02/26 14:03:18] info     Setting key SP/SDK_VERSION, value 7.2.4+20251128.8f05bb68.927 (maxCount 1)
[09/02/26 14:03:18] info     Setting key SP/PRODUCT_NAME_HASH, value 9d6767a77b9d2cce90e03082e1302957689eeac5 (maxCount 1)
[09/02/26 14:03:18] info     Setting key SP/RUNTIME_ARCH, value 1 (maxCount 1)
[09/02/26 14:03:18] info     Set senddmp exe path to C:\Program Files\Autodesk\AutoCAD 2027\CER\senddmp.exe
[09/02/26 14:03:18] info     The cer_service exe C:\Program Files\Autodesk\AutoCAD 2027\CER\service\cer_service.exe is not in folder C:\Program Files\Autodesk\AutoCAD 2027\CER\, it's not a sandbox
[09/02/26 14:03:18] info     Set upi exe path to C:\Program Files\Autodesk\AutoCAD 2027\CER\upi.exe
[09/02/26 14:03:18] info     launching C:\Program Files\Autodesk\AutoCAD 2027\CER\upi.exe --cmd=get-device-id C:\Users\PadXAutoman\AppData\Local\Temp\3\upi_deviceid2
[09/02/26 14:03:19] info     Set deviceID2 to E0980AAE6AED663DCD5E319A495325326BBB7E230497E3E7A688257D5161810C&E78156892A1577BCC8ECA22DE8BDD2ACC3DBA494148FF651DD4CD9294238EEC2&EF8EC29B7F9BDFCB7E48CD68912908B19E16A31DC4691909E40C1617F97C9B38
[09/02/26 14:03:19] info     Setting key SP/DEVICEID2, value E0980AAE6AED663DCD5E319A495325326BBB7E230497E3E7A688257D5161810C&E78156892A1577BCC8ECA22DE8BDD2ACC3DBA494148FF651DD4CD9294238EEC2&EF8EC29B7F9BDFCB7E48CD68912908B19E16A31DC4691909E40C1617F97C9B38 (maxCount 1)
[09/02/26 14:03:19] info     Setting key SP/UUID, value 9d6767a77b9d2cce90e03082e1302957689eeac5E0980AAE6AED663DCD5E319A495325326BBB7E230497E3E7A688257D5161810C&E78156892A1577BCC8ECA22DE8BDD2ACC3DBA494148FF651DD4CD9294238EEC2&EF8EC29B7F9BDFCB7E48CD68912908B19E16A31DC4691909E40C1617F97C9B38 (maxCount 1)
[09/02/26 14:03:19] info     Set senddmp exe path to C:\Program Files\Autodesk\AutoCAD 2027\CER\senddmp.exe
[09/02/26 14:03:19] info     The cer_service exe C:\Program Files\Autodesk\AutoCAD 2027\CER\service\cer_service.exe is not in folder C:\Program Files\Autodesk\AutoCAD 2027\CER\, it's not a sandbox
[09/02/26 14:03:19] info     launching C:\Program Files\Autodesk\AutoCAD 2027\CER\upi.exe "C:\Program Files\Autodesk\AutoCAD 2027\en-US\UPI\upiconfig.xml" C:\Users\PadXAutoman\AppData\Local\Temp\3\upi_info.xml
[09/02/26 14:03:19] info     Setting key SP/UPI_PRODUCT, value ACD (maxCount 1)
[09/02/26 14:03:19] info     Setting key SP/UPI_RELEASE, value 2027 (maxCount 1)
[09/02/26 14:03:19] info     Setting key SP/UPI_MASTER, value {28B89EEF-A101-0409-2102-CF3F3A09B77D} (maxCount 1)
[09/02/26 14:03:19] info     Setting key SP/UPI_BUILD, value 26.0.118.0.0 (maxCount 1)
[09/02/26 14:03:19] info     Setting key SP/UPI_FULL_XML, value <?xml version="1.0"?><upipackage><upivalue version="1.0" type="product" requestingapp="true"><level name="productline" id="ACD"><level name="release" id="2027"><level name="master" id="{28B89EEF-A101-0409-2102-CF3F3A09B77D}"><level name="build" id="26.0.118.0.0"/></level></level></level></upivalue>
<upivalue version="1.0" type="product"><level name="productline" id="ACD"><level name="release" id="2027"><level name="master" id="{28B89EEF-A101-0409-1102-CF3F3A09B77D}"><level name="build" id="26.0.118.0.0"/></level></level></level></upivalue>
<upivalue version="1.0" type="product"><level name="productline" id="ARCHDESK"><level name="release" id="2027"><level name="master" id="{28B89EEE-A104-0000-5102-CF3F3A09B77D}"><level name="build" id="8.9.46.0"/></level></level></level></upivalue>
<upivalue version="1.0" type="product"><level name="productline" id="ACD"><level name="release" id="2027"><level name="master" id="{28B89EEF-A101-0000-0102-CF3F3A09B77D}"><level name="build" id="26.0.118.0.0"/></level></level></level></upivalue>
</upipackage> (maxCount 1)
[09/02/26 14:03:19] info     set legacy options: /APPICON "C:\Program Files\Autodesk\AutoCAD 2027\AcBrandRes.dll" /APPICONID 1
[09/02/26 14:03:19] info     Setting key RP/AppIcon, value C:\Program Files\Autodesk\AutoCAD 2027\AcBrandRes.dll (maxCount 1)
[09/02/26 14:03:19] info     Setting key RP/AppIconId, value 1 (maxCount 1)
[09/02/26 14:03:19] info     Setting key RP/CadSettingsRegPath, value Software\Autodesk\AutoCAD\R26.0\ACAD-A101:409\CadManagerControl\CustomerErrorReport (maxCount 1)
[09/02/26 14:03:19] info     Setting key RP/AppLocaleId, value 1033 (maxCount 1)
[09/02/26 14:03:19] info     Setting key RP/AppXML, value <ProductInformation name ="AutoCAD" build_version="X.118.0.0(x64)" registry_version="26.0" install_id_string="ACAD-A101:409" registry_localeID="1033" git_commit_id="2c19eb970fc25f5e380f0bd3736f8ba9103aade4" /> (maxCount 100)
[09/02/26 14:03:19] info     Setting key SP/THEME_TYPE, value Blue (maxCount 1)
[09/02/26 14:03:19] info     Setting key SP/EXCEPTION_INFO_POINTER, value 140725452047640 (maxCount 1)
[09/02/26 14:03:19] info     Setting key SP/THREAD_ID, value 4294967295 (maxCount 1)
[09/02/26 14:03:19] info     Get key SP/THREAD_ID, index 0: "4294967295"
[09/02/26 14:03:19] info     Setting key SP/WER, value 0 (maxCount 1)
[09/02/26 14:03:19] info     Get key SP/WER, index 0: "0"
[09/02/26 14:03:19] info     Registered C:\Program Files\Autodesk\AutoCAD 2027\cer.dll as WER runtime exception module
[09/02/26 14:03:19] info     Current ErrorMode is 32769
[09/02/26 14:03:19] debug    Receiver ping: pong
[09/02/26 14:03:24] info     Setting key RP/Headless, value 1 (maxCount 1)
[09/02/26 14:03:25] info     ================= cer stopped =================
[09/02/26 14:18:13] info     ================= cer started =================
[09/02/26 14:18:13] info     C:\Program Files\Autodesk\AutoCAD 2027\cer.dll, 7.2.4+20251128.8f05bb68.927
[09/02/26 14:18:13] info     Setting key SP/SDK_VERSION, value 7.2.4+20251128.8f05bb68.927 (maxCount 1)
[09/02/26 14:18:13] info     Setting key SP/PRODUCT_NAME_HASH, value 9d6767a77b9d2cce90e03082e1302957689eeac5 (maxCount 1)
[09/02/26 14:18:13] info     Setting key SP/RUNTIME_ARCH, value 1 (maxCount 1)
[09/02/26 14:18:13] info     Set senddmp exe path to C:\Program Files\Autodesk\AutoCAD 2027\CER\senddmp.exe
[09/02/26 14:18:13] info     The cer_service exe C:\Program Files\Autodesk\AutoCAD 2027\CER\service\cer_service.exe is not in folder C:\Program Files\Autodesk\AutoCAD 2027\CER\, it's not a sandbox
[09/02/26 14:18:13] info     Set upi exe path to C:\Program Files\Autodesk\AutoCAD 2027\CER\upi.exe
[09/02/26 14:18:13] info     launching C:\Program Files\Autodesk\AutoCAD 2027\CER\upi.exe --cmd=get-device-id C:\Users\PadXAutoman\AppData\Local\Temp\3\upi_deviceid2
[09/02/26 14:18:14] info     Set deviceID2 to E0980AAE6AED663DCD5E319A495325326BBB7E230497E3E7A688257D5161810C&E78156892A1577BCC8ECA22DE8BDD2ACC3DBA494148FF651DD4CD9294238EEC2&EF8EC29B7F9BDFCB7E48CD68912908B19E16A31DC4691909E40C1617F97C9B38
[09/02/26 14:18:14] info     Setting key SP/DEVICEID2, value E0980AAE6AED663DCD5E319A495325326BBB7E230497E3E7A688257D5161810C&E78156892A1577BCC8ECA22DE8BDD2ACC3DBA494148FF651DD4CD9294238EEC2&EF8EC29B7F9BDFCB7E48CD68912908B19E16A31DC4691909E40C1617F97C9B38 (maxCount 1)
[09/02/26 14:18:14] info     Setting key SP/UUID, value 9d6767a77b9d2cce90e03082e1302957689eeac5E0980AAE6AED663DCD5E319A495325326BBB7E230497E3E7A688257D5161810C&E78156892A1577BCC8ECA22DE8BDD2ACC3DBA494148FF651DD4CD9294238EEC2&EF8EC29B7F9BDFCB7E48CD68912908B19E16A31DC4691909E40C1617F97C9B38 (maxCount 1)
[09/02/26 14:18:14] info     Set senddmp exe path to C:\Program Files\Autodesk\AutoCAD 2027\CER\senddmp.exe
[09/02/26 14:18:14] info     The cer_service exe C:\Program Files\Autodesk\AutoCAD 2027\CER\service\cer_service.exe is not in folder C:\Program Files\Autodesk\AutoCAD 2027\CER\, it's not a sandbox
[09/02/26 14:18:14] info     launching C:\Program Files\Autodesk\AutoCAD 2027\CER\upi.exe "C:\Program Files\Autodesk\AutoCAD 2027\en-US\UPI\upiconfig.xml" C:\Users\PadXAutoman\AppData\Local\Temp\3\upi_info.xml
[09/02/26 14:18:14] info     Setting key SP/UPI_PRODUCT, value ACD (maxCount 1)
[09/02/26 14:18:14] info     Setting key SP/UPI_RELEASE, value 2027 (maxCount 1)
[09/02/26 14:18:14] info     Setting key SP/UPI_MASTER, value {28B89EEF-A101-0409-2102-CF3F3A09B77D} (maxCount 1)
[09/02/26 14:18:14] info     Setting key SP/UPI_BUILD, value 26.0.118.0.0 (maxCount 1)
[09/02/26 14:18:14] info     Setting key SP/UPI_FULL_XML, value <?xml version="1.0"?><upipackage><upivalue version="1.0" type="product" requestingapp="true"><level name="productline" id="ACD"><level name="release" id="2027"><level name="master" id="{28B89EEF-A101-0409-2102-CF3F3A09B77D}"><level name="build" id="26.0.118.0.0"/></level></level></level></upivalue>
<upivalue version="1.0" type="product"><level name="productline" id="ACD"><level name="release" id="2027"><level name="master" id="{28B89EEF-A101-0409-1102-CF3F3A09B77D}"><level name="build" id="26.0.118.0.0"/></level></level></level></upivalue>
<upivalue version="1.0" type="product"><level name="productline" id="ARCHDESK"><level name="release" id="2027"><level name="master" id="{28B89EEE-A104-0000-5102-CF3F3A09B77D}"><level name="build" id="8.9.46.0"/></level></level></level></upivalue>
<upivalue version="1.0" type="product"><level name="productline" id="ACD"><level name="release" id="2027"><level name="master" id="{28B89EEF-A101-0000-0102-CF3F3A09B77D}"><level name="build" id="26.0.118.0.0"/></level></level></level></upivalue>
</upipackage> (maxCount 1)
[09/02/26 14:18:14] info     set legacy options: /APPICON "C:\Program Files\Autodesk\AutoCAD 2027\AcBrandRes.dll" /APPICONID 1
[09/02/26 14:18:14] info     Setting key RP/AppIcon, value C:\Program Files\Autodesk\AutoCAD 2027\AcBrandRes.dll (maxCount 1)
[09/02/26 14:18:14] info     Setting key RP/AppIconId, value 1 (maxCount 1)
[09/02/26 14:18:14] info     Setting key RP/CadSettingsRegPath, value Software\Autodesk\AutoCAD\R26.0\ACAD-A101:409\CadManagerControl\CustomerErrorReport (maxCount 1)
[09/02/26 14:18:14] info     Setting key RP/AppLocaleId, value 1033 (maxCount 1)
[09/02/26 14:18:14] info     Setting key RP/AppXML, value <ProductInformation name ="AutoCAD" build_version="X.118.0.0(x64)" registry_version="26.0" install_id_string="ACAD-A101:409" registry_localeID="1033" git_commit_id="2c19eb970fc25f5e380f0bd3736f8ba9103aade4" /> (maxCount 100)
[09/02/26 14:18:14] info     Setting key SP/THEME_TYPE, value Blue (maxCount 1)
[09/02/26 14:18:14] info     Setting key SP/EXCEPTION_INFO_POINTER, value 140725452047640 (maxCount 1)
[09/02/26 14:18:14] info     Setting key SP/THREAD_ID, value 4294967295 (maxCount 1)
[09/02/26 14:18:14] info     Get key SP/THREAD_ID, index 0: "4294967295"
[09/02/26 14:18:14] info     Setting key SP/WER, value 0 (maxCount 1)
[09/02/26 14:18:14] info     Get key SP/WER, index 0: "0"
[09/02/26 14:18:14] info     Registered C:\Program Files\Autodesk\AutoCAD 2027\cer.dll as WER runtime exception module
[09/02/26 14:18:14] info     Current ErrorMode is 32769
[09/02/26 14:18:15] debug    Receiver ping: pong
[09/02/26 14:18:25] debug    Receiver ping: pong
[09/02/26 14:18:28] info     Setting key RP/Headless, value 1 (maxCount 1)
[09/02/26 14:18:29] info     ================= cer stopped =================
[09/02/26 14:20:17] info     ================= cer started =================
[09/02/26 14:20:17] info     C:\Program Files\Autodesk\AutoCAD 2027\cer.dll, 7.2.4+20251128.8f05bb68.927
[09/02/26 14:20:17] info     Setting key SP/SDK_VERSION, value 7.2.4+20251128.8f05bb68.927 (maxCount 1)
[09/02/26 14:20:17] info     Setting key SP/PRODUCT_NAME_HASH, value 9d6767a77b9d2cce90e03082e1302957689eeac5 (maxCount 1)
[09/02/26 14:20:17] info     Setting key SP/RUNTIME_ARCH, value 1 (maxCount 1)
[09/02/26 14:20:17] info     Set senddmp exe path to C:\Program Files\Autodesk\AutoCAD 2027\CER\senddmp.exe
[09/02/26 14:20:17] info     The cer_service exe C:\Program Files\Autodesk\AutoCAD 2027\CER\service\cer_service.exe is not in folder C:\Program Files\Autodesk\AutoCAD 2027\CER\, it's not a sandbox
[09/02/26 14:20:17] info     Set upi exe path to C:\Program Files\Autodesk\AutoCAD 2027\CER\upi.exe
[09/02/26 14:20:17] info     launching C:\Program Files\Autodesk\AutoCAD 2027\CER\upi.exe --cmd=get-device-id C:\Users\PadXAutoman\AppData\Local\Temp\3\upi_deviceid2
[09/02/26 14:20:18] info     Set deviceID2 to E0980AAE6AED663DCD5E319A495325326BBB7E230497E3E7A688257D5161810C&E78156892A1577BCC8ECA22DE8BDD2ACC3DBA494148FF651DD4CD9294238EEC2&EF8EC29B7F9BDFCB7E48CD68912908B19E16A31DC4691909E40C1617F97C9B38
[09/02/26 14:20:18] info     Setting key SP/DEVICEID2, value E0980AAE6AED663DCD5E319A495325326BBB7E230497E3E7A688257D5161810C&E78156892A1577BCC8ECA22DE8BDD2ACC3DBA494148FF651DD4CD9294238EEC2&EF8EC29B7F9BDFCB7E48CD68912908B19E16A31DC4691909E40C1617F97C9B38 (maxCount 1)
[09/02/26 14:20:18] info     Setting key SP/UUID, value 9d6767a77b9d2cce90e03082e1302957689eeac5E0980AAE6AED663DCD5E319A495325326BBB7E230497E3E7A688257D5161810C&E78156892A1577BCC8ECA22DE8BDD2ACC3DBA494148FF651DD4CD9294238EEC2&EF8EC29B7F9BDFCB7E48CD68912908B19E16A31DC4691909E40C1617F97C9B38 (maxCount 1)
[09/02/26 14:20:18] info     Set senddmp exe path to C:\Program Files\Autodesk\AutoCAD 2027\CER\senddmp.exe
[09/02/26 14:20:18] info     The cer_service exe C:\Program Files\Autodesk\AutoCAD 2027\CER\service\cer_service.exe is not in folder C:\Program Files\Autodesk\AutoCAD 2027\CER\, it's not a sandbox
[09/02/26 14:20:18] info     launching C:\Program Files\Autodesk\AutoCAD 2027\CER\upi.exe "C:\Program Files\Autodesk\AutoCAD 2027\en-US\UPI\upiconfig.xml" C:\Users\PadXAutoman\AppData\Local\Temp\3\upi_info.xml
[09/02/26 14:20:19] info     Setting key SP/UPI_PRODUCT, value ACD (maxCount 1)
[09/02/26 14:20:19] info     Setting key SP/UPI_RELEASE, value 2027 (maxCount 1)
[09/02/26 14:20:19] info     Setting key SP/UPI_MASTER, value {28B89EEF-A101-0409-2102-CF3F3A09B77D} (maxCount 1)
[09/02/26 14:20:19] info     Setting key SP/UPI_BUILD, value 26.0.118.0.0 (maxCount 1)
[09/02/26 14:20:19] info     Setting key SP/UPI_FULL_XML, value <?xml version="1.0"?><upipackage><upivalue version="1.0" type="product" requestingapp="true"><level name="productline" id="ACD"><level name="release" id="2027"><level name="master" id="{28B89EEF-A101-0409-2102-CF3F3A09B77D}"><level name="build" id="26.0.118.0.0"/></level></level></level></upivalue>
<upivalue version="1.0" type="product"><level name="productline" id="ACD"><level name="release" id="2027"><level name="master" id="{28B89EEF-A101-0409-1102-CF3F3A09B77D}"><level name="build" id="26.0.118.0.0"/></level></level></level></upivalue>
<upivalue version="1.0" type="product"><level name="productline" id="ARCHDESK"><level name="release" id="2027"><level name="master" id="{28B89EEE-A104-0000-5102-CF3F3A09B77D}"><level name="build" id="8.9.46.0"/></level></level></level></upivalue>
<upivalue version="1.0" type="product"><level name="productline" id="ACD"><level name="release" id="2027"><level name="master" id="{28B89EEF-A101-0000-0102-CF3F3A09B77D}"><level name="build" id="26.0.118.0.0"/></level></level></level></upivalue>
</upipackage> (maxCount 1)
[09/02/26 14:20:19] info     set legacy options: /APPICON "C:\Program Files\Autodesk\AutoCAD 2027\AcBrandRes.dll" /APPICONID 1
[09/02/26 14:20:19] info     Setting key RP/AppIcon, value C:\Program Files\Autodesk\AutoCAD 2027\AcBrandRes.dll (maxCount 1)
[09/02/26 14:20:19] info     Setting key RP/AppIconId, value 1 (maxCount 1)
[09/02/26 14:20:19] info     Setting key RP/CadSettingsRegPath, value Software\Autodesk\AutoCAD\R26.0\ACAD-A101:409\CadManagerControl\CustomerErrorReport (maxCount 1)
[09/02/26 14:20:19] info     Setting key RP/AppLocaleId, value 1033 (maxCount 1)
[09/02/26 14:20:19] info     Setting key RP/AppXML, value <ProductInformation name ="AutoCAD" build_version="X.118.0.0(x64)" registry_version="26.0" install_id_string="ACAD-A101:409" registry_localeID="1033" git_commit_id="2c19eb970fc25f5e380f0bd3736f8ba9103aade4" /> (maxCount 100)
[09/02/26 14:20:19] info     Setting key SP/THEME_TYPE, value Blue (maxCount 1)
[09/02/26 14:20:19] info     Setting key SP/EXCEPTION_INFO_POINTER, value 140725452047640 (maxCount 1)
[09/02/26 14:20:19] info     Setting key SP/THREAD_ID, value 4294967295 (maxCount 1)
[09/02/26 14:20:19] info     Get key SP/THREAD_ID, index 0: "4294967295"
[09/02/26 14:20:19] info     Setting key SP/WER, value 0 (maxCount 1)
[09/02/26 14:20:19] info     Get key SP/WER, index 0: "0"
[09/02/26 14:20:19] info     Registered C:\Program Files\Autodesk\AutoCAD 2027\cer.dll as WER runtime exception module
[09/02/26 14:20:19] info     Current ErrorMode is 32769
[09/02/26 14:20:19] debug    Receiver ping: pong
[09/02/26 14:20:29] info     Setting key RP/Headless, value 1 (maxCount 1)
[09/02/26 14:20:29] debug    Receiver ping: pong
[09/02/26 14:20:30] info     ================= cer stopped =================
[09/02/26 14:21:54] info     ================= cer started =================
[09/02/26 14:21:54] info     C:\Program Files\Autodesk\AutoCAD 2027\cer.dll, 7.2.4+20251128.8f05bb68.927
[09/02/26 14:21:54] info     Setting key SP/SDK_VERSION, value 7.2.4+20251128.8f05bb68.927 (maxCount 1)
[09/02/26 14:21:54] info     Setting key SP/PRODUCT_NAME_HASH, value 9d6767a77b9d2cce90e03082e1302957689eeac5 (maxCount 1)
[09/02/26 14:21:54] info     Setting key SP/RUNTIME_ARCH, value 1 (maxCount 1)
[09/02/26 14:21:54] info     Set senddmp exe path to C:\Program Files\Autodesk\AutoCAD 2027\CER\senddmp.exe
[09/02/26 14:21:54] info     The cer_service exe C:\Program Files\Autodesk\AutoCAD 2027\CER\service\cer_service.exe is not in folder C:\Program Files\Autodesk\AutoCAD 2027\CER\, it's not a sandbox
[09/02/26 14:21:54] info     Set upi exe path to C:\Program Files\Autodesk\AutoCAD 2027\CER\upi.exe
[09/02/26 14:21:54] info     launching C:\Program Files\Autodesk\AutoCAD 2027\CER\upi.exe --cmd=get-device-id C:\Users\PadXAutoman\AppData\Local\Temp\3\upi_deviceid2
[09/02/26 14:21:57] info     Set deviceID2 to E0980AAE6AED663DCD5E319A495325326BBB7E230497E3E7A688257D5161810C&E78156892A1577BCC8ECA22DE8BDD2ACC3DBA494148FF651DD4CD9294238EEC2&EF8EC29B7F9BDFCB7E48CD68912908B19E16A31DC4691909E40C1617F97C9B38
[09/02/26 14:21:57] info     Setting key SP/DEVICEID2, value E0980AAE6AED663DCD5E319A495325326BBB7E230497E3E7A688257D5161810C&E78156892A1577BCC8ECA22DE8BDD2ACC3DBA494148FF651DD4CD9294238EEC2&EF8EC29B7F9BDFCB7E48CD68912908B19E16A31DC4691909E40C1617F97C9B38 (maxCount 1)
[09/02/26 14:21:57] info     Setting key SP/UUID, value 9d6767a77b9d2cce90e03082e1302957689eeac5E0980AAE6AED663DCD5E319A495325326BBB7E230497E3E7A688257D5161810C&E78156892A1577BCC8ECA22DE8BDD2ACC3DBA494148FF651DD4CD9294238EEC2&EF8EC29B7F9BDFCB7E48CD68912908B19E16A31DC4691909E40C1617F97C9B38 (maxCount 1)
[09/02/26 14:21:57] info     Set senddmp exe path to C:\Program Files\Autodesk\AutoCAD 2027\CER\senddmp.exe
[09/02/26 14:21:57] info     The cer_service exe C:\Program Files\Autodesk\AutoCAD 2027\CER\service\cer_service.exe is not in folder C:\Program Files\Autodesk\AutoCAD 2027\CER\, it's not a sandbox
[09/02/26 14:21:57] info     launching C:\Program Files\Autodesk\AutoCAD 2027\CER\upi.exe "C:\Program Files\Autodesk\AutoCAD 2027\en-US\UPI\upiconfig.xml" C:\Users\PadXAutoman\AppData\Local\Temp\3\upi_info.xml
[09/02/26 14:21:57] info     Setting key SP/UPI_PRODUCT, value ACD (maxCount 1)
[09/02/26 14:21:57] info     Setting key SP/UPI_RELEASE, value 2027 (maxCount 1)
[09/02/26 14:21:57] info     Setting key SP/UPI_MASTER, value {28B89EEF-A101-0409-2102-CF3F3A09B77D} (maxCount 1)
[09/02/26 14:21:57] info     Setting key SP/UPI_BUILD, value 26.0.118.0.0 (maxCount 1)
[09/02/26 14:21:57] info     Setting key SP/UPI_FULL_XML, value <?xml version="1.0"?><upipackage><upivalue version="1.0" type="product" requestingapp="true"><level name="productline" id="ACD"><level name="release" id="2027"><level name="master" id="{28B89EEF-A101-0409-2102-CF3F3A09B77D}"><level name="build" id="26.0.118.0.0"/></level></level></level></upivalue>
<upivalue version="1.0" type="product"><level name="productline" id="ACD"><level name="release" id="2027"><level name="master" id="{28B89EEF-A101-0409-1102-CF3F3A09B77D}"><level name="build" id="26.0.118.0.0"/></level></level></level></upivalue>
<upivalue version="1.0" type="product"><level name="productline" id="ARCHDESK"><level name="release" id="2027"><level name="master" id="{28B89EEE-A104-0000-5102-CF3F3A09B77D}"><level name="build" id="8.9.46.0"/></level></level></level></upivalue>
<upivalue version="1.0" type="product"><level name="productline" id="ACD"><level name="release" id="2027"><level name="master" id="{28B89EEF-A101-0000-0102-CF3F3A09B77D}"><level name="build" id="26.0.118.0.0"/></level></level></level></upivalue>
</upipackage> (maxCount 1)
[09/02/26 14:21:57] info     set legacy options: /APPICON "C:\Program Files\Autodesk\AutoCAD 2027\AcBrandRes.dll" /APPICONID 1
[09/02/26 14:21:57] info     Setting key RP/AppIcon, value C:\Program Files\Autodesk\AutoCAD 2027\AcBrandRes.dll (maxCount 1)
[09/02/26 14:21:57] info     Setting key RP/AppIconId, value 1 (maxCount 1)
[09/02/26 14:21:57] info     Setting key RP/CadSettingsRegPath, value Software\Autodesk\AutoCAD\R26.0\ACAD-A101:409\CadManagerControl\CustomerErrorReport (maxCount 1)
[09/02/26 14:21:57] info     Setting key RP/AppLocaleId, value 1033 (maxCount 1)
[09/02/26 14:21:57] info     Setting key RP/AppXML, value <ProductInformation name ="AutoCAD" build_version="X.118.0.0(x64)" registry_version="26.0" install_id_string="ACAD-A101:409" registry_localeID="1033" git_commit_id="2c19eb970fc25f5e380f0bd3736f8ba9103aade4" /> (maxCount 100)
[09/02/26 14:21:57] info     Setting key SP/THEME_TYPE, value Blue (maxCount 1)
[09/02/26 14:21:57] info     Setting key SP/EXCEPTION_INFO_POINTER, value 140725452047640 (maxCount 1)
[09/02/26 14:21:57] info     Setting key SP/THREAD_ID, value 4294967295 (maxCount 1)
[09/02/26 14:21:57] info     Get key SP/THREAD_ID, index 0: "4294967295"
[09/02/26 14:21:57] info     Setting key SP/WER, value 0 (maxCount 1)
[09/02/26 14:21:57] info     Get key SP/WER, index 0: "0"
[09/02/26 14:21:57] info     Registered C:\Program Files\Autodesk\AutoCAD 2027\cer.dll as WER runtime exception module
[09/02/26 14:21:57] info     Current ErrorMode is 32769
[09/02/26 14:21:58] debug    Receiver ping: pong
[09/02/26 14:22:08] debug    Receiver ping: pong
[09/02/26 14:22:09] info     Setting key RP/Headless, value 1 (maxCount 1)
[09/02/26 14:22:10] info     ================= cer stopped =================
[09/02/26 14:23:49] info     ================= cer started =================
[09/02/26 14:23:49] info     C:\Program Files\Autodesk\AutoCAD 2027\cer.dll, 7.2.4+20251128.8f05bb68.927
[09/02/26 14:23:49] info     Setting key SP/SDK_VERSION, value 7.2.4+20251128.8f05bb68.927 (maxCount 1)
[09/02/26 14:23:49] info     Setting key SP/PRODUCT_NAME_HASH, value 9d6767a77b9d2cce90e03082e1302957689eeac5 (maxCount 1)
[09/02/26 14:23:49] info     Setting key SP/RUNTIME_ARCH, value 1 (maxCount 1)
[09/02/26 14:23:49] info     Set senddmp exe path to C:\Program Files\Autodesk\AutoCAD 2027\CER\senddmp.exe
[09/02/26 14:23:49] info     The cer_service exe C:\Program Files\Autodesk\AutoCAD 2027\CER\service\cer_service.exe is not in folder C:\Program Files\Autodesk\AutoCAD 2027\CER\, it's not a sandbox
[09/02/26 14:23:49] info     Set upi exe path to C:\Program Files\Autodesk\AutoCAD 2027\CER\upi.exe
[09/02/26 14:23:49] info     launching C:\Program Files\Autodesk\AutoCAD 2027\CER\upi.exe --cmd=get-device-id C:\Users\PadXAutoman\AppData\Local\Temp\3\upi_deviceid2
[09/02/26 14:23:50] info     Set deviceID2 to E0980AAE6AED663DCD5E319A495325326BBB7E230497E3E7A688257D5161810C&E78156892A1577BCC8ECA22DE8BDD2ACC3DBA494148FF651DD4CD9294238EEC2&EF8EC29B7F9BDFCB7E48CD68912908B19E16A31DC4691909E40C1617F97C9B38
[09/02/26 14:23:50] info     Setting key SP/DEVICEID2, value E0980AAE6AED663DCD5E319A495325326BBB7E230497E3E7A688257D5161810C&E78156892A1577BCC8ECA22DE8BDD2ACC3DBA494148FF651DD4CD9294238EEC2&EF8EC29B7F9BDFCB7E48CD68912908B19E16A31DC4691909E40C1617F97C9B38 (maxCount 1)
[09/02/26 14:23:50] info     Setting key SP/UUID, value 9d6767a77b9d2cce90e03082e1302957689eeac5E0980AAE6AED663DCD5E319A495325326BBB7E230497E3E7A688257D5161810C&E78156892A1577BCC8ECA22DE8BDD2ACC3DBA494148FF651DD4CD9294238EEC2&EF8EC29B7F9BDFCB7E48CD68912908B19E16A31DC4691909E40C1617F97C9B38 (maxCount 1)
[09/02/26 14:23:50] info     Set senddmp exe path to C:\Program Files\Autodesk\AutoCAD 2027\CER\senddmp.exe
[09/02/26 14:23:50] info     The cer_service exe C:\Program Files\Autodesk\AutoCAD 2027\CER\service\cer_service.exe is not in folder C:\Program Files\Autodesk\AutoCAD 2027\CER\, it's not a sandbox
[09/02/26 14:23:50] info     launching C:\Program Files\Autodesk\AutoCAD 2027\CER\upi.exe "C:\Program Files\Autodesk\AutoCAD 2027\en-US\UPI\upiconfig.xml" C:\Users\PadXAutoman\AppData\Local\Temp\3\upi_info.xml
[09/02/26 14:23:51] info     Setting key SP/UPI_PRODUCT, value ACD (maxCount 1)
[09/02/26 14:23:51] info     Setting key SP/UPI_RELEASE, value 2027 (maxCount 1)
[09/02/26 14:23:51] info     Setting key SP/UPI_MASTER, value {28B89EEF-A101-0409-2102-CF3F3A09B77D} (maxCount 1)
[09/02/26 14:23:51] info     Setting key SP/UPI_BUILD, value 26.0.118.0.0 (maxCount 1)
[09/02/26 14:23:51] info     Setting key SP/UPI_FULL_XML, value <?xml version="1.0"?><upipackage><upivalue version="1.0" type="product" requestingapp="true"><level name="productline" id="ACD"><level name="release" id="2027"><level name="master" id="{28B89EEF-A101-0409-2102-CF3F3A09B77D}"><level name="build" id="26.0.118.0.0"/></level></level></level></upivalue>
<upivalue version="1.0" type="product"><level name="productline" id="ACD"><level name="release" id="2027"><level name="master" id="{28B89EEF-A101-0409-1102-CF3F3A09B77D}"><level name="build" id="26.0.118.0.0"/></level></level></level></upivalue>
<upivalue version="1.0" type="product"><level name="productline" id="ARCHDESK"><level name="release" id="2027"><level name="master" id="{28B89EEE-A104-0000-5102-CF3F3A09B77D}"><level name="build" id="8.9.46.0"/></level></level></level></upivalue>
<upivalue version="1.0" type="product"><level name="productline" id="ACD"><level name="release" id="2027"><level name="master" id="{28B89EEF-A101-0000-0102-CF3F3A09B77D}"><level name="build" id="26.0.118.0.0"/></level></level></level></upivalue>
</upipackage> (maxCount 1)
[09/02/26 14:23:51] info     set legacy options: /APPICON "C:\Program Files\Autodesk\AutoCAD 2027\AcBrandRes.dll" /APPICONID 1
[09/02/26 14:23:51] info     Setting key RP/AppIcon, value C:\Program Files\Autodesk\AutoCAD 2027\AcBrandRes.dll (maxCount 1)
[09/02/26 14:23:51] info     Setting key RP/AppIconId, value 1 (maxCount 1)
[09/02/26 14:23:51] info     Setting key RP/CadSettingsRegPath, value Software\Autodesk\AutoCAD\R26.0\ACAD-A101:409\CadManagerControl\CustomerErrorReport (maxCount 1)
[09/02/26 14:23:51] info     Setting key RP/AppLocaleId, value 1033 (maxCount 1)
[09/02/26 14:23:51] info     Setting key RP/AppXML, value <ProductInformation name ="AutoCAD" build_version="X.118.0.0(x64)" registry_version="26.0" install_id_string="ACAD-A101:409" registry_localeID="1033" git_commit_id="2c19eb970fc25f5e380f0bd3736f8ba9103aade4" /> (maxCount 100)
[09/02/26 14:23:51] info     Setting key SP/THEME_TYPE, value Blue (maxCount 1)
[09/02/26 14:23:51] info     Setting key SP/EXCEPTION_INFO_POINTER, value 140725452047640 (maxCount 1)
[09/02/26 14:23:51] info     Setting key SP/THREAD_ID, value 4294967295 (maxCount 1)
[09/02/26 14:23:51] info     Get key SP/THREAD_ID, index 0: "4294967295"
[09/02/26 14:23:51] info     Setting key SP/WER, value 0 (maxCount 1)
[09/02/26 14:23:51] info     Get key SP/WER, index 0: "0"
[09/02/26 14:23:51] info     Registered C:\Program Files\Autodesk\AutoCAD 2027\cer.dll as WER runtime exception module
[09/02/26 14:23:51] info     Current ErrorMode is 32769
[09/02/26 14:23:51] debug    Receiver ping: pong
[09/02/26 14:24:01] debug    Receiver ping: pong
[09/02/26 14:24:01] info     Setting key RP/Headless, value 1 (maxCount 1)
[09/02/26 14:24:03] info     ================= cer stopped =================
[09/02/26 14:40:04] info     ================= cer started =================
[09/02/26 14:40:04] info     C:\Program Files\Autodesk\AutoCAD 2027\cer.dll, 7.2.4+20251128.8f05bb68.927
[09/02/26 14:40:04] info     Setting key SP/SDK_VERSION, value 7.2.4+20251128.8f05bb68.927 (maxCount 1)
[09/02/26 14:40:04] info     Setting key SP/PRODUCT_NAME_HASH, value 9d6767a77b9d2cce90e03082e1302957689eeac5 (maxCount 1)
[09/02/26 14:40:04] info     Setting key SP/RUNTIME_ARCH, value 1 (maxCount 1)
[09/02/26 14:40:04] info     Set senddmp exe path to C:\Program Files\Autodesk\AutoCAD 2027\CER\senddmp.exe
[09/02/26 14:40:04] info     The cer_service exe C:\Program Files\Autodesk\AutoCAD 2027\CER\service\cer_service.exe is not in folder C:\Program Files\Autodesk\AutoCAD 2027\CER\, it's not a sandbox
[09/02/26 14:40:04] info     Set upi exe path to C:\Program Files\Autodesk\AutoCAD 2027\CER\upi.exe
[09/02/26 14:40:04] info     launching C:\Program Files\Autodesk\AutoCAD 2027\CER\upi.exe --cmd=get-device-id C:\Users\PadXAutoman\AppData\Local\Temp\3\upi_deviceid2
[09/02/26 14:40:07] info     Set deviceID2 to E0980AAE6AED663DCD5E319A495325326BBB7E230497E3E7A688257D5161810C&E78156892A1577BCC8ECA22DE8BDD2ACC3DBA494148FF651DD4CD9294238EEC2&EF8EC29B7F9BDFCB7E48CD68912908B19E16A31DC4691909E40C1617F97C9B38
[09/02/26 14:40:07] info     Setting key SP/DEVICEID2, value E0980AAE6AED663DCD5E319A495325326BBB7E230497E3E7A688257D5161810C&E78156892A1577BCC8ECA22DE8BDD2ACC3DBA494148FF651DD4CD9294238EEC2&EF8EC29B7F9BDFCB7E48CD68912908B19E16A31DC4691909E40C1617F97C9B38 (maxCount 1)
[09/02/26 14:40:07] info     Setting key SP/UUID, value 9d6767a77b9d2cce90e03082e1302957689eeac5E0980AAE6AED663DCD5E319A495325326BBB7E230497E3E7A688257D5161810C&E78156892A1577BCC8ECA22DE8BDD2ACC3DBA494148FF651DD4CD9294238EEC2&EF8EC29B7F9BDFCB7E48CD68912908B19E16A31DC4691909E40C1617F97C9B38 (maxCount 1)
[09/02/26 14:40:07] info     Set senddmp exe path to C:\Program Files\Autodesk\AutoCAD 2027\CER\senddmp.exe
[09/02/26 14:40:07] info     The cer_service exe C:\Program Files\Autodesk\AutoCAD 2027\CER\service\cer_service.exe is not in folder C:\Program Files\Autodesk\AutoCAD 2027\CER\, it's not a sandbox
[09/02/26 14:40:07] info     launching C:\Program Files\Autodesk\AutoCAD 2027\CER\upi.exe "C:\Program Files\Autodesk\AutoCAD 2027\en-US\UPI\upiconfig.xml" C:\Users\PadXAutoman\AppData\Local\Temp\3\upi_info.xml
[09/02/26 14:40:07] info     Setting key SP/UPI_PRODUCT, value ACD (maxCount 1)
[09/02/26 14:40:07] info     Setting key SP/UPI_RELEASE, value 2027 (maxCount 1)
[09/02/26 14:40:07] info     Setting key SP/UPI_MASTER, value {28B89EEF-A101-0409-2102-CF3F3A09B77D} (maxCount 1)
[09/02/26 14:40:07] info     Setting key SP/UPI_BUILD, value 26.0.118.0.0 (maxCount 1)
[09/02/26 14:40:07] info     Setting key SP/UPI_FULL_XML, value <?xml version="1.0"?><upipackage><upivalue version="1.0" type="product" requestingapp="true"><level name="productline" id="ACD"><level name="release" id="2027"><level name="master" id="{28B89EEF-A101-0409-2102-CF3F3A09B77D}"><level name="build" id="26.0.118.0.0"/></level></level></level></upivalue>
<upivalue version="1.0" type="product"><level name="productline" id="ACD"><level name="release" id="2027"><level name="master" id="{28B89EEF-A101-0409-1102-CF3F3A09B77D}"><level name="build" id="26.0.118.0.0"/></level></level></level></upivalue>
<upivalue version="1.0" type="product"><level name="productline" id="ARCHDESK"><level name="release" id="2027"><level name="master" id="{28B89EEE-A104-0000-5102-CF3F3A09B77D}"><level name="build" id="8.9.46.0"/></level></level></level></upivalue>
<upivalue version="1.0" type="product"><level name="productline" id="ACD"><level name="release" id="2027"><level name="master" id="{28B89EEF-A101-0000-0102-CF3F3A09B77D}"><level name="build" id="26.0.118.0.0"/></level></level></level></upivalue>
</upipackage> (maxCount 1)
[09/02/26 14:40:07] info     set legacy options: /APPICON "C:\Program Files\Autodesk\AutoCAD 2027\AcBrandRes.dll" /APPICONID 1
[09/02/26 14:40:07] info     Setting key RP/AppIcon, value C:\Program Files\Autodesk\AutoCAD 2027\AcBrandRes.dll (maxCount 1)
[09/02/26 14:40:07] info     Setting key RP/AppIconId, value 1 (maxCount 1)
[09/02/26 14:40:07] info     Setting key RP/CadSettingsRegPath, value Software\Autodesk\AutoCAD\R26.0\ACAD-A101:409\CadManagerControl\CustomerErrorReport (maxCount 1)
[09/02/26 14:40:07] info     Setting key RP/AppLocaleId, value 1033 (maxCount 1)
[09/02/26 14:40:07] info     Setting key RP/AppXML, value <ProductInformation name ="AutoCAD" build_version="X.118.0.0(x64)" registry_version="26.0" install_id_string="ACAD-A101:409" registry_localeID="1033" git_commit_id="2c19eb970fc25f5e380f0bd3736f8ba9103aade4" /> (maxCount 100)
[09/02/26 14:40:07] info     Setting key SP/THEME_TYPE, value Blue (maxCount 1)
[09/02/26 14:40:07] info     Setting key SP/EXCEPTION_INFO_POINTER, value 140725452047640 (maxCount 1)
[09/02/26 14:40:07] info     Setting key SP/THREAD_ID, value 4294967295 (maxCount 1)
[09/02/26 14:40:07] info     Get key SP/THREAD_ID, index 0: "4294967295"
[09/02/26 14:40:07] info     Setting key SP/WER, value 0 (maxCount 1)
[09/02/26 14:40:07] info     Get key SP/WER, index 0: "0"
[09/02/26 14:40:07] info     Registered C:\Program Files\Autodesk\AutoCAD 2027\cer.dll as WER runtime exception module
[09/02/26 14:40:07] info     Current ErrorMode is 32769
[09/02/26 14:40:08] debug    Receiver ping: pong
[09/02/26 14:40:18] debug    Receiver ping: pong
[09/02/26 14:40:19] info     Setting key RP/Headless, value 1 (maxCount 1)
[09/02/26 14:40:20] info     ================= cer stopped =================
[09/02/26 14:41:10] info     ================= cer started =================
[09/02/26 14:41:11] info     C:\Program Files\Autodesk\AutoCAD 2027\cer.dll, 7.2.4+20251128.8f05bb68.927
[09/02/26 14:41:11] info     Setting key SP/SDK_VERSION, value 7.2.4+20251128.8f05bb68.927 (maxCount 1)
[09/02/26 14:41:11] info     Setting key SP/PRODUCT_NAME_HASH, value 9d6767a77b9d2cce90e03082e1302957689eeac5 (maxCount 1)
[09/02/26 14:41:11] info     Setting key SP/RUNTIME_ARCH, value 1 (maxCount 1)
[09/02/26 14:41:11] info     Set senddmp exe path to C:\Program Files\Autodesk\AutoCAD 2027\CER\senddmp.exe
[09/02/26 14:41:11] info     The cer_service exe C:\Program Files\Autodesk\AutoCAD 2027\CER\service\cer_service.exe is not in folder C:\Program Files\Autodesk\AutoCAD 2027\CER\, it's not a sandbox
[09/02/26 14:41:11] info     Set upi exe path to C:\Program Files\Autodesk\AutoCAD 2027\CER\upi.exe
[09/02/26 14:41:11] info     launching C:\Program Files\Autodesk\AutoCAD 2027\CER\upi.exe --cmd=get-device-id C:\Users\PadXAutoman\AppData\Local\Temp\3\upi_deviceid2
[09/02/26 14:41:11] info     Set deviceID2 to E0980AAE6AED663DCD5E319A495325326BBB7E230497E3E7A688257D5161810C&E78156892A1577BCC8ECA22DE8BDD2ACC3DBA494148FF651DD4CD9294238EEC2&EF8EC29B7F9BDFCB7E48CD68912908B19E16A31DC4691909E40C1617F97C9B38
[09/02/26 14:41:11] info     Setting key SP/DEVICEID2, value E0980AAE6AED663DCD5E319A495325326BBB7E230497E3E7A688257D5161810C&E78156892A1577BCC8ECA22DE8BDD2ACC3DBA494148FF651DD4CD9294238EEC2&EF8EC29B7F9BDFCB7E48CD68912908B19E16A31DC4691909E40C1617F97C9B38 (maxCount 1)
[09/02/26 14:41:11] info     Setting key SP/UUID, value 9d6767a77b9d2cce90e03082e1302957689eeac5E0980AAE6AED663DCD5E319A495325326BBB7E230497E3E7A688257D5161810C&E78156892A1577BCC8ECA22DE8BDD2ACC3DBA494148FF651DD4CD9294238EEC2&EF8EC29B7F9BDFCB7E48CD68912908B19E16A31DC4691909E40C1617F97C9B38 (maxCount 1)
[09/02/26 14:41:11] info     Set senddmp exe path to C:\Program Files\Autodesk\AutoCAD 2027\CER\senddmp.exe
[09/02/26 14:41:11] info     The cer_service exe C:\Program Files\Autodesk\AutoCAD 2027\CER\service\cer_service.exe is not in folder C:\Program Files\Autodesk\AutoCAD 2027\CER\, it's not a sandbox
[09/02/26 14:41:11] info     launching C:\Program Files\Autodesk\AutoCAD 2027\CER\upi.exe "C:\Program Files\Autodesk\AutoCAD 2027\en-US\UPI\upiconfig.xml" C:\Users\PadXAutoman\AppData\Local\Temp\3\upi_info.xml
[09/02/26 14:41:11] info     Setting key SP/UPI_PRODUCT, value ACD (maxCount 1)
[09/02/26 14:41:11] info     Setting key SP/UPI_RELEASE, value 2027 (maxCount 1)
[09/02/26 14:41:11] info     Setting key SP/UPI_MASTER, value {28B89EEF-A101-0409-2102-CF3F3A09B77D} (maxCount 1)
[09/02/26 14:41:11] info     Setting key SP/UPI_BUILD, value 26.0.118.0.0 (maxCount 1)
[09/02/26 14:41:11] info     Setting key SP/UPI_FULL_XML, value <?xml version="1.0"?><upipackage><upivalue version="1.0" type="product" requestingapp="true"><level name="productline" id="ACD"><level name="release" id="2027"><level name="master" id="{28B89EEF-A101-0409-2102-CF3F3A09B77D}"><level name="build" id="26.0.118.0.0"/></level></level></level></upivalue>
<upivalue version="1.0" type="product"><level name="productline" id="ACD"><level name="release" id="2027"><level name="master" id="{28B89EEF-A101-0409-1102-CF3F3A09B77D}"><level name="build" id="26.0.118.0.0"/></level></level></level></upivalue>
<upivalue version="1.0" type="product"><level name="productline" id="ARCHDESK"><level name="release" id="2027"><level name="master" id="{28B89EEE-A104-0000-5102-CF3F3A09B77D}"><level name="build" id="8.9.46.0"/></level></level></level></upivalue>
<upivalue version="1.0" type="product"><level name="productline" id="ACD"><level name="release" id="2027"><level name="master" id="{28B89EEF-A101-0000-0102-CF3F3A09B77D}"><level name="build" id="26.0.118.0.0"/></level></level></level></upivalue>
</upipackage> (maxCount 1)
[09/02/26 14:41:11] info     set legacy options: /APPICON "C:\Program Files\Autodesk\AutoCAD 2027\AcBrandRes.dll" /APPICONID 1
[09/02/26 14:41:11] info     Setting key RP/AppIcon, value C:\Program Files\Autodesk\AutoCAD 2027\AcBrandRes.dll (maxCount 1)
[09/02/26 14:41:11] info     Setting key RP/AppIconId, value 1 (maxCount 1)
[09/02/26 14:41:11] info     Setting key RP/CadSettingsRegPath, value Software\Autodesk\AutoCAD\R26.0\ACAD-A101:409\CadManagerControl\CustomerErrorReport (maxCount 1)
[09/02/26 14:41:11] info     Setting key RP/AppLocaleId, value 1033 (maxCount 1)
[09/02/26 14:41:11] info     Setting key RP/AppXML, value <ProductInformation name ="AutoCAD" build_version="X.118.0.0(x64)" registry_version="26.0" install_id_string="ACAD-A101:409" registry_localeID="1033" git_commit_id="2c19eb970fc25f5e380f0bd3736f8ba9103aade4" /> (maxCount 100)
[09/02/26 14:41:11] info     Setting key SP/THEME_TYPE, value Blue (maxCount 1)
[09/02/26 14:41:11] info     Setting key SP/EXCEPTION_INFO_POINTER, value 140725452047640 (maxCount 1)
[09/02/26 14:41:11] info     Setting key SP/THREAD_ID, value 4294967295 (maxCount 1)
[09/02/26 14:41:11] info     Get key SP/THREAD_ID, index 0: "4294967295"
[09/02/26 14:41:11] info     Setting key SP/WER, value 0 (maxCount 1)
[09/02/26 14:41:11] info     Get key SP/WER, index 0: "0"
[09/02/26 14:41:11] info     Registered C:\Program Files\Autodesk\AutoCAD 2027\cer.dll as WER runtime exception module
[09/02/26 14:41:11] info     Current ErrorMode is 32769
[09/02/26 14:41:11] debug    Receiver ping: pong
[09/02/26 14:41:16] info     Setting key RP/Headless, value 1 (maxCount 1)
[09/02/26 14:41:16] info     ================= cer stopped =================
[09/03/26 12:10:37] info     ================= cer started =================
[09/03/26 12:10:37] info     C:\Program Files\Autodesk\AutoCAD 2027\cer.dll, 7.2.4+20251128.8f05bb68.927
[09/03/26 12:10:37] info     Setting key SP/SDK_VERSION, value 7.2.4+20251128.8f05bb68.927 (maxCount 1)
[09/03/26 12:10:37] info     Setting key SP/PRODUCT_NAME_HASH, value 9d6767a77b9d2cce90e03082e1302957689eeac5 (maxCount 1)
[09/03/26 12:10:37] info     Setting key SP/RUNTIME_ARCH, value 1 (maxCount 1)
[09/03/26 12:10:37] info     Set senddmp exe path to C:\Program Files\Autodesk\AutoCAD 2027\CER\senddmp.exe
[09/03/26 12:10:37] info     The cer_service exe C:\Program Files\Autodesk\AutoCAD 2027\CER\service\cer_service.exe is not in folder C:\Program Files\Autodesk\AutoCAD 2027\CER\, it's not a sandbox
[09/03/26 12:10:37] info     Set upi exe path to C:\Program Files\Autodesk\AutoCAD 2027\CER\upi.exe
[09/03/26 12:10:37] info     launching C:\Program Files\Autodesk\AutoCAD 2027\CER\upi.exe --cmd=get-device-id C:\Users\PadXAutoman\AppData\Local\Temp\3\upi_deviceid2
[09/03/26 12:10:37] info     Set deviceID2 to E0980AAE6AED663DCD5E319A495325326BBB7E230497E3E7A688257D5161810C&E78156892A1577BCC8ECA22DE8BDD2ACC3DBA494148FF651DD4CD9294238EEC2&EF8EC29B7F9BDFCB7E48CD68912908B19E16A31DC4691909E40C1617F97C9B38
[09/03/26 12:10:37] info     Setting key SP/DEVICEID2, value E0980AAE6AED663DCD5E319A495325326BBB7E230497E3E7A688257D5161810C&E78156892A1577BCC8ECA22DE8BDD2ACC3DBA494148FF651DD4CD9294238EEC2&EF8EC29B7F9BDFCB7E48CD68912908B19E16A31DC4691909E40C1617F97C9B38 (maxCount 1)
[09/03/26 12:10:37] info     Setting key SP/UUID, value 9d6767a77b9d2cce90e03082e1302957689eeac5E0980AAE6AED663DCD5E319A495325326BBB7E230497E3E7A688257D5161810C&E78156892A1577BCC8ECA22DE8BDD2ACC3DBA494148FF651DD4CD9294238EEC2&EF8EC29B7F9BDFCB7E48CD68912908B19E16A31DC4691909E40C1617F97C9B38 (maxCount 1)
[09/03/26 12:10:37] info     Set senddmp exe path to C:\Program Files\Autodesk\AutoCAD 2027\CER\senddmp.exe
[09/03/26 12:10:37] info     The cer_service exe C:\Program Files\Autodesk\AutoCAD 2027\CER\service\cer_service.exe is not in folder C:\Program Files\Autodesk\AutoCAD 2027\CER\, it's not a sandbox
[09/03/26 12:10:37] info     launching C:\Program Files\Autodesk\AutoCAD 2027\CER\upi.exe "C:\Program Files\Autodesk\AutoCAD 2027\en-US\UPI\upiconfig.xml" C:\Users\PadXAutoman\AppData\Local\Temp\3\upi_info.xml
[09/03/26 12:10:37] info     Setting key SP/UPI_PRODUCT, value ACD (maxCount 1)
[09/03/26 12:10:37] info     Setting key SP/UPI_RELEASE, value 2027 (maxCount 1)
[09/03/26 12:10:37] info     Setting key SP/UPI_MASTER, value {28B89EEF-A101-0409-2102-CF3F3A09B77D} (maxCount 1)
[09/03/26 12:10:37] info     Setting key SP/UPI_BUILD, value 26.0.118.0.0 (maxCount 1)
[09/03/26 12:10:37] info     Setting key SP/UPI_FULL_XML, value <?xml version="1.0"?><upipackage><upivalue version="1.0" type="product" requestingapp="true"><level name="productline" id="ACD"><level name="release" id="2027"><level name="master" id="{28B89EEF-A101-0409-2102-CF3F3A09B77D}"><level name="build" id="26.0.118.0.0"/></level></level></level></upivalue>
<upivalue version="1.0" type="product"><level name="productline" id="ACD"><level name="release" id="2027"><level name="master" id="{28B89EEF-A101-0409-1102-CF3F3A09B77D}"><level name="build" id="26.0.118.0.0"/></level></level></level></upivalue>
<upivalue version="1.0" type="product"><level name="productline" id="ARCHDESK"><level name="release" id="2027"><level name="master" id="{28B89EEE-A104-0000-5102-CF3F3A09B77D}"><level name="build" id="8.9.46.0"/></level></level></level></upivalue>
<upivalue version="1.0" type="product"><level name="productline" id="ACD"><level name="release" id="2027"><level name="master" id="{28B89EEF-A101-0000-0102-CF3F3A09B77D}"><level name="build" id="26.0.118.0.0"/></level></level></level></upivalue>
</upipackage> (maxCount 1)
[09/03/26 12:10:37] info     set legacy options: /APPICON "C:\Program Files\Autodesk\AutoCAD 2027\AcBrandRes.dll" /APPICONID 1
[09/03/26 12:10:37] info     Setting key RP/AppIcon, value C:\Program Files\Autodesk\AutoCAD 2027\AcBrandRes.dll (maxCount 1)
[09/03/26 12:10:37] info     Setting key RP/AppIconId, value 1 (maxCount 1)
[09/03/26 12:10:37] info     Setting key RP/CadSettingsRegPath, value Software\Autodesk\AutoCAD\R26.0\ACAD-A101:409\CadManagerControl\CustomerErrorReport (maxCount 1)
[09/03/26 12:10:37] info     Setting key RP/AppLocaleId, value 1033 (maxCount 1)
[09/03/26 12:10:37] info     Setting key RP/AppXML, value <ProductInformation name ="AutoCAD" build_version="X.118.0.0(x64)" registry_version="26.0" install_id_string="ACAD-A101:409" registry_localeID="1033" git_commit_id="2c19eb970fc25f5e380f0bd3736f8ba9103aade4" /> (maxCount 100)
[09/03/26 12:10:37] info     Setting key SP/THEME_TYPE, value Blue (maxCount 1)
[09/03/26 12:10:37] info     Setting key SP/EXCEPTION_INFO_POINTER, value 140725452047640 (maxCount 1)
[09/03/26 12:10:37] info     Setting key SP/THREAD_ID, value 4294967295 (maxCount 1)
[09/03/26 12:10:37] info     Get key SP/THREAD_ID, index 0: "4294967295"
[09/03/26 12:10:37] info     Setting key SP/WER, value 0 (maxCount 1)
[09/03/26 12:10:37] info     Get key SP/WER, index 0: "0"
[09/03/26 12:10:37] info     Registered C:\Program Files\Autodesk\AutoCAD 2027\cer.dll as WER runtime exception module
[09/03/26 12:10:37] info     Current ErrorMode is 32769
[09/03/26 12:10:38] debug    Receiver ping: pong
[09/03/26 12:10:40] info     Setting key RP/Headless, value 1 (maxCount 1)
[09/03/26 12:10:40] info     ================= cer stopped =================
[09/03/26 12:11:05] info     ================= cer started =================
[09/03/26 12:11:05] info     C:\Program Files\Autodesk\AutoCAD 2027\cer.dll, 7.2.4+20251128.8f05bb68.927
[09/03/26 12:11:05] info     Setting key SP/SDK_VERSION, value 7.2.4+20251128.8f05bb68.927 (maxCount 1)
[09/03/26 12:11:05] info     Setting key SP/PRODUCT_NAME_HASH, value 9d6767a77b9d2cce90e03082e1302957689eeac5 (maxCount 1)
[09/03/26 12:11:05] info     Setting key SP/RUNTIME_ARCH, value 1 (maxCount 1)
[09/03/26 12:11:05] info     Set senddmp exe path to C:\Program Files\Autodesk\AutoCAD 2027\CER\senddmp.exe
[09/03/26 12:11:05] info     The cer_service exe C:\Program Files\Autodesk\AutoCAD 2027\CER\service\cer_service.exe is not in folder C:\Program Files\Autodesk\AutoCAD 2027\CER\, it's not a sandbox
[09/03/26 12:11:05] info     Set upi exe path to C:\Program Files\Autodesk\AutoCAD 2027\CER\upi.exe
[09/03/26 12:11:05] info     launching C:\Program Files\Autodesk\AutoCAD 2027\CER\upi.exe --cmd=get-device-id C:\Users\PadXAutoman\AppData\Local\Temp\3\upi_deviceid2
[09/03/26 12:11:05] info     Set deviceID2 to E0980AAE6AED663DCD5E319A495325326BBB7E230497E3E7A688257D5161810C&E78156892A1577BCC8ECA22DE8BDD2ACC3DBA494148FF651DD4CD9294238EEC2&EF8EC29B7F9BDFCB7E48CD68912908B19E16A31DC4691909E40C1617F97C9B38
[09/03/26 12:11:05] info     Setting key SP/DEVICEID2, value E0980AAE6AED663DCD5E319A495325326BBB7E230497E3E7A688257D5161810C&E78156892A1577BCC8ECA22DE8BDD2ACC3DBA494148FF651DD4CD9294238EEC2&EF8EC29B7F9BDFCB7E48CD68912908B19E16A31DC4691909E40C1617F97C9B38 (maxCount 1)
[09/03/26 12:11:05] info     Setting key SP/UUID, value 9d6767a77b9d2cce90e03082e1302957689eeac5E0980AAE6AED663DCD5E319A495325326BBB7E230497E3E7A688257D5161810C&E78156892A1577BCC8ECA22DE8BDD2ACC3DBA494148FF651DD4CD9294238EEC2&EF8EC29B7F9BDFCB7E48CD68912908B19E16A31DC4691909E40C1617F97C9B38 (maxCount 1)
[09/03/26 12:11:05] info     Set senddmp exe path to C:\Program Files\Autodesk\AutoCAD 2027\CER\senddmp.exe
[09/03/26 12:11:05] info     The cer_service exe C:\Program Files\Autodesk\AutoCAD 2027\CER\service\cer_service.exe is not in folder C:\Program Files\Autodesk\AutoCAD 2027\CER\, it's not a sandbox
[09/03/26 12:11:05] info     launching C:\Program Files\Autodesk\AutoCAD 2027\CER\upi.exe "C:\Program Files\Autodesk\AutoCAD 2027\en-US\UPI\upiconfig.xml" C:\Users\PadXAutoman\AppData\Local\Temp\3\upi_info.xml
[09/03/26 12:11:06] info     Setting key SP/UPI_PRODUCT, value ACD (maxCount 1)
[09/03/26 12:11:06] info     Setting key SP/UPI_RELEASE, value 2027 (maxCount 1)
[09/03/26 12:11:06] info     Setting key SP/UPI_MASTER, value {28B89EEF-A101-0409-2102-CF3F3A09B77D} (maxCount 1)
[09/03/26 12:11:06] info     Setting key SP/UPI_BUILD, value 26.0.118.0.0 (maxCount 1)
[09/03/26 12:11:06] info     Setting key SP/UPI_FULL_XML, value <?xml version="1.0"?><upipackage><upivalue version="1.0" type="product" requestingapp="true"><level name="productline" id="ACD"><level name="release" id="2027"><level name="master" id="{28B89EEF-A101-0409-2102-CF3F3A09B77D}"><level name="build" id="26.0.118.0.0"/></level></level></level></upivalue>
<upivalue version="1.0" type="product"><level name="productline" id="ACD"><level name="release" id="2027"><level name="master" id="{28B89EEF-A101-0409-1102-CF3F3A09B77D}"><level name="build" id="26.0.118.0.0"/></level></level></level></upivalue>
<upivalue version="1.0" type="product"><level name="productline" id="ARCHDESK"><level name="release" id="2027"><level name="master" id="{28B89EEE-A104-0000-5102-CF3F3A09B77D}"><level name="build" id="8.9.46.0"/></level></level></level></upivalue>
<upivalue version="1.0" type="product"><level name="productline" id="ACD"><level name="release" id="2027"><level name="master" id="{28B89EEF-A101-0000-0102-CF3F3A09B77D}"><level name="build" id="26.0.118.0.0"/></level></level></level></upivalue>
</upipackage> (maxCount 1)
[09/03/26 12:11:06] info     set legacy options: /APPICON "C:\Program Files\Autodesk\AutoCAD 2027\AcBrandRes.dll" /APPICONID 1
[09/03/26 12:11:06] info     Setting key RP/AppIcon, value C:\Program Files\Autodesk\AutoCAD 2027\AcBrandRes.dll (maxCount 1)
[09/03/26 12:11:06] info     Setting key RP/AppIconId, value 1 (maxCount 1)
[09/03/26 12:11:06] info     Setting key RP/CadSettingsRegPath, value Software\Autodesk\AutoCAD\R26.0\ACAD-A101:409\CadManagerControl\CustomerErrorReport (maxCount 1)
[09/03/26 12:11:06] info     Setting key RP/AppLocaleId, value 1033 (maxCount 1)
[09/03/26 12:11:06] info     Setting key RP/AppXML, value <ProductInformation name ="AutoCAD" build_version="X.118.0.0(x64)" registry_version="26.0" install_id_string="ACAD-A101:409" registry_localeID="1033" git_commit_id="2c19eb970fc25f5e380f0bd3736f8ba9103aade4" /> (maxCount 100)
[09/03/26 12:11:06] info     Setting key SP/THEME_TYPE, value Blue (maxCount 1)
[09/03/26 12:11:06] info     Setting key SP/EXCEPTION_INFO_POINTER, value 140725452047640 (maxCount 1)
[09/03/26 12:11:06] info     Setting key SP/THREAD_ID, value 4294967295 (maxCount 1)
[09/03/26 12:11:06] info     Get key SP/THREAD_ID, index 0: "4294967295"
[09/03/26 12:11:06] info     Setting key SP/WER, value 0 (maxCount 1)
[09/03/26 12:11:06] info     Get key SP/WER, index 0: "0"
[09/03/26 12:11:06] info     Registered C:\Program Files\Autodesk\AutoCAD 2027\cer.dll as WER runtime exception module
[09/03/26 12:11:06] info     Current ErrorMode is 32769
[09/03/26 12:11:06] debug    Receiver ping: pong
[09/03/26 12:11:07] info     Setting key RP/Headless, value 1 (maxCount 1)
[09/03/26 12:11:08] info     ================= cer stopped =================
[09/03/26 12:12:34] info     ================= cer started =================
[09/03/26 12:12:34] info     C:\Program Files\Autodesk\AutoCAD 2027\cer.dll, 7.2.4+20251128.8f05bb68.927
[09/03/26 12:12:34] info     Setting key SP/SDK_VERSION, value 7.2.4+20251128.8f05bb68.927 (maxCount 1)
[09/03/26 12:12:34] info     Setting key SP/PRODUCT_NAME_HASH, value 9d6767a77b9d2cce90e03082e1302957689eeac5 (maxCount 1)
[09/03/26 12:12:34] info     Setting key SP/RUNTIME_ARCH, value 1 (maxCount 1)
[09/03/26 12:12:34] info     Set senddmp exe path to C:\Program Files\Autodesk\AutoCAD 2027\CER\senddmp.exe
[09/03/26 12:12:34] info     The cer_service exe C:\Program Files\Autodesk\AutoCAD 2027\CER\service\cer_service.exe is not in folder C:\Program Files\Autodesk\AutoCAD 2027\CER\, it's not a sandbox
[09/03/26 12:12:34] info     Set upi exe path to C:\Program Files\Autodesk\AutoCAD 2027\CER\upi.exe
[09/03/26 12:12:34] info     launching C:\Program Files\Autodesk\AutoCAD 2027\CER\upi.exe --cmd=get-device-id C:\Users\PadXAutoman\AppData\Local\Temp\3\upi_deviceid2
[09/03/26 12:12:35] info     Set deviceID2 to E0980AAE6AED663DCD5E319A495325326BBB7E230497E3E7A688257D5161810C&E78156892A1577BCC8ECA22DE8BDD2ACC3DBA494148FF651DD4CD9294238EEC2&EF8EC29B7F9BDFCB7E48CD68912908B19E16A31DC4691909E40C1617F97C9B38
[09/03/26 12:12:35] info     Setting key SP/DEVICEID2, value E0980AAE6AED663DCD5E319A495325326BBB7E230497E3E7A688257D5161810C&E78156892A1577BCC8ECA22DE8BDD2ACC3DBA494148FF651DD4CD9294238EEC2&EF8EC29B7F9BDFCB7E48CD68912908B19E16A31DC4691909E40C1617F97C9B38 (maxCount 1)
[09/03/26 12:12:35] info     Setting key SP/UUID, value 9d6767a77b9d2cce90e03082e1302957689eeac5E0980AAE6AED663DCD5E319A495325326BBB7E230497E3E7A688257D5161810C&E78156892A1577BCC8ECA22DE8BDD2ACC3DBA494148FF651DD4CD9294238EEC2&EF8EC29B7F9BDFCB7E48CD68912908B19E16A31DC4691909E40C1617F97C9B38 (maxCount 1)
[09/03/26 12:12:35] info     Set senddmp exe path to C:\Program Files\Autodesk\AutoCAD 2027\CER\senddmp.exe
[09/03/26 12:12:35] info     The cer_service exe C:\Program Files\Autodesk\AutoCAD 2027\CER\service\cer_service.exe is not in folder C:\Program Files\Autodesk\AutoCAD 2027\CER\, it's not a sandbox
[09/03/26 12:12:35] info     launching C:\Program Files\Autodesk\AutoCAD 2027\CER\upi.exe "C:\Program Files\Autodesk\AutoCAD 2027\en-US\UPI\upiconfig.xml" C:\Users\PadXAutoman\AppData\Local\Temp\3\upi_info.xml
[09/03/26 12:12:35] info     Setting key SP/UPI_PRODUCT, value ACD (maxCount 1)
[09/03/26 12:12:35] info     Setting key SP/UPI_RELEASE, value 2027 (maxCount 1)
[09/03/26 12:12:35] info     Setting key SP/UPI_MASTER, value {28B89EEF-A101-0409-2102-CF3F3A09B77D} (maxCount 1)
[09/03/26 12:12:35] info     Setting key SP/UPI_BUILD, value 26.0.118.0.0 (maxCount 1)
[09/03/26 12:12:35] info     Setting key SP/UPI_FULL_XML, value <?xml version="1.0"?><upipackage><upivalue version="1.0" type="product" requestingapp="true"><level name="productline" id="ACD"><level name="release" id="2027"><level name="master" id="{28B89EEF-A101-0409-2102-CF3F3A09B77D}"><level name="build" id="26.0.118.0.0"/></level></level></level></upivalue>
<upivalue version="1.0" type="product"><level name="productline" id="ACD"><level name="release" id="2027"><level name="master" id="{28B89EEF-A101-0409-1102-CF3F3A09B77D}"><level name="build" id="26.0.118.0.0"/></level></level></level></upivalue>
<upivalue version="1.0" type="product"><level name="productline" id="ARCHDESK"><level name="release" id="2027"><level name="master" id="{28B89EEE-A104-0000-5102-CF3F3A09B77D}"><level name="build" id="8.9.46.0"/></level></level></level></upivalue>
<upivalue version="1.0" type="product"><level name="productline" id="ACD"><level name="release" id="2027"><level name="master" id="{28B89EEF-A101-0000-0102-CF3F3A09B77D}"><level name="build" id="26.0.118.0.0"/></level></level></level></upivalue>
</upipackage> (maxCount 1)
[09/03/26 12:12:35] info     set legacy options: /APPICON "C:\Program Files\Autodesk\AutoCAD 2027\AcBrandRes.dll" /APPICONID 1
[09/03/26 12:12:35] info     Setting key RP/AppIcon, value C:\Program Files\Autodesk\AutoCAD 2027\AcBrandRes.dll (maxCount 1)
[09/03/26 12:12:35] info     Setting key RP/AppIconId, value 1 (maxCount 1)
[09/03/26 12:12:35] info     Setting key RP/CadSettingsRegPath, value Software\Autodesk\AutoCAD\R26.0\ACAD-A101:409\CadManagerControl\CustomerErrorReport (maxCount 1)
[09/03/26 12:12:35] info     Setting key RP/AppLocaleId, value 1033 (maxCount 1)
[09/03/26 12:12:35] info     Setting key RP/AppXML, value <ProductInformation name ="AutoCAD" build_version="X.118.0.0(x64)" registry_version="26.0" install_id_string="ACAD-A101:409" registry_localeID="1033" git_commit_id="2c19eb970fc25f5e380f0bd3736f8ba9103aade4" /> (maxCount 100)
[09/03/26 12:12:35] info     Setting key SP/THEME_TYPE, value Blue (maxCount 1)
[09/03/26 12:12:35] info     Setting key SP/EXCEPTION_INFO_POINTER, value 140725452047640 (maxCount 1)
[09/03/26 12:12:35] info     Setting key SP/THREAD_ID, value 4294967295 (maxCount 1)
[09/03/26 12:12:35] info     Get key SP/THREAD_ID, index 0: "4294967295"
[09/03/26 12:12:35] info     Setting key SP/WER, value 0 (maxCount 1)
[09/03/26 12:12:35] info     Get key SP/WER, index 0: "0"
[09/03/26 12:12:35] info     Registered C:\Program Files\Autodesk\AutoCAD 2027\cer.dll as WER runtime exception module
[09/03/26 12:12:35] info     Current ErrorMode is 32769
[09/03/26 12:12:35] debug    Receiver ping: pong
[09/03/26 12:12:37] info     Setting key RP/Headless, value 1 (maxCount 1)
[09/03/26 12:12:38] info     ================= cer stopped =================
[09/03/26 12:13:02] info     ================= cer started =================
[09/03/26 12:13:02] info     C:\Program Files\Autodesk\AutoCAD 2027\cer.dll, 7.2.4+20251128.8f05bb68.927
[09/03/26 12:13:02] info     Setting key SP/SDK_VERSION, value 7.2.4+20251128.8f05bb68.927 (maxCount 1)
[09/03/26 12:13:02] info     Setting key SP/PRODUCT_NAME_HASH, value 9d6767a77b9d2cce90e03082e1302957689eeac5 (maxCount 1)
[09/03/26 12:13:02] info     Setting key SP/RUNTIME_ARCH, value 1 (maxCount 1)
[09/03/26 12:13:02] info     Set senddmp exe path to C:\Program Files\Autodesk\AutoCAD 2027\CER\senddmp.exe
[09/03/26 12:13:02] info     The cer_service exe C:\Program Files\Autodesk\AutoCAD 2027\CER\service\cer_service.exe is not in folder C:\Program Files\Autodesk\AutoCAD 2027\CER\, it's not a sandbox
[09/03/26 12:13:02] info     Set upi exe path to C:\Program Files\Autodesk\AutoCAD 2027\CER\upi.exe
[09/03/26 12:13:02] info     launching C:\Program Files\Autodesk\AutoCAD 2027\CER\upi.exe --cmd=get-device-id C:\Users\PadXAutoman\AppData\Local\Temp\3\upi_deviceid2
[09/03/26 12:13:02] info     Set deviceID2 to E0980AAE6AED663DCD5E319A495325326BBB7E230497E3E7A688257D5161810C&E78156892A1577BCC8ECA22DE8BDD2ACC3DBA494148FF651DD4CD9294238EEC2&EF8EC29B7F9BDFCB7E48CD68912908B19E16A31DC4691909E40C1617F97C9B38
[09/03/26 12:13:02] info     Setting key SP/DEVICEID2, value E0980AAE6AED663DCD5E319A495325326BBB7E230497E3E7A688257D5161810C&E78156892A1577BCC8ECA22DE8BDD2ACC3DBA494148FF651DD4CD9294238EEC2&EF8EC29B7F9BDFCB7E48CD68912908B19E16A31DC4691909E40C1617F97C9B38 (maxCount 1)
[09/03/26 12:13:02] info     Setting key SP/UUID, value 9d6767a77b9d2cce90e03082e1302957689eeac5E0980AAE6AED663DCD5E319A495325326BBB7E230497E3E7A688257D5161810C&E78156892A1577BCC8ECA22DE8BDD2ACC3DBA494148FF651DD4CD9294238EEC2&EF8EC29B7F9BDFCB7E48CD68912908B19E16A31DC4691909E40C1617F97C9B38 (maxCount 1)
[09/03/26 12:13:02] info     Set senddmp exe path to C:\Program Files\Autodesk\AutoCAD 2027\CER\senddmp.exe
[09/03/26 12:13:02] info     The cer_service exe C:\Program Files\Autodesk\AutoCAD 2027\CER\service\cer_service.exe is not in folder C:\Program Files\Autodesk\AutoCAD 2027\CER\, it's not a sandbox
[09/03/26 12:13:02] info     launching C:\Program Files\Autodesk\AutoCAD 2027\CER\upi.exe "C:\Program Files\Autodesk\AutoCAD 2027\en-US\UPI\upiconfig.xml" C:\Users\PadXAutoman\AppData\Local\Temp\3\upi_info.xml
[09/03/26 12:13:02] info     Setting key SP/UPI_PRODUCT, value ACD (maxCount 1)
[09/03/26 12:13:02] info     Setting key SP/UPI_RELEASE, value 2027 (maxCount 1)
[09/03/26 12:13:02] info     Setting key SP/UPI_MASTER, value {28B89EEF-A101-0409-2102-CF3F3A09B77D} (maxCount 1)
[09/03/26 12:13:02] info     Setting key SP/UPI_BUILD, value 26.0.118.0.0 (maxCount 1)
[09/03/26 12:13:02] info     Setting key SP/UPI_FULL_XML, value <?xml version="1.0"?><upipackage><upivalue version="1.0" type="product" requestingapp="true"><level name="productline" id="ACD"><level name="release" id="2027"><level name="master" id="{28B89EEF-A101-0409-2102-CF3F3A09B77D}"><level name="build" id="26.0.118.0.0"/></level></level></level></upivalue>
<upivalue version="1.0" type="product"><level name="productline" id="ACD"><level name="release" id="2027"><level name="master" id="{28B89EEF-A101-0409-1102-CF3F3A09B77D}"><level name="build" id="26.0.118.0.0"/></level></level></level></upivalue>
<upivalue version="1.0" type="product"><level name="productline" id="ARCHDESK"><level name="release" id="2027"><level name="master" id="{28B89EEE-A104-0000-5102-CF3F3A09B77D}"><level name="build" id="8.9.46.0"/></level></level></level></upivalue>
<upivalue version="1.0" type="product"><level name="productline" id="ACD"><level name="release" id="2027"><level name="master" id="{28B89EEF-A101-0000-0102-CF3F3A09B77D}"><level name="build" id="26.0.118.0.0"/></level></level></level></upivalue>
</upipackage> (maxCount 1)
[09/03/26 12:13:02] info     set legacy options: /APPICON "C:\Program Files\Autodesk\AutoCAD 2027\AcBrandRes.dll" /APPICONID 1
[09/03/26 12:13:02] info     Setting key RP/AppIcon, value C:\Program Files\Autodesk\AutoCAD 2027\AcBrandRes.dll (maxCount 1)
[09/03/26 12:13:02] info     Setting key RP/AppIconId, value 1 (maxCount 1)
[09/03/26 12:13:02] info     Setting key RP/CadSettingsRegPath, value Software\Autodesk\AutoCAD\R26.0\ACAD-A101:409\CadManagerControl\CustomerErrorReport (maxCount 1)
[09/03/26 12:13:02] info     Setting key RP/AppLocaleId, value 1033 (maxCount 1)
[09/03/26 12:13:02] info     Setting key RP/AppXML, value <ProductInformation name ="AutoCAD" build_version="X.118.0.0(x64)" registry_version="26.0" install_id_string="ACAD-A101:409" registry_localeID="1033" git_commit_id="2c19eb970fc25f5e380f0bd3736f8ba9103aade4" /> (maxCount 100)
[09/03/26 12:13:02] info     Setting key SP/THEME_TYPE, value Blue (maxCount 1)
[09/03/26 12:13:02] info     Setting key SP/EXCEPTION_INFO_POINTER, value 140725452047640 (maxCount 1)
[09/03/26 12:13:02] info     Setting key SP/THREAD_ID, value 4294967295 (maxCount 1)
[09/03/26 12:13:02] info     Get key SP/THREAD_ID, index 0: "4294967295"
[09/03/26 12:13:02] info     Setting key SP/WER, value 0 (maxCount 1)
[09/03/26 12:13:02] info     Get key SP/WER, index 0: "0"
[09/03/26 12:13:02] info     Registered C:\Program Files\Autodesk\AutoCAD 2027\cer.dll as WER runtime exception module
[09/03/26 12:13:02] info     Current ErrorMode is 32769
[09/03/26 12:13:02] debug    Receiver ping: pong
[09/03/26 12:13:04] info     Setting key RP/Headless, value 1 (maxCount 1)
[09/03/26 12:13:06] info     ================= cer stopped =================
[09/03/26 12:14:58] info     ================= cer started =================
[09/03/26 12:14:58] info     C:\Program Files\Autodesk\AutoCAD 2027\cer.dll, 7.2.4+20251128.8f05bb68.927
[09/03/26 12:14:58] info     Setting key SP/SDK_VERSION, value 7.2.4+20251128.8f05bb68.927 (maxCount 1)
[09/03/26 12:14:58] info     Setting key SP/PRODUCT_NAME_HASH, value 9d6767a77b9d2cce90e03082e1302957689eeac5 (maxCount 1)
[09/03/26 12:14:58] info     Setting key SP/RUNTIME_ARCH, value 1 (maxCount 1)
[09/03/26 12:14:58] info     Set senddmp exe path to C:\Program Files\Autodesk\AutoCAD 2027\CER\senddmp.exe
[09/03/26 12:14:58] info     The cer_service exe C:\Program Files\Autodesk\AutoCAD 2027\CER\service\cer_service.exe is not in folder C:\Program Files\Autodesk\AutoCAD 2027\CER\, it's not a sandbox
[09/03/26 12:14:58] info     Set upi exe path to C:\Program Files\Autodesk\AutoCAD 2027\CER\upi.exe
[09/03/26 12:14:58] info     launching C:\Program Files\Autodesk\AutoCAD 2027\CER\upi.exe --cmd=get-device-id C:\Users\PadXAutoman\AppData\Local\Temp\3\upi_deviceid2
[09/03/26 12:14:58] info     Set deviceID2 to E0980AAE6AED663DCD5E319A495325326BBB7E230497E3E7A688257D5161810C&E78156892A1577BCC8ECA22DE8BDD2ACC3DBA494148FF651DD4CD9294238EEC2&EF8EC29B7F9BDFCB7E48CD68912908B19E16A31DC4691909E40C1617F97C9B38
[09/03/26 12:14:58] info     Setting key SP/DEVICEID2, value E0980AAE6AED663DCD5E319A495325326BBB7E230497E3E7A688257D5161810C&E78156892A1577BCC8ECA22DE8BDD2ACC3DBA494148FF651DD4CD9294238EEC2&EF8EC29B7F9BDFCB7E48CD68912908B19E16A31DC4691909E40C1617F97C9B38 (maxCount 1)
[09/03/26 12:14:58] info     Setting key SP/UUID, value 9d6767a77b9d2cce90e03082e1302957689eeac5E0980AAE6AED663DCD5E319A495325326BBB7E230497E3E7A688257D5161810C&E78156892A1577BCC8ECA22DE8BDD2ACC3DBA494148FF651DD4CD9294238EEC2&EF8EC29B7F9BDFCB7E48CD68912908B19E16A31DC4691909E40C1617F97C9B38 (maxCount 1)
[09/03/26 12:14:58] info     Set senddmp exe path to C:\Program Files\Autodesk\AutoCAD 2027\CER\senddmp.exe
[09/03/26 12:14:58] info     The cer_service exe C:\Program Files\Autodesk\AutoCAD 2027\CER\service\cer_service.exe is not in folder C:\Program Files\Autodesk\AutoCAD 2027\CER\, it's not a sandbox
[09/03/26 12:14:58] info     launching C:\Program Files\Autodesk\AutoCAD 2027\CER\upi.exe "C:\Program Files\Autodesk\AutoCAD 2027\en-US\UPI\upiconfig.xml" C:\Users\PadXAutoman\AppData\Local\Temp\3\upi_info.xml
[09/03/26 12:14:59] info     Setting key SP/UPI_PRODUCT, value ACD (maxCount 1)
[09/03/26 12:14:59] info     Setting key SP/UPI_RELEASE, value 2027 (maxCount 1)
[09/03/26 12:14:59] info     Setting key SP/UPI_MASTER, value {28B89EEF-A101-0409-2102-CF3F3A09B77D} (maxCount 1)
[09/03/26 12:14:59] info     Setting key SP/UPI_BUILD, value 26.0.118.0.0 (maxCount 1)
[09/03/26 12:14:59] info     Setting key SP/UPI_FULL_XML, value <?xml version="1.0"?><upipackage><upivalue version="1.0" type="product" requestingapp="true"><level name="productline" id="ACD"><level name="release" id="2027"><level name="master" id="{28B89EEF-A101-0409-2102-CF3F3A09B77D}"><level name="build" id="26.0.118.0.0"/></level></level></level></upivalue>
<upivalue version="1.0" type="product"><level name="productline" id="ACD"><level name="release" id="2027"><level name="master" id="{28B89EEF-A101-0409-1102-CF3F3A09B77D}"><level name="build" id="26.0.118.0.0"/></level></level></level></upivalue>
<upivalue version="1.0" type="product"><level name="productline" id="ARCHDESK"><level name="release" id="2027"><level name="master" id="{28B89EEE-A104-0000-5102-CF3F3A09B77D}"><level name="build" id="8.9.46.0"/></level></level></level></upivalue>
<upivalue version="1.0" type="product"><level name="productline" id="ACD"><level name="release" id="2027"><level name="master" id="{28B89EEF-A101-0000-0102-CF3F3A09B77D}"><level name="build" id="26.0.118.0.0"/></level></level></level></upivalue>
</upipackage> (maxCount 1)
[09/03/26 12:14:59] info     set legacy options: /APPICON "C:\Program Files\Autodesk\AutoCAD 2027\AcBrandRes.dll" /APPICONID 1
[09/03/26 12:14:59] info     Setting key RP/AppIcon, value C:\Program Files\Autodesk\AutoCAD 2027\AcBrandRes.dll (maxCount 1)
[09/03/26 12:14:59] info     Setting key RP/AppIconId, value 1 (maxCount 1)
[09/03/26 12:14:59] info     Setting key RP/CadSettingsRegPath, value Software\Autodesk\AutoCAD\R26.0\ACAD-A101:409\CadManagerControl\CustomerErrorReport (maxCount 1)
[09/03/26 12:14:59] info     Setting key RP/AppLocaleId, value 1033 (maxCount 1)
[09/03/26 12:14:59] info     Setting key RP/AppXML, value <ProductInformation name ="AutoCAD" build_version="X.118.0.0(x64)" registry_version="26.0" install_id_string="ACAD-A101:409" registry_localeID="1033" git_commit_id="2c19eb970fc25f5e380f0bd3736f8ba9103aade4" /> (maxCount 100)
[09/03/26 12:14:59] info     Setting key SP/THEME_TYPE, value Blue (maxCount 1)
[09/03/26 12:14:59] info     Setting key SP/EXCEPTION_INFO_POINTER, value 140725452047640 (maxCount 1)
[09/03/26 12:14:59] info     Setting key SP/THREAD_ID, value 4294967295 (maxCount 1)
[09/03/26 12:14:59] info     Get key SP/THREAD_ID, index 0: "4294967295"
[09/03/26 12:14:59] info     Setting key SP/WER, value 0 (maxCount 1)
[09/03/26 12:14:59] info     Get key SP/WER, index 0: "0"
[09/03/26 12:14:59] info     Registered C:\Program Files\Autodesk\AutoCAD 2027\cer.dll as WER runtime exception module
[09/03/26 12:14:59] info     Current ErrorMode is 32769
[09/03/26 12:14:59] debug    Receiver ping: pong
[09/03/26 12:15:02] info     Setting key RP/Headless, value 1 (maxCount 1)
[09/03/26 12:15:03] info     ================= cer stopped =================
[09/03/26 12:15:31] info     ================= cer started =================
[09/03/26 12:15:31] info     C:\Program Files\Autodesk\AutoCAD 2027\cer.dll, 7.2.4+20251128.8f05bb68.927
[09/03/26 12:15:31] info     Setting key SP/SDK_VERSION, value 7.2.4+20251128.8f05bb68.927 (maxCount 1)
[09/03/26 12:15:31] info     Setting key SP/PRODUCT_NAME_HASH, value 9d6767a77b9d2cce90e03082e1302957689eeac5 (maxCount 1)
[09/03/26 12:15:31] info     Setting key SP/RUNTIME_ARCH, value 1 (maxCount 1)
[09/03/26 12:15:31] info     Set senddmp exe path to C:\Program Files\Autodesk\AutoCAD 2027\CER\senddmp.exe
[09/03/26 12:15:31] info     The cer_service exe C:\Program Files\Autodesk\AutoCAD 2027\CER\service\cer_service.exe is not in folder C:\Program Files\Autodesk\AutoCAD 2027\CER\, it's not a sandbox
[09/03/26 12:15:31] info     Set upi exe path to C:\Program Files\Autodesk\AutoCAD 2027\CER\upi.exe
[09/03/26 12:15:31] info     launching C:\Program Files\Autodesk\AutoCAD 2027\CER\upi.exe --cmd=get-device-id C:\Users\PadXAutoman\AppData\Local\Temp\3\upi_deviceid2
[09/03/26 12:15:31] info     Set deviceID2 to E0980AAE6AED663DCD5E319A495325326BBB7E230497E3E7A688257D5161810C&E78156892A1577BCC8ECA22DE8BDD2ACC3DBA494148FF651DD4CD9294238EEC2&EF8EC29B7F9BDFCB7E48CD68912908B19E16A31DC4691909E40C1617F97C9B38
[09/03/26 12:15:31] info     Setting key SP/DEVICEID2, value E0980AAE6AED663DCD5E319A495325326BBB7E230497E3E7A688257D5161810C&E78156892A1577BCC8ECA22DE8BDD2ACC3DBA494148FF651DD4CD9294238EEC2&EF8EC29B7F9BDFCB7E48CD68912908B19E16A31DC4691909E40C1617F97C9B38 (maxCount 1)
[09/03/26 12:15:31] info     Setting key SP/UUID, value 9d6767a77b9d2cce90e03082e1302957689eeac5E0980AAE6AED663DCD5E319A495325326BBB7E230497E3E7A688257D5161810C&E78156892A1577BCC8ECA22DE8BDD2ACC3DBA494148FF651DD4CD9294238EEC2&EF8EC29B7F9BDFCB7E48CD68912908B19E16A31DC4691909E40C1617F97C9B38 (maxCount 1)
[09/03/26 12:15:31] info     Set senddmp exe path to C:\Program Files\Autodesk\AutoCAD 2027\CER\senddmp.exe
[09/03/26 12:15:31] info     The cer_service exe C:\Program Files\Autodesk\AutoCAD 2027\CER\service\cer_service.exe is not in folder C:\Program Files\Autodesk\AutoCAD 2027\CER\, it's not a sandbox
[09/03/26 12:15:31] info     launching C:\Program Files\Autodesk\AutoCAD 2027\CER\upi.exe "C:\Program Files\Autodesk\AutoCAD 2027\en-US\UPI\upiconfig.xml" C:\Users\PadXAutoman\AppData\Local\Temp\3\upi_info.xml
[09/03/26 12:15:31] info     Setting key SP/UPI_PRODUCT, value ACD (maxCount 1)
[09/03/26 12:15:31] info     Setting key SP/UPI_RELEASE, value 2027 (maxCount 1)
[09/03/26 12:15:31] info     Setting key SP/UPI_MASTER, value {28B89EEF-A101-0409-2102-CF3F3A09B77D} (maxCount 1)
[09/03/26 12:15:31] info     Setting key SP/UPI_BUILD, value 26.0.118.0.0 (maxCount 1)
[09/03/26 12:15:31] info     Setting key SP/UPI_FULL_XML, value <?xml version="1.0"?><upipackage><upivalue version="1.0" type="product" requestingapp="true"><level name="productline" id="ACD"><level name="release" id="2027"><level name="master" id="{28B89EEF-A101-0409-2102-CF3F3A09B77D}"><level name="build" id="26.0.118.0.0"/></level></level></level></upivalue>
<upivalue version="1.0" type="product"><level name="productline" id="ACD"><level name="release" id="2027"><level name="master" id="{28B89EEF-A101-0409-1102-CF3F3A09B77D}"><level name="build" id="26.0.118.0.0"/></level></level></level></upivalue>
<upivalue version="1.0" type="product"><level name="productline" id="ARCHDESK"><level name="release" id="2027"><level name="master" id="{28B89EEE-A104-0000-5102-CF3F3A09B77D}"><level name="build" id="8.9.46.0"/></level></level></level></upivalue>
<upivalue version="1.0" type="product"><level name="productline" id="ACD"><level name="release" id="2027"><level name="master" id="{28B89EEF-A101-0000-0102-CF3F3A09B77D}"><level name="build" id="26.0.118.0.0"/></level></level></level></upivalue>
</upipackage> (maxCount 1)
[09/03/26 12:15:31] info     set legacy options: /APPICON "C:\Program Files\Autodesk\AutoCAD 2027\AcBrandRes.dll" /APPICONID 1
[09/03/26 12:15:31] info     Setting key RP/AppIcon, value C:\Program Files\Autodesk\AutoCAD 2027\AcBrandRes.dll (maxCount 1)
[09/03/26 12:15:31] info     Setting key RP/AppIconId, value 1 (maxCount 1)
[09/03/26 12:15:31] info     Setting key RP/CadSettingsRegPath, value Software\Autodesk\AutoCAD\R26.0\ACAD-A101:409\CadManagerControl\CustomerErrorReport (maxCount 1)
[09/03/26 12:15:31] info     Setting key RP/AppLocaleId, value 1033 (maxCount 1)
[09/03/26 12:15:31] info     Setting key RP/AppXML, value <ProductInformation name ="AutoCAD" build_version="X.118.0.0(x64)" registry_version="26.0" install_id_string="ACAD-A101:409" registry_localeID="1033" git_commit_id="2c19eb970fc25f5e380f0bd3736f8ba9103aade4" /> (maxCount 100)
[09/03/26 12:15:31] info     Setting key SP/THEME_TYPE, value Blue (maxCount 1)
[09/03/26 12:15:31] info     Setting key SP/EXCEPTION_INFO_POINTER, value 140725452047640 (maxCount 1)
[09/03/26 12:15:31] info     Setting key SP/THREAD_ID, value 4294967295 (maxCount 1)
[09/03/26 12:15:31] info     Get key SP/THREAD_ID, index 0: "4294967295"
[09/03/26 12:15:31] info     Setting key SP/WER, value 0 (maxCount 1)
[09/03/26 12:15:31] info     Get key SP/WER, index 0: "0"
[09/03/26 12:15:31] info     Registered C:\Program Files\Autodesk\AutoCAD 2027\cer.dll as WER runtime exception module
[09/03/26 12:15:31] info     Current ErrorMode is 32769
[09/03/26 12:15:31] debug    Receiver ping: pong
[09/03/26 12:15:33] info     Setting key RP/Headless, value 1 (maxCount 1)
[09/03/26 12:15:33] info     ================= cer stopped =================
[09/03/26 12:20:29] info     ================= cer started =================
[09/03/26 12:20:29] info     C:\Program Files\Autodesk\AutoCAD 2027\cer.dll, 7.2.4+20251128.8f05bb68.927
[09/03/26 12:20:29] info     Setting key SP/SDK_VERSION, value 7.2.4+20251128.8f05bb68.927 (maxCount 1)
[09/03/26 12:20:29] info     Setting key SP/PRODUCT_NAME_HASH, value 9d6767a77b9d2cce90e03082e1302957689eeac5 (maxCount 1)
[09/03/26 12:20:29] info     Setting key SP/RUNTIME_ARCH, value 1 (maxCount 1)
[09/03/26 12:20:29] info     Set senddmp exe path to C:\Program Files\Autodesk\AutoCAD 2027\CER\senddmp.exe
[09/03/26 12:20:29] info     The cer_service exe C:\Program Files\Autodesk\AutoCAD 2027\CER\service\cer_service.exe is not in folder C:\Program Files\Autodesk\AutoCAD 2027\CER\, it's not a sandbox
[09/03/26 12:20:29] info     Set upi exe path to C:\Program Files\Autodesk\AutoCAD 2027\CER\upi.exe
[09/03/26 12:20:29] info     launching C:\Program Files\Autodesk\AutoCAD 2027\CER\upi.exe --cmd=get-device-id C:\Users\PadXAutoman\AppData\Local\Temp\3\upi_deviceid2
[09/03/26 12:20:30] info     Set deviceID2 to E0980AAE6AED663DCD5E319A495325326BBB7E230497E3E7A688257D5161810C&E78156892A1577BCC8ECA22DE8BDD2ACC3DBA494148FF651DD4CD9294238EEC2&EF8EC29B7F9BDFCB7E48CD68912908B19E16A31DC4691909E40C1617F97C9B38
[09/03/26 12:20:30] info     Setting key SP/DEVICEID2, value E0980AAE6AED663DCD5E319A495325326BBB7E230497E3E7A688257D5161810C&E78156892A1577BCC8ECA22DE8BDD2ACC3DBA494148FF651DD4CD9294238EEC2&EF8EC29B7F9BDFCB7E48CD68912908B19E16A31DC4691909E40C1617F97C9B38 (maxCount 1)
[09/03/26 12:20:30] info     Setting key SP/UUID, value 9d6767a77b9d2cce90e03082e1302957689eeac5E0980AAE6AED663DCD5E319A495325326BBB7E230497E3E7A688257D5161810C&E78156892A1577BCC8ECA22DE8BDD2ACC3DBA494148FF651DD4CD9294238EEC2&EF8EC29B7F9BDFCB7E48CD68912908B19E16A31DC4691909E40C1617F97C9B38 (maxCount 1)
[09/03/26 12:20:30] info     Set senddmp exe path to C:\Program Files\Autodesk\AutoCAD 2027\CER\senddmp.exe
[09/03/26 12:20:30] info     The cer_service exe C:\Program Files\Autodesk\AutoCAD 2027\CER\service\cer_service.exe is not in folder C:\Program Files\Autodesk\AutoCAD 2027\CER\, it's not a sandbox
[09/03/26 12:20:30] info     launching C:\Program Files\Autodesk\AutoCAD 2027\CER\upi.exe "C:\Program Files\Autodesk\AutoCAD 2027\en-US\UPI\upiconfig.xml" C:\Users\PadXAutoman\AppData\Local\Temp\3\upi_info.xml
[09/03/26 12:20:30] info     Setting key SP/UPI_PRODUCT, value ACD (maxCount 1)
[09/03/26 12:20:30] info     Setting key SP/UPI_RELEASE, value 2027 (maxCount 1)
[09/03/26 12:20:30] info     Setting key SP/UPI_MASTER, value {28B89EEF-A101-0409-2102-CF3F3A09B77D} (maxCount 1)
[09/03/26 12:20:30] info     Setting key SP/UPI_BUILD, value 26.0.118.0.0 (maxCount 1)
[09/03/26 12:20:30] info     Setting key SP/UPI_FULL_XML, value <?xml version="1.0"?><upipackage><upivalue version="1.0" type="product" requestingapp="true"><level name="productline" id="ACD"><level name="release" id="2027"><level name="master" id="{28B89EEF-A101-0409-2102-CF3F3A09B77D}"><level name="build" id="26.0.118.0.0"/></level></level></level></upivalue>
<upivalue version="1.0" type="product"><level name="productline" id="ACD"><level name="release" id="2027"><level name="master" id="{28B89EEF-A101-0409-1102-CF3F3A09B77D}"><level name="build" id="26.0.118.0.0"/></level></level></level></upivalue>
<upivalue version="1.0" type="product"><level name="productline" id="ARCHDESK"><level name="release" id="2027"><level name="master" id="{28B89EEE-A104-0000-5102-CF3F3A09B77D}"><level name="build" id="8.9.46.0"/></level></level></level></upivalue>
<upivalue version="1.0" type="product"><level name="productline" id="ACD"><level name="release" id="2027"><level name="master" id="{28B89EEF-A101-0000-0102-CF3F3A09B77D}"><level name="build" id="26.0.118.0.0"/></level></level></level></upivalue>
</upipackage> (maxCount 1)
[09/03/26 12:20:30] info     set legacy options: /APPICON "C:\Program Files\Autodesk\AutoCAD 2027\AcBrandRes.dll" /APPICONID 1
[09/03/26 12:20:30] info     Setting key RP/AppIcon, value C:\Program Files\Autodesk\AutoCAD 2027\AcBrandRes.dll (maxCount 1)
[09/03/26 12:20:30] info     Setting key RP/AppIconId, value 1 (maxCount 1)
[09/03/26 12:20:30] info     Setting key RP/CadSettingsRegPath, value Software\Autodesk\AutoCAD\R26.0\ACAD-A101:409\CadManagerControl\CustomerErrorReport (maxCount 1)
[09/03/26 12:20:30] info     Setting key RP/AppLocaleId, value 1033 (maxCount 1)
[09/03/26 12:20:30] info     Setting key RP/AppXML, value <ProductInformation name ="AutoCAD" build_version="X.118.0.0(x64)" registry_version="26.0" install_id_string="ACAD-A101:409" registry_localeID="1033" git_commit_id="2c19eb970fc25f5e380f0bd3736f8ba9103aade4" /> (maxCount 100)
[09/03/26 12:20:30] info     Setting key SP/THEME_TYPE, value Blue (maxCount 1)
[09/03/26 12:20:30] info     Setting key SP/EXCEPTION_INFO_POINTER, value 140725452047640 (maxCount 1)
[09/03/26 12:20:30] info     Setting key SP/THREAD_ID, value 4294967295 (maxCount 1)
[09/03/26 12:20:30] info     Get key SP/THREAD_ID, index 0: "4294967295"
[09/03/26 12:20:30] info     Setting key SP/WER, value 0 (maxCount 1)
[09/03/26 12:20:30] info     Get key SP/WER, index 0: "0"
[09/03/26 12:20:30] info     Registered C:\Program Files\Autodesk\AutoCAD 2027\cer.dll as WER runtime exception module
[09/03/26 12:20:30] info     Current ErrorMode is 32769
[09/03/26 12:20:30] debug    Receiver ping: pong
[09/03/26 12:20:33] info     Setting key RP/Headless, value 1 (maxCount 1)
[09/03/26 12:20:34] info     ================= cer stopped =================
[09/03/26 12:25:40] info     ================= cer started =================
[09/03/26 12:25:40] info     C:\Program Files\Autodesk\AutoCAD 2027\cer.dll, 7.2.4+20251128.8f05bb68.927
[09/03/26 12:25:40] info     Setting key SP/SDK_VERSION, value 7.2.4+20251128.8f05bb68.927 (maxCount 1)
[09/03/26 12:25:40] info     Setting key SP/PRODUCT_NAME_HASH, value 9d6767a77b9d2cce90e03082e1302957689eeac5 (maxCount 1)
[09/03/26 12:25:40] info     Setting key SP/RUNTIME_ARCH, value 1 (maxCount 1)
[09/03/26 12:25:40] info     Set senddmp exe path to C:\Program Files\Autodesk\AutoCAD 2027\CER\senddmp.exe
[09/03/26 12:25:40] info     The cer_service exe C:\Program Files\Autodesk\AutoCAD 2027\CER\service\cer_service.exe is not in folder C:\Program Files\Autodesk\AutoCAD 2027\CER\, it's not a sandbox
[09/03/26 12:25:40] info     Set upi exe path to C:\Program Files\Autodesk\AutoCAD 2027\CER\upi.exe
[09/03/26 12:25:40] info     launching C:\Program Files\Autodesk\AutoCAD 2027\CER\upi.exe --cmd=get-device-id C:\Users\PadXAutoman\AppData\Local\Temp\3\upi_deviceid2
[09/03/26 12:25:41] info     Set deviceID2 to E0980AAE6AED663DCD5E319A495325326BBB7E230497E3E7A688257D5161810C&E78156892A1577BCC8ECA22DE8BDD2ACC3DBA494148FF651DD4CD9294238EEC2&EF8EC29B7F9BDFCB7E48CD68912908B19E16A31DC4691909E40C1617F97C9B38
[09/03/26 12:25:41] info     Setting key SP/DEVICEID2, value E0980AAE6AED663DCD5E319A495325326BBB7E230497E3E7A688257D5161810C&E78156892A1577BCC8ECA22DE8BDD2ACC3DBA494148FF651DD4CD9294238EEC2&EF8EC29B7F9BDFCB7E48CD68912908B19E16A31DC4691909E40C1617F97C9B38 (maxCount 1)
[09/03/26 12:25:41] info     Setting key SP/UUID, value 9d6767a77b9d2cce90e03082e1302957689eeac5E0980AAE6AED663DCD5E319A495325326BBB7E230497E3E7A688257D5161810C&E78156892A1577BCC8ECA22DE8BDD2ACC3DBA494148FF651DD4CD9294238EEC2&EF8EC29B7F9BDFCB7E48CD68912908B19E16A31DC4691909E40C1617F97C9B38 (maxCount 1)
[09/03/26 12:25:41] info     Set senddmp exe path to C:\Program Files\Autodesk\AutoCAD 2027\CER\senddmp.exe
[09/03/26 12:25:41] info     The cer_service exe C:\Program Files\Autodesk\AutoCAD 2027\CER\service\cer_service.exe is not in folder C:\Program Files\Autodesk\AutoCAD 2027\CER\, it's not a sandbox
[09/03/26 12:25:41] info     launching C:\Program Files\Autodesk\AutoCAD 2027\CER\upi.exe "C:\Program Files\Autodesk\AutoCAD 2027\en-US\UPI\upiconfig.xml" C:\Users\PadXAutoman\AppData\Local\Temp\3\upi_info.xml
[09/03/26 12:25:41] info     Setting key SP/UPI_PRODUCT, value ACD (maxCount 1)
[09/03/26 12:25:41] info     Setting key SP/UPI_RELEASE, value 2027 (maxCount 1)
[09/03/26 12:25:41] info     Setting key SP/UPI_MASTER, value {28B89EEF-A101-0409-2102-CF3F3A09B77D} (maxCount 1)
[09/03/26 12:25:41] info     Setting key SP/UPI_BUILD, value 26.0.118.0.0 (maxCount 1)
[09/03/26 12:25:41] info     Setting key SP/UPI_FULL_XML, value <?xml version="1.0"?><upipackage><upivalue version="1.0" type="product" requestingapp="true"><level name="productline" id="ACD"><level name="release" id="2027"><level name="master" id="{28B89EEF-A101-0409-2102-CF3F3A09B77D}"><level name="build" id="26.0.118.0.0"/></level></level></level></upivalue>
<upivalue version="1.0" type="product"><level name="productline" id="ACD"><level name="release" id="2027"><level name="master" id="{28B89EEF-A101-0409-1102-CF3F3A09B77D}"><level name="build" id="26.0.118.0.0"/></level></level></level></upivalue>
<upivalue version="1.0" type="product"><level name="productline" id="ARCHDESK"><level name="release" id="2027"><level name="master" id="{28B89EEE-A104-0000-5102-CF3F3A09B77D}"><level name="build" id="8.9.46.0"/></level></level></level></upivalue>
<upivalue version="1.0" type="product"><level name="productline" id="ACD"><level name="release" id="2027"><level name="master" id="{28B89EEF-A101-0000-0102-CF3F3A09B77D}"><level name="build" id="26.0.118.0.0"/></level></level></level></upivalue>
</upipackage> (maxCount 1)
[09/03/26 12:25:41] info     set legacy options: /APPICON "C:\Program Files\Autodesk\AutoCAD 2027\AcBrandRes.dll" /APPICONID 1
[09/03/26 12:25:41] info     Setting key RP/AppIcon, value C:\Program Files\Autodesk\AutoCAD 2027\AcBrandRes.dll (maxCount 1)
[09/03/26 12:25:41] info     Setting key RP/AppIconId, value 1 (maxCount 1)
[09/03/26 12:25:41] info     Setting key RP/CadSettingsRegPath, value Software\Autodesk\AutoCAD\R26.0\ACAD-A101:409\CadManagerControl\CustomerErrorReport (maxCount 1)
[09/03/26 12:25:41] info     Setting key RP/AppLocaleId, value 1033 (maxCount 1)
[09/03/26 12:25:41] info     Setting key RP/AppXML, value <ProductInformation name ="AutoCAD" build_version="X.118.0.0(x64)" registry_version="26.0" install_id_string="ACAD-A101:409" registry_localeID="1033" git_commit_id="2c19eb970fc25f5e380f0bd3736f8ba9103aade4" /> (maxCount 100)
[09/03/26 12:25:41] info     Setting key SP/THEME_TYPE, value Blue (maxCount 1)
[09/03/26 12:25:41] info     Setting key SP/EXCEPTION_INFO_POINTER, value 140725452047640 (maxCount 1)
[09/03/26 12:25:41] info     Setting key SP/THREAD_ID, value 4294967295 (maxCount 1)
[09/03/26 12:25:41] info     Get key SP/THREAD_ID, index 0: "4294967295"
[09/03/26 12:25:41] info     Setting key SP/WER, value 0 (maxCount 1)
[09/03/26 12:25:41] info     Get key SP/WER, index 0: "0"
[09/03/26 12:25:41] info     Registered C:\Program Files\Autodesk\AutoCAD 2027\cer.dll as WER runtime exception module
[09/03/26 12:25:41] info     Current ErrorMode is 32769
[09/03/26 12:25:41] debug    Receiver ping: pong
[09/03/26 12:25:47] info     Setting key RP/Headless, value 1 (maxCount 1)
[09/03/26 12:25:47] info     ================= cer stopped =================
[09/03/26 12:26:14] info     ================= cer started =================
[09/03/26 12:26:14] info     C:\Program Files\Autodesk\AutoCAD 2027\cer.dll, 7.2.4+20251128.8f05bb68.927
[09/03/26 12:26:14] info     Setting key SP/SDK_VERSION, value 7.2.4+20251128.8f05bb68.927 (maxCount 1)
[09/03/26 12:26:14] info     Setting key SP/PRODUCT_NAME_HASH, value 9d6767a77b9d2cce90e03082e1302957689eeac5 (maxCount 1)
[09/03/26 12:26:14] info     Setting key SP/RUNTIME_ARCH, value 1 (maxCount 1)
[09/03/26 12:26:14] info     Set senddmp exe path to C:\Program Files\Autodesk\AutoCAD 2027\CER\senddmp.exe
[09/03/26 12:26:14] info     The cer_service exe C:\Program Files\Autodesk\AutoCAD 2027\CER\service\cer_service.exe is not in folder C:\Program Files\Autodesk\AutoCAD 2027\CER\, it's not a sandbox
[09/03/26 12:26:14] info     Set upi exe path to C:\Program Files\Autodesk\AutoCAD 2027\CER\upi.exe
[09/03/26 12:26:14] info     launching C:\Program Files\Autodesk\AutoCAD 2027\CER\upi.exe --cmd=get-device-id C:\Users\PadXAutoman\AppData\Local\Temp\3\upi_deviceid2
[09/03/26 12:26:14] info     Set deviceID2 to E0980AAE6AED663DCD5E319A495325326BBB7E230497E3E7A688257D5161810C&E78156892A1577BCC8ECA22DE8BDD2ACC3DBA494148FF651DD4CD9294238EEC2&EF8EC29B7F9BDFCB7E48CD68912908B19E16A31DC4691909E40C1617F97C9B38
[09/03/26 12:26:14] info     Setting key SP/DEVICEID2, value E0980AAE6AED663DCD5E319A495325326BBB7E230497E3E7A688257D5161810C&E78156892A1577BCC8ECA22DE8BDD2ACC3DBA494148FF651DD4CD9294238EEC2&EF8EC29B7F9BDFCB7E48CD68912908B19E16A31DC4691909E40C1617F97C9B38 (maxCount 1)
[09/03/26 12:26:14] info     Setting key SP/UUID, value 9d6767a77b9d2cce90e03082e1302957689eeac5E0980AAE6AED663DCD5E319A495325326BBB7E230497E3E7A688257D5161810C&E78156892A1577BCC8ECA22DE8BDD2ACC3DBA494148FF651DD4CD9294238EEC2&EF8EC29B7F9BDFCB7E48CD68912908B19E16A31DC4691909E40C1617F97C9B38 (maxCount 1)
[09/03/26 12:26:14] info     Set senddmp exe path to C:\Program Files\Autodesk\AutoCAD 2027\CER\senddmp.exe
[09/03/26 12:26:14] info     The cer_service exe C:\Program Files\Autodesk\AutoCAD 2027\CER\service\cer_service.exe is not in folder C:\Program Files\Autodesk\AutoCAD 2027\CER\, it's not a sandbox
[09/03/26 12:26:14] info     launching C:\Program Files\Autodesk\AutoCAD 2027\CER\upi.exe "C:\Program Files\Autodesk\AutoCAD 2027\en-US\UPI\upiconfig.xml" C:\Users\PadXAutoman\AppData\Local\Temp\3\upi_info.xml
[09/03/26 12:26:15] info     Setting key SP/UPI_PRODUCT, value ACD (maxCount 1)
[09/03/26 12:26:15] info     Setting key SP/UPI_RELEASE, value 2027 (maxCount 1)
[09/03/26 12:26:15] info     Setting key SP/UPI_MASTER, value {28B89EEF-A101-0409-2102-CF3F3A09B77D} (maxCount 1)
[09/03/26 12:26:15] info     Setting key SP/UPI_BUILD, value 26.0.118.0.0 (maxCount 1)
[09/03/26 12:26:15] info     Setting key SP/UPI_FULL_XML, value <?xml version="1.0"?><upipackage><upivalue version="1.0" type="product" requestingapp="true"><level name="productline" id="ACD"><level name="release" id="2027"><level name="master" id="{28B89EEF-A101-0409-2102-CF3F3A09B77D}"><level name="build" id="26.0.118.0.0"/></level></level></level></upivalue>
<upivalue version="1.0" type="product"><level name="productline" id="ACD"><level name="release" id="2027"><level name="master" id="{28B89EEF-A101-0409-1102-CF3F3A09B77D}"><level name="build" id="26.0.118.0.0"/></level></level></level></upivalue>
<upivalue version="1.0" type="product"><level name="productline" id="ARCHDESK"><level name="release" id="2027"><level name="master" id="{28B89EEE-A104-0000-5102-CF3F3A09B77D}"><level name="build" id="8.9.46.0"/></level></level></level></upivalue>
<upivalue version="1.0" type="product"><level name="productline" id="ACD"><level name="release" id="2027"><level name="master" id="{28B89EEF-A101-0000-0102-CF3F3A09B77D}"><level name="build" id="26.0.118.0.0"/></level></level></level></upivalue>
</upipackage> (maxCount 1)
[09/03/26 12:26:15] info     set legacy options: /APPICON "C:\Program Files\Autodesk\AutoCAD 2027\AcBrandRes.dll" /APPICONID 1
[09/03/26 12:26:15] info     Setting key RP/AppIcon, value C:\Program Files\Autodesk\AutoCAD 2027\AcBrandRes.dll (maxCount 1)
[09/03/26 12:26:15] info     Setting key RP/AppIconId, value 1 (maxCount 1)
[09/03/26 12:26:15] info     Setting key RP/CadSettingsRegPath, value Software\Autodesk\AutoCAD\R26.0\ACAD-A101:409\CadManagerControl\CustomerErrorReport (maxCount 1)
[09/03/26 12:26:15] info     Setting key RP/AppLocaleId, value 1033 (maxCount 1)
[09/03/26 12:26:15] info     Setting key RP/AppXML, value <ProductInformation name ="AutoCAD" build_version="X.118.0.0(x64)" registry_version="26.0" install_id_string="ACAD-A101:409" registry_localeID="1033" git_commit_id="2c19eb970fc25f5e380f0bd3736f8ba9103aade4" /> (maxCount 100)
[09/03/26 12:26:15] info     Setting key SP/THEME_TYPE, value Blue (maxCount 1)
[09/03/26 12:26:15] info     Setting key SP/EXCEPTION_INFO_POINTER, value 140725452047640 (maxCount 1)
[09/03/26 12:26:15] info     Setting key SP/THREAD_ID, value 4294967295 (maxCount 1)
[09/03/26 12:26:15] info     Get key SP/THREAD_ID, index 0: "4294967295"
[09/03/26 12:26:15] info     Setting key SP/WER, value 0 (maxCount 1)
[09/03/26 12:26:15] info     Get key SP/WER, index 0: "0"
[09/03/26 12:26:15] info     Registered C:\Program Files\Autodesk\AutoCAD 2027\cer.dll as WER runtime exception module
[09/03/26 12:26:15] info     Current ErrorMode is 32769
[09/03/26 12:26:15] debug    Receiver ping: pong
[09/03/26 12:26:16] info     Setting key RP/Headless, value 1 (maxCount 1)
[09/03/26 12:26:17] info     ================= cer stopped =================
[09/03/26 12:29:03] info     ================= cer started =================
[09/03/26 12:29:03] info     C:\Program Files\Autodesk\AutoCAD 2027\cer.dll, 7.2.4+20251128.8f05bb68.927
[09/03/26 12:29:03] info     Setting key SP/SDK_VERSION, value 7.2.4+20251128.8f05bb68.927 (maxCount 1)
[09/03/26 12:29:03] info     Setting key SP/PRODUCT_NAME_HASH, value 9d6767a77b9d2cce90e03082e1302957689eeac5 (maxCount 1)
[09/03/26 12:29:03] info     Setting key SP/RUNTIME_ARCH, value 1 (maxCount 1)
[09/03/26 12:29:03] info     Set senddmp exe path to C:\Program Files\Autodesk\AutoCAD 2027\CER\senddmp.exe
[09/03/26 12:29:03] info     The cer_service exe C:\Program Files\Autodesk\AutoCAD 2027\CER\service\cer_service.exe is not in folder C:\Program Files\Autodesk\AutoCAD 2027\CER\, it's not a sandbox
[09/03/26 12:29:03] info     Set upi exe path to C:\Program Files\Autodesk\AutoCAD 2027\CER\upi.exe
[09/03/26 12:29:03] info     launching C:\Program Files\Autodesk\AutoCAD 2027\CER\upi.exe --cmd=get-device-id C:\Users\PadXAutoman\AppData\Local\Temp\3\upi_deviceid2
[09/03/26 12:29:03] info     Set deviceID2 to E0980AAE6AED663DCD5E319A495325326BBB7E230497E3E7A688257D5161810C&E78156892A1577BCC8ECA22DE8BDD2ACC3DBA494148FF651DD4CD9294238EEC2&EF8EC29B7F9BDFCB7E48CD68912908B19E16A31DC4691909E40C1617F97C9B38
[09/03/26 12:29:03] info     Setting key SP/DEVICEID2, value E0980AAE6AED663DCD5E319A495325326BBB7E230497E3E7A688257D5161810C&E78156892A1577BCC8ECA22DE8BDD2ACC3DBA494148FF651DD4CD9294238EEC2&EF8EC29B7F9BDFCB7E48CD68912908B19E16A31DC4691909E40C1617F97C9B38 (maxCount 1)
[09/03/26 12:29:03] info     Setting key SP/UUID, value 9d6767a77b9d2cce90e03082e1302957689eeac5E0980AAE6AED663DCD5E319A495325326BBB7E230497E3E7A688257D5161810C&E78156892A1577BCC8ECA22DE8BDD2ACC3DBA494148FF651DD4CD9294238EEC2&EF8EC29B7F9BDFCB7E48CD68912908B19E16A31DC4691909E40C1617F97C9B38 (maxCount 1)
[09/03/26 12:29:03] info     Set senddmp exe path to C:\Program Files\Autodesk\AutoCAD 2027\CER\senddmp.exe
[09/03/26 12:29:03] info     The cer_service exe C:\Program Files\Autodesk\AutoCAD 2027\CER\service\cer_service.exe is not in folder C:\Program Files\Autodesk\AutoCAD 2027\CER\, it's not a sandbox
[09/03/26 12:29:03] info     launching C:\Program Files\Autodesk\AutoCAD 2027\CER\upi.exe "C:\Program Files\Autodesk\AutoCAD 2027\en-US\UPI\upiconfig.xml" C:\Users\PadXAutoman\AppData\Local\Temp\3\upi_info.xml
[09/03/26 12:29:03] info     Setting key SP/UPI_PRODUCT, value ACD (maxCount 1)
[09/03/26 12:29:03] info     Setting key SP/UPI_RELEASE, value 2027 (maxCount 1)
[09/03/26 12:29:03] info     Setting key SP/UPI_MASTER, value {28B89EEF-A101-0409-2102-CF3F3A09B77D} (maxCount 1)
[09/03/26 12:29:03] info     Setting key SP/UPI_BUILD, value 26.0.118.0.0 (maxCount 1)
[09/03/26 12:29:03] info     Setting key SP/UPI_FULL_XML, value <?xml version="1.0"?><upipackage><upivalue version="1.0" type="product" requestingapp="true"><level name="productline" id="ACD"><level name="release" id="2027"><level name="master" id="{28B89EEF-A101-0409-2102-CF3F3A09B77D}"><level name="build" id="26.0.118.0.0"/></level></level></level></upivalue>
<upivalue version="1.0" type="product"><level name="productline" id="ACD"><level name="release" id="2027"><level name="master" id="{28B89EEF-A101-0409-1102-CF3F3A09B77D}"><level name="build" id="26.0.118.0.0"/></level></level></level></upivalue>
<upivalue version="1.0" type="product"><level name="productline" id="ARCHDESK"><level name="release" id="2027"><level name="master" id="{28B89EEE-A104-0000-5102-CF3F3A09B77D}"><level name="build" id="8.9.46.0"/></level></level></level></upivalue>
<upivalue version="1.0" type="product"><level name="productline" id="ACD"><level name="release" id="2027"><level name="master" id="{28B89EEF-A101-0000-0102-CF3F3A09B77D}"><level name="build" id="26.0.118.0.0"/></level></level></level></upivalue>
</upipackage> (maxCount 1)
[09/03/26 12:29:03] info     set legacy options: /APPICON "C:\Program Files\Autodesk\AutoCAD 2027\AcBrandRes.dll" /APPICONID 1
[09/03/26 12:29:03] info     Setting key RP/AppIcon, value C:\Program Files\Autodesk\AutoCAD 2027\AcBrandRes.dll (maxCount 1)
[09/03/26 12:29:03] info     Setting key RP/AppIconId, value 1 (maxCount 1)
[09/03/26 12:29:03] info     Setting key RP/CadSettingsRegPath, value Software\Autodesk\AutoCAD\R26.0\ACAD-A101:409\CadManagerControl\CustomerErrorReport (maxCount 1)
[09/03/26 12:29:03] info     Setting key RP/AppLocaleId, value 1033 (maxCount 1)
[09/03/26 12:29:03] info     Setting key RP/AppXML, value <ProductInformation name ="AutoCAD" build_version="X.118.0.0(x64)" registry_version="26.0" install_id_string="ACAD-A101:409" registry_localeID="1033" git_commit_id="2c19eb970fc25f5e380f0bd3736f8ba9103aade4" /> (maxCount 100)
[09/03/26 12:29:03] info     Setting key SP/THEME_TYPE, value Blue (maxCount 1)
[09/03/26 12:29:03] info     Setting key SP/EXCEPTION_INFO_POINTER, value 140725452047640 (maxCount 1)
[09/03/26 12:29:03] info     Setting key SP/THREAD_ID, value 4294967295 (maxCount 1)
[09/03/26 12:29:03] info     Get key SP/THREAD_ID, index 0: "4294967295"
[09/03/26 12:29:03] info     Setting key SP/WER, value 0 (maxCount 1)
[09/03/26 12:29:03] info     Get key SP/WER, index 0: "0"
[09/03/26 12:29:03] info     Registered C:\Program Files\Autodesk\AutoCAD 2027\cer.dll as WER runtime exception module
[09/03/26 12:29:03] info     Current ErrorMode is 32769
[09/03/26 12:29:03] debug    Receiver ping: pong
[09/03/26 12:29:05] info     Setting key RP/Headless, value 1 (maxCount 1)
[09/03/26 12:29:06] info     ================= cer stopped =================
[09/03/26 12:29:29] info     ================= cer started =================
[09/03/26 12:29:29] info     C:\Program Files\Autodesk\AutoCAD 2027\cer.dll, 7.2.4+20251128.8f05bb68.927
[09/03/26 12:29:29] info     Setting key SP/SDK_VERSION, value 7.2.4+20251128.8f05bb68.927 (maxCount 1)
[09/03/26 12:29:29] info     Setting key SP/PRODUCT_NAME_HASH, value 9d6767a77b9d2cce90e03082e1302957689eeac5 (maxCount 1)
[09/03/26 12:29:29] info     Setting key SP/RUNTIME_ARCH, value 1 (maxCount 1)
[09/03/26 12:29:29] info     Set senddmp exe path to C:\Program Files\Autodesk\AutoCAD 2027\CER\senddmp.exe
[09/03/26 12:29:29] info     The cer_service exe C:\Program Files\Autodesk\AutoCAD 2027\CER\service\cer_service.exe is not in folder C:\Program Files\Autodesk\AutoCAD 2027\CER\, it's not a sandbox
[09/03/26 12:29:29] info     Set upi exe path to C:\Program Files\Autodesk\AutoCAD 2027\CER\upi.exe
[09/03/26 12:29:29] info     launching C:\Program Files\Autodesk\AutoCAD 2027\CER\upi.exe --cmd=get-device-id C:\Users\PadXAutoman\AppData\Local\Temp\3\upi_deviceid2
[09/03/26 12:29:29] info     Set deviceID2 to E0980AAE6AED663DCD5E319A495325326BBB7E230497E3E7A688257D5161810C&E78156892A1577BCC8ECA22DE8BDD2ACC3DBA494148FF651DD4CD9294238EEC2&EF8EC29B7F9BDFCB7E48CD68912908B19E16A31DC4691909E40C1617F97C9B38
[09/03/26 12:29:29] info     Setting key SP/DEVICEID2, value E0980AAE6AED663DCD5E319A495325326BBB7E230497E3E7A688257D5161810C&E78156892A1577BCC8ECA22DE8BDD2ACC3DBA494148FF651DD4CD9294238EEC2&EF8EC29B7F9BDFCB7E48CD68912908B19E16A31DC4691909E40C1617F97C9B38 (maxCount 1)
[09/03/26 12:29:29] info     Setting key SP/UUID, value 9d6767a77b9d2cce90e03082e1302957689eeac5E0980AAE6AED663DCD5E319A495325326BBB7E230497E3E7A688257D5161810C&E78156892A1577BCC8ECA22DE8BDD2ACC3DBA494148FF651DD4CD9294238EEC2&EF8EC29B7F9BDFCB7E48CD68912908B19E16A31DC4691909E40C1617F97C9B38 (maxCount 1)
[09/03/26 12:29:29] info     Set senddmp exe path to C:\Program Files\Autodesk\AutoCAD 2027\CER\senddmp.exe
[09/03/26 12:29:29] info     The cer_service exe C:\Program Files\Autodesk\AutoCAD 2027\CER\service\cer_service.exe is not in folder C:\Program Files\Autodesk\AutoCAD 2027\CER\, it's not a sandbox
[09/03/26 12:29:29] info     launching C:\Program Files\Autodesk\AutoCAD 2027\CER\upi.exe "C:\Program Files\Autodesk\AutoCAD 2027\en-US\UPI\upiconfig.xml" C:\Users\PadXAutoman\AppData\Local\Temp\3\upi_info.xml
[09/03/26 12:29:29] info     Setting key SP/UPI_PRODUCT, value ACD (maxCount 1)
[09/03/26 12:29:29] info     Setting key SP/UPI_RELEASE, value 2027 (maxCount 1)
[09/03/26 12:29:29] info     Setting key SP/UPI_MASTER, value {28B89EEF-A101-0409-2102-CF3F3A09B77D} (maxCount 1)
[09/03/26 12:29:29] info     Setting key SP/UPI_BUILD, value 26.0.118.0.0 (maxCount 1)
[09/03/26 12:29:29] info     Setting key SP/UPI_FULL_XML, value <?xml version="1.0"?><upipackage><upivalue version="1.0" type="product" requestingapp="true"><level name="productline" id="ACD"><level name="release" id="2027"><level name="master" id="{28B89EEF-A101-0409-2102-CF3F3A09B77D}"><level name="build" id="26.0.118.0.0"/></level></level></level></upivalue>
<upivalue version="1.0" type="product"><level name="productline" id="ACD"><level name="release" id="2027"><level name="master" id="{28B89EEF-A101-0409-1102-CF3F3A09B77D}"><level name="build" id="26.0.118.0.0"/></level></level></level></upivalue>
<upivalue version="1.0" type="product"><level name="productline" id="ARCHDESK"><level name="release" id="2027"><level name="master" id="{28B89EEE-A104-0000-5102-CF3F3A09B77D}"><level name="build" id="8.9.46.0"/></level></level></level></upivalue>
<upivalue version="1.0" type="product"><level name="productline" id="ACD"><level name="release" id="2027"><level name="master" id="{28B89EEF-A101-0000-0102-CF3F3A09B77D}"><level name="build" id="26.0.118.0.0"/></level></level></level></upivalue>
</upipackage> (maxCount 1)
[09/03/26 12:29:29] info     set legacy options: /APPICON "C:\Program Files\Autodesk\AutoCAD 2027\AcBrandRes.dll" /APPICONID 1
[09/03/26 12:29:29] info     Setting key RP/AppIcon, value C:\Program Files\Autodesk\AutoCAD 2027\AcBrandRes.dll (maxCount 1)
[09/03/26 12:29:29] info     Setting key RP/AppIconId, value 1 (maxCount 1)
[09/03/26 12:29:29] info     Setting key RP/CadSettingsRegPath, value Software\Autodesk\AutoCAD\R26.0\ACAD-A101:409\CadManagerControl\CustomerErrorReport (maxCount 1)
[09/03/26 12:29:29] info     Setting key RP/AppLocaleId, value 1033 (maxCount 1)
[09/03/26 12:29:29] info     Setting key RP/AppXML, value <ProductInformation name ="AutoCAD" build_version="X.118.0.0(x64)" registry_version="26.0" install_id_string="ACAD-A101:409" registry_localeID="1033" git_commit_id="2c19eb970fc25f5e380f0bd3736f8ba9103aade4" /> (maxCount 100)
[09/03/26 12:29:29] info     Setting key SP/THEME_TYPE, value Blue (maxCount 1)
[09/03/26 12:29:29] info     Setting key SP/EXCEPTION_INFO_POINTER, value 140725452047640 (maxCount 1)
[09/03/26 12:29:29] info     Setting key SP/THREAD_ID, value 4294967295 (maxCount 1)
[09/03/26 12:29:29] info     Get key SP/THREAD_ID, index 0: "4294967295"
[09/03/26 12:29:29] info     Setting key SP/WER, value 0 (maxCount 1)
[09/03/26 12:29:29] info     Get key SP/WER, index 0: "0"
[09/03/26 12:29:29] info     Registered C:\Program Files\Autodesk\AutoCAD 2027\cer.dll as WER runtime exception module
[09/03/26 12:29:29] info     Current ErrorMode is 32769
[09/03/26 12:29:29] debug    Receiver ping: pong
[09/03/26 12:29:31] info     Setting key RP/Headless, value 1 (maxCount 1)
[09/03/26 12:29:32] info     ================= cer stopped =================
[09/03/26 12:37:14] info     ================= cer started =================
[09/03/26 12:37:14] info     C:\Program Files\Autodesk\AutoCAD 2027\cer.dll, 7.2.4+20251128.8f05bb68.927
[09/03/26 12:37:14] info     Setting key SP/SDK_VERSION, value 7.2.4+20251128.8f05bb68.927 (maxCount 1)
[09/03/26 12:37:14] info     Setting key SP/PRODUCT_NAME_HASH, value 9d6767a77b9d2cce90e03082e1302957689eeac5 (maxCount 1)
[09/03/26 12:37:14] info     Setting key SP/RUNTIME_ARCH, value 1 (maxCount 1)
[09/03/26 12:37:14] info     Set senddmp exe path to C:\Program Files\Autodesk\AutoCAD 2027\CER\senddmp.exe
[09/03/26 12:37:14] info     The cer_service exe C:\Program Files\Autodesk\AutoCAD 2027\CER\service\cer_service.exe is not in folder C:\Program Files\Autodesk\AutoCAD 2027\CER\, it's not a sandbox
[09/03/26 12:37:14] info     Set upi exe path to C:\Program Files\Autodesk\AutoCAD 2027\CER\upi.exe
[09/03/26 12:37:14] info     launching C:\Program Files\Autodesk\AutoCAD 2027\CER\upi.exe --cmd=get-device-id C:\Users\PadXAutoman\AppData\Local\Temp\3\upi_deviceid2
[09/03/26 12:37:15] info     Set deviceID2 to E0980AAE6AED663DCD5E319A495325326BBB7E230497E3E7A688257D5161810C&E78156892A1577BCC8ECA22DE8BDD2ACC3DBA494148FF651DD4CD9294238EEC2&EF8EC29B7F9BDFCB7E48CD68912908B19E16A31DC4691909E40C1617F97C9B38
[09/03/26 12:37:15] info     Setting key SP/DEVICEID2, value E0980AAE6AED663DCD5E319A495325326BBB7E230497E3E7A688257D5161810C&E78156892A1577BCC8ECA22DE8BDD2ACC3DBA494148FF651DD4CD9294238EEC2&EF8EC29B7F9BDFCB7E48CD68912908B19E16A31DC4691909E40C1617F97C9B38 (maxCount 1)
[09/03/26 12:37:15] info     Setting key SP/UUID, value 9d6767a77b9d2cce90e03082e1302957689eeac5E0980AAE6AED663DCD5E319A495325326BBB7E230497E3E7A688257D5161810C&E78156892A1577BCC8ECA22DE8BDD2ACC3DBA494148FF651DD4CD9294238EEC2&EF8EC29B7F9BDFCB7E48CD68912908B19E16A31DC4691909E40C1617F97C9B38 (maxCount 1)
[09/03/26 12:37:15] info     Set senddmp exe path to C:\Program Files\Autodesk\AutoCAD 2027\CER\senddmp.exe
[09/03/26 12:37:15] info     The cer_service exe C:\Program Files\Autodesk\AutoCAD 2027\CER\service\cer_service.exe is not in folder C:\Program Files\Autodesk\AutoCAD 2027\CER\, it's not a sandbox
[09/03/26 12:37:15] info     launching C:\Program Files\Autodesk\AutoCAD 2027\CER\upi.exe "C:\Program Files\Autodesk\AutoCAD 2027\en-US\UPI\upiconfig.xml" C:\Users\PadXAutoman\AppData\Local\Temp\3\upi_info.xml
[09/03/26 12:37:15] info     Setting key SP/UPI_PRODUCT, value ACD (maxCount 1)
[09/03/26 12:37:15] info     Setting key SP/UPI_RELEASE, value 2027 (maxCount 1)
[09/03/26 12:37:15] info     Setting key SP/UPI_MASTER, value {28B89EEF-A101-0409-2102-CF3F3A09B77D} (maxCount 1)
[09/03/26 12:37:15] info     Setting key SP/UPI_BUILD, value 26.0.118.0.0 (maxCount 1)
[09/03/26 12:37:15] info     Setting key SP/UPI_FULL_XML, value <?xml version="1.0"?><upipackage><upivalue version="1.0" type="product" requestingapp="true"><level name="productline" id="ACD"><level name="release" id="2027"><level name="master" id="{28B89EEF-A101-0409-2102-CF3F3A09B77D}"><level name="build" id="26.0.118.0.0"/></level></level></level></upivalue>
<upivalue version="1.0" type="product"><level name="productline" id="ACD"><level name="release" id="2027"><level name="master" id="{28B89EEF-A101-0409-1102-CF3F3A09B77D}"><level name="build" id="26.0.118.0.0"/></level></level></level></upivalue>
<upivalue version="1.0" type="product"><level name="productline" id="ARCHDESK"><level name="release" id="2027"><level name="master" id="{28B89EEE-A104-0000-5102-CF3F3A09B77D}"><level name="build" id="8.9.46.0"/></level></level></level></upivalue>
<upivalue version="1.0" type="product"><level name="productline" id="ACD"><level name="release" id="2027"><level name="master" id="{28B89EEF-A101-0000-0102-CF3F3A09B77D}"><level name="build" id="26.0.118.0.0"/></level></level></level></upivalue>
</upipackage> (maxCount 1)
[09/03/26 12:37:15] info     set legacy options: /APPICON "C:\Program Files\Autodesk\AutoCAD 2027\AcBrandRes.dll" /APPICONID 1
[09/03/26 12:37:15] info     Setting key RP/AppIcon, value C:\Program Files\Autodesk\AutoCAD 2027\AcBrandRes.dll (maxCount 1)
[09/03/26 12:37:15] info     Setting key RP/AppIconId, value 1 (maxCount 1)
[09/03/26 12:37:15] info     Setting key RP/CadSettingsRegPath, value Software\Autodesk\AutoCAD\R26.0\ACAD-A101:409\CadManagerControl\CustomerErrorReport (maxCount 1)
[09/03/26 12:37:15] info     Setting key RP/AppLocaleId, value 1033 (maxCount 1)
[09/03/26 12:37:15] info     Setting key RP/AppXML, value <ProductInformation name ="AutoCAD" build_version="X.118.0.0(x64)" registry_version="26.0" install_id_string="ACAD-A101:409" registry_localeID="1033" git_commit_id="2c19eb970fc25f5e380f0bd3736f8ba9103aade4" /> (maxCount 100)
[09/03/26 12:37:15] info     Setting key SP/THEME_TYPE, value Blue (maxCount 1)
[09/03/26 12:37:15] info     Setting key SP/EXCEPTION_INFO_POINTER, value 140725452047640 (maxCount 1)
[09/03/26 12:37:15] info     Setting key SP/THREAD_ID, value 4294967295 (maxCount 1)
[09/03/26 12:37:15] info     Get key SP/THREAD_ID, index 0: "4294967295"
[09/03/26 12:37:15] info     Setting key SP/WER, value 0 (maxCount 1)
[09/03/26 12:37:15] info     Get key SP/WER, index 0: "0"
[09/03/26 12:37:15] info     Registered C:\Program Files\Autodesk\AutoCAD 2027\cer.dll as WER runtime exception module
[09/03/26 12:37:15] info     Current ErrorMode is 32769
[09/03/26 12:37:15] debug    Receiver ping: pong
[09/03/26 12:37:19] info     Setting key RP/Headless, value 1 (maxCount 1)
[09/03/26 12:37:20] info     ================= cer stopped =================
[09/03/26 12:37:30] info     ================= cer started =================
[09/03/26 12:37:30] info     C:\Program Files\Autodesk\AutoCAD 2027\cer.dll, 7.2.4+20251128.8f05bb68.927
[09/03/26 12:37:30] info     Setting key SP/SDK_VERSION, value 7.2.4+20251128.8f05bb68.927 (maxCount 1)
[09/03/26 12:37:30] info     Setting key SP/PRODUCT_NAME_HASH, value 9d6767a77b9d2cce90e03082e1302957689eeac5 (maxCount 1)
[09/03/26 12:37:30] info     Setting key SP/RUNTIME_ARCH, value 1 (maxCount 1)
[09/03/26 12:37:30] info     Set senddmp exe path to C:\Program Files\Autodesk\AutoCAD 2027\CER\senddmp.exe
[09/03/26 12:37:30] info     The cer_service exe C:\Program Files\Autodesk\AutoCAD 2027\CER\service\cer_service.exe is not in folder C:\Program Files\Autodesk\AutoCAD 2027\CER\, it's not a sandbox
[09/03/26 12:37:30] info     Set upi exe path to C:\Program Files\Autodesk\AutoCAD 2027\CER\upi.exe
[09/03/26 12:37:30] info     launching C:\Program Files\Autodesk\AutoCAD 2027\CER\upi.exe --cmd=get-device-id C:\Users\PadXAutoman\AppData\Local\Temp\3\upi_deviceid2
[09/03/26 12:37:30] info     Set deviceID2 to E0980AAE6AED663DCD5E319A495325326BBB7E230497E3E7A688257D5161810C&E78156892A1577BCC8ECA22DE8BDD2ACC3DBA494148FF651DD4CD9294238EEC2&EF8EC29B7F9BDFCB7E48CD68912908B19E16A31DC4691909E40C1617F97C9B38
[09/03/26 12:37:30] info     Setting key SP/DEVICEID2, value E0980AAE6AED663DCD5E319A495325326BBB7E230497E3E7A688257D5161810C&E78156892A1577BCC8ECA22DE8BDD2ACC3DBA494148FF651DD4CD9294238EEC2&EF8EC29B7F9BDFCB7E48CD68912908B19E16A31DC4691909E40C1617F97C9B38 (maxCount 1)
[09/03/26 12:37:30] info     Setting key SP/UUID, value 9d6767a77b9d2cce90e03082e1302957689eeac5E0980AAE6AED663DCD5E319A495325326BBB7E230497E3E7A688257D5161810C&E78156892A1577BCC8ECA22DE8BDD2ACC3DBA494148FF651DD4CD9294238EEC2&EF8EC29B7F9BDFCB7E48CD68912908B19E16A31DC4691909E40C1617F97C9B38 (maxCount 1)
[09/03/26 12:37:30] info     Set senddmp exe path to C:\Program Files\Autodesk\AutoCAD 2027\CER\senddmp.exe
[09/03/26 12:37:30] info     The cer_service exe C:\Program Files\Autodesk\AutoCAD 2027\CER\service\cer_service.exe is not in folder C:\Program Files\Autodesk\AutoCAD 2027\CER\, it's not a sandbox
[09/03/26 12:37:30] info     launching C:\Program Files\Autodesk\AutoCAD 2027\CER\upi.exe "C:\Program Files\Autodesk\AutoCAD 2027\en-US\UPI\upiconfig.xml" C:\Users\PadXAutoman\AppData\Local\Temp\3\upi_info.xml
[09/03/26 12:37:30] info     Setting key SP/UPI_PRODUCT, value ACD (maxCount 1)
[09/03/26 12:37:30] info     Setting key SP/UPI_RELEASE, value 2027 (maxCount 1)
[09/03/26 12:37:30] info     Setting key SP/UPI_MASTER, value {28B89EEF-A101-0409-2102-CF3F3A09B77D} (maxCount 1)
[09/03/26 12:37:30] info     Setting key SP/UPI_BUILD, value 26.0.118.0.0 (maxCount 1)
[09/03/26 12:37:30] info     Setting key SP/UPI_FULL_XML, value <?xml version="1.0"?><upipackage><upivalue version="1.0" type="product" requestingapp="true"><level name="productline" id="ACD"><level name="release" id="2027"><level name="master" id="{28B89EEF-A101-0409-2102-CF3F3A09B77D}"><level name="build" id="26.0.118.0.0"/></level></level></level></upivalue>
<upivalue version="1.0" type="product"><level name="productline" id="ACD"><level name="release" id="2027"><level name="master" id="{28B89EEF-A101-0409-1102-CF3F3A09B77D}"><level name="build" id="26.0.118.0.0"/></level></level></level></upivalue>
<upivalue version="1.0" type="product"><level name="productline" id="ARCHDESK"><level name="release" id="2027"><level name="master" id="{28B89EEE-A104-0000-5102-CF3F3A09B77D}"><level name="build" id="8.9.46.0"/></level></level></level></upivalue>
<upivalue version="1.0" type="product"><level name="productline" id="ACD"><level name="release" id="2027"><level name="master" id="{28B89EEF-A101-0000-0102-CF3F3A09B77D}"><level name="build" id="26.0.118.0.0"/></level></level></level></upivalue>
</upipackage> (maxCount 1)
[09/03/26 12:37:30] info     set legacy options: /APPICON "C:\Program Files\Autodesk\AutoCAD 2027\AcBrandRes.dll" /APPICONID 1
[09/03/26 12:37:30] info     Setting key RP/AppIcon, value C:\Program Files\Autodesk\AutoCAD 2027\AcBrandRes.dll (maxCount 1)
[09/03/26 12:37:30] info     Setting key RP/AppIconId, value 1 (maxCount 1)
[09/03/26 12:37:30] info     Setting key RP/CadSettingsRegPath, value Software\Autodesk\AutoCAD\R26.0\ACAD-A101:409\CadManagerControl\CustomerErrorReport (maxCount 1)
[09/03/26 12:37:30] info     Setting key RP/AppLocaleId, value 1033 (maxCount 1)
[09/03/26 12:37:30] info     Setting key RP/AppXML, value <ProductInformation name ="AutoCAD" build_version="X.118.0.0(x64)" registry_version="26.0" install_id_string="ACAD-A101:409" registry_localeID="1033" git_commit_id="2c19eb970fc25f5e380f0bd3736f8ba9103aade4" /> (maxCount 100)
[09/03/26 12:37:30] info     Setting key SP/THEME_TYPE, value Blue (maxCount 1)
[09/03/26 12:37:30] info     Setting key SP/EXCEPTION_INFO_POINTER, value 140725452047640 (maxCount 1)
[09/03/26 12:37:30] info     Setting key SP/THREAD_ID, value 4294967295 (maxCount 1)
[09/03/26 12:37:30] info     Get key SP/THREAD_ID, index 0: "4294967295"
[09/03/26 12:37:30] info     Setting key SP/WER, value 0 (maxCount 1)
[09/03/26 12:37:30] info     Get key SP/WER, index 0: "0"
[09/03/26 12:37:30] info     Registered C:\Program Files\Autodesk\AutoCAD 2027\cer.dll as WER runtime exception module
[09/03/26 12:37:30] info     Current ErrorMode is 32769
[09/03/26 12:37:30] debug    Receiver ping: pong
[09/03/26 12:37:31] info     Setting key RP/Headless, value 1 (maxCount 1)
[09/03/26 12:37:31] info     ================= cer stopped =================
[09/03/26 12:38:16] info     ================= cer started =================
[09/03/26 12:38:16] info     C:\Program Files\Autodesk\AutoCAD 2027\cer.dll, 7.2.4+20251128.8f05bb68.927
[09/03/26 12:38:16] info     Setting key SP/SDK_VERSION, value 7.2.4+20251128.8f05bb68.927 (maxCount 1)
[09/03/26 12:38:16] info     Setting key SP/PRODUCT_NAME_HASH, value 9d6767a77b9d2cce90e03082e1302957689eeac5 (maxCount 1)
[09/03/26 12:38:16] info     Setting key SP/RUNTIME_ARCH, value 1 (maxCount 1)
[09/03/26 12:38:16] info     Set senddmp exe path to C:\Program Files\Autodesk\AutoCAD 2027\CER\senddmp.exe
[09/03/26 12:38:16] info     The cer_service exe C:\Program Files\Autodesk\AutoCAD 2027\CER\service\cer_service.exe is not in folder C:\Program Files\Autodesk\AutoCAD 2027\CER\, it's not a sandbox
[09/03/26 12:38:16] info     Set upi exe path to C:\Program Files\Autodesk\AutoCAD 2027\CER\upi.exe
[09/03/26 12:38:16] info     launching C:\Program Files\Autodesk\AutoCAD 2027\CER\upi.exe --cmd=get-device-id C:\Users\PadXAutoman\AppData\Local\Temp\3\upi_deviceid2
[09/03/26 12:38:16] info     Set deviceID2 to E0980AAE6AED663DCD5E319A495325326BBB7E230497E3E7A688257D5161810C&E78156892A1577BCC8ECA22DE8BDD2ACC3DBA494148FF651DD4CD9294238EEC2&EF8EC29B7F9BDFCB7E48CD68912908B19E16A31DC4691909E40C1617F97C9B38
[09/03/26 12:38:16] info     Setting key SP/DEVICEID2, value E0980AAE6AED663DCD5E319A495325326BBB7E230497E3E7A688257D5161810C&E78156892A1577BCC8ECA22DE8BDD2ACC3DBA494148FF651DD4CD9294238EEC2&EF8EC29B7F9BDFCB7E48CD68912908B19E16A31DC4691909E40C1617F97C9B38 (maxCount 1)
[09/03/26 12:38:16] info     Setting key SP/UUID, value 9d6767a77b9d2cce90e03082e1302957689eeac5E0980AAE6AED663DCD5E319A495325326BBB7E230497E3E7A688257D5161810C&E78156892A1577BCC8ECA22DE8BDD2ACC3DBA494148FF651DD4CD9294238EEC2&EF8EC29B7F9BDFCB7E48CD68912908B19E16A31DC4691909E40C1617F97C9B38 (maxCount 1)
[09/03/26 12:38:16] info     Set senddmp exe path to C:\Program Files\Autodesk\AutoCAD 2027\CER\senddmp.exe
[09/03/26 12:38:16] info     The cer_service exe C:\Program Files\Autodesk\AutoCAD 2027\CER\service\cer_service.exe is not in folder C:\Program Files\Autodesk\AutoCAD 2027\CER\, it's not a sandbox
[09/03/26 12:38:16] info     launching C:\Program Files\Autodesk\AutoCAD 2027\CER\upi.exe "C:\Program Files\Autodesk\AutoCAD 2027\en-US\UPI\upiconfig.xml" C:\Users\PadXAutoman\AppData\Local\Temp\3\upi_info.xml
[09/03/26 12:38:17] info     Setting key SP/UPI_PRODUCT, value ACD (maxCount 1)
[09/03/26 12:38:17] info     Setting key SP/UPI_RELEASE, value 2027 (maxCount 1)
[09/03/26 12:38:17] info     Setting key SP/UPI_MASTER, value {28B89EEF-A101-0409-2102-CF3F3A09B77D} (maxCount 1)
[09/03/26 12:38:17] info     Setting key SP/UPI_BUILD, value 26.0.118.0.0 (maxCount 1)
[09/03/26 12:38:17] info     Setting key SP/UPI_FULL_XML, value <?xml version="1.0"?><upipackage><upivalue version="1.0" type="product" requestingapp="true"><level name="productline" id="ACD"><level name="release" id="2027"><level name="master" id="{28B89EEF-A101-0409-2102-CF3F3A09B77D}"><level name="build" id="26.0.118.0.0"/></level></level></level></upivalue>
<upivalue version="1.0" type="product"><level name="productline" id="ACD"><level name="release" id="2027"><level name="master" id="{28B89EEF-A101-0409-1102-CF3F3A09B77D}"><level name="build" id="26.0.118.0.0"/></level></level></level></upivalue>
<upivalue version="1.0" type="product"><level name="productline" id="ARCHDESK"><level name="release" id="2027"><level name="master" id="{28B89EEE-A104-0000-5102-CF3F3A09B77D}"><level name="build" id="8.9.46.0"/></level></level></level></upivalue>
<upivalue version="1.0" type="product"><level name="productline" id="ACD"><level name="release" id="2027"><level name="master" id="{28B89EEF-A101-0000-0102-CF3F3A09B77D}"><level name="build" id="26.0.118.0.0"/></level></level></level></upivalue>
</upipackage> (maxCount 1)
[09/03/26 12:38:17] info     set legacy options: /APPICON "C:\Program Files\Autodesk\AutoCAD 2027\AcBrandRes.dll" /APPICONID 1
[09/03/26 12:38:17] info     Setting key RP/AppIcon, value C:\Program Files\Autodesk\AutoCAD 2027\AcBrandRes.dll (maxCount 1)
[09/03/26 12:38:17] info     Setting key RP/AppIconId, value 1 (maxCount 1)
[09/03/26 12:38:17] info     Setting key RP/CadSettingsRegPath, value Software\Autodesk\AutoCAD\R26.0\ACAD-A101:409\CadManagerControl\CustomerErrorReport (maxCount 1)
[09/03/26 12:38:17] info     Setting key RP/AppLocaleId, value 1033 (maxCount 1)
[09/03/26 12:38:17] info     Setting key RP/AppXML, value <ProductInformation name ="AutoCAD" build_version="X.118.0.0(x64)" registry_version="26.0" install_id_string="ACAD-A101:409" registry_localeID="1033" git_commit_id="2c19eb970fc25f5e380f0bd3736f8ba9103aade4" /> (maxCount 100)
[09/03/26 12:38:17] info     Setting key SP/THEME_TYPE, value Blue (maxCount 1)
[09/03/26 12:38:17] info     Setting key SP/EXCEPTION_INFO_POINTER, value 140725452047640 (maxCount 1)
[09/03/26 12:38:17] info     Setting key SP/THREAD_ID, value 4294967295 (maxCount 1)
[09/03/26 12:38:17] info     Get key SP/THREAD_ID, index 0: "4294967295"
[09/03/26 12:38:17] info     Setting key SP/WER, value 0 (maxCount 1)
[09/03/26 12:38:17] info     Get key SP/WER, index 0: "0"
[09/03/26 12:38:17] info     Registered C:\Program Files\Autodesk\AutoCAD 2027\cer.dll as WER runtime exception module
[09/03/26 12:38:17] info     Current ErrorMode is 32769
[09/03/26 12:38:17] debug    Receiver ping: pong
[09/03/26 12:38:19] info     Setting key RP/Headless, value 1 (maxCount 1)
[09/03/26 12:38:20] info     ================= cer stopped =================
[09/03/26 12:42:37] info     ================= cer started =================
[09/03/26 12:42:37] info     C:\Program Files\Autodesk\AutoCAD 2027\cer.dll, 7.2.4+20251128.8f05bb68.927
[09/03/26 12:42:37] info     Setting key SP/SDK_VERSION, value 7.2.4+20251128.8f05bb68.927 (maxCount 1)
[09/03/26 12:42:37] info     Setting key SP/PRODUCT_NAME_HASH, value 9d6767a77b9d2cce90e03082e1302957689eeac5 (maxCount 1)
[09/03/26 12:42:37] info     Setting key SP/RUNTIME_ARCH, value 1 (maxCount 1)
[09/03/26 12:42:37] info     Set senddmp exe path to C:\Program Files\Autodesk\AutoCAD 2027\CER\senddmp.exe
[09/03/26 12:42:37] info     The cer_service exe C:\Program Files\Autodesk\AutoCAD 2027\CER\service\cer_service.exe is not in folder C:\Program Files\Autodesk\AutoCAD 2027\CER\, it's not a sandbox
[09/03/26 12:42:37] info     Set upi exe path to C:\Program Files\Autodesk\AutoCAD 2027\CER\upi.exe
[09/03/26 12:42:37] info     launching C:\Program Files\Autodesk\AutoCAD 2027\CER\upi.exe --cmd=get-device-id C:\Users\PadXAutoman\AppData\Local\Temp\3\upi_deviceid2
[09/03/26 12:42:37] info     Set deviceID2 to E0980AAE6AED663DCD5E319A495325326BBB7E230497E3E7A688257D5161810C&E78156892A1577BCC8ECA22DE8BDD2ACC3DBA494148FF651DD4CD9294238EEC2&EF8EC29B7F9BDFCB7E48CD68912908B19E16A31DC4691909E40C1617F97C9B38
[09/03/26 12:42:37] info     Setting key SP/DEVICEID2, value E0980AAE6AED663DCD5E319A495325326BBB7E230497E3E7A688257D5161810C&E78156892A1577BCC8ECA22DE8BDD2ACC3DBA494148FF651DD4CD9294238EEC2&EF8EC29B7F9BDFCB7E48CD68912908B19E16A31DC4691909E40C1617F97C9B38 (maxCount 1)
[09/03/26 12:42:37] info     Setting key SP/UUID, value 9d6767a77b9d2cce90e03082e1302957689eeac5E0980AAE6AED663DCD5E319A495325326BBB7E230497E3E7A688257D5161810C&E78156892A1577BCC8ECA22DE8BDD2ACC3DBA494148FF651DD4CD9294238EEC2&EF8EC29B7F9BDFCB7E48CD68912908B19E16A31DC4691909E40C1617F97C9B38 (maxCount 1)
[09/03/26 12:42:37] info     Set senddmp exe path to C:\Program Files\Autodesk\AutoCAD 2027\CER\senddmp.exe
[09/03/26 12:42:37] info     The cer_service exe C:\Program Files\Autodesk\AutoCAD 2027\CER\service\cer_service.exe is not in folder C:\Program Files\Autodesk\AutoCAD 2027\CER\, it's not a sandbox
[09/03/26 12:42:37] info     launching C:\Program Files\Autodesk\AutoCAD 2027\CER\upi.exe "C:\Program Files\Autodesk\AutoCAD 2027\en-US\UPI\upiconfig.xml" C:\Users\PadXAutoman\AppData\Local\Temp\3\upi_info.xml
[09/03/26 12:42:38] info     Setting key SP/UPI_PRODUCT, value ACD (maxCount 1)
[09/03/26 12:42:38] info     Setting key SP/UPI_RELEASE, value 2027 (maxCount 1)
[09/03/26 12:42:38] info     Setting key SP/UPI_MASTER, value {28B89EEF-A101-0409-2102-CF3F3A09B77D} (maxCount 1)
[09/03/26 12:42:38] info     Setting key SP/UPI_BUILD, value 26.0.118.0.0 (maxCount 1)
[09/03/26 12:42:38] info     Setting key SP/UPI_FULL_XML, value <?xml version="1.0"?><upipackage><upivalue version="1.0" type="product" requestingapp="true"><level name="productline" id="ACD"><level name="release" id="2027"><level name="master" id="{28B89EEF-A101-0409-2102-CF3F3A09B77D}"><level name="build" id="26.0.118.0.0"/></level></level></level></upivalue>
<upivalue version="1.0" type="product"><level name="productline" id="ACD"><level name="release" id="2027"><level name="master" id="{28B89EEF-A101-0409-1102-CF3F3A09B77D}"><level name="build" id="26.0.118.0.0"/></level></level></level></upivalue>
<upivalue version="1.0" type="product"><level name="productline" id="ARCHDESK"><level name="release" id="2027"><level name="master" id="{28B89EEE-A104-0000-5102-CF3F3A09B77D}"><level name="build" id="8.9.46.0"/></level></level></level></upivalue>
<upivalue version="1.0" type="product"><level name="productline" id="ACD"><level name="release" id="2027"><level name="master" id="{28B89EEF-A101-0000-0102-CF3F3A09B77D}"><level name="build" id="26.0.118.0.0"/></level></level></level></upivalue>
</upipackage> (maxCount 1)
[09/03/26 12:42:38] info     set legacy options: /APPICON "C:\Program Files\Autodesk\AutoCAD 2027\AcBrandRes.dll" /APPICONID 1
[09/03/26 12:42:38] info     Setting key RP/AppIcon, value C:\Program Files\Autodesk\AutoCAD 2027\AcBrandRes.dll (maxCount 1)
[09/03/26 12:42:38] info     Setting key RP/AppIconId, value 1 (maxCount 1)
[09/03/26 12:42:38] info     Setting key RP/CadSettingsRegPath, value Software\Autodesk\AutoCAD\R26.0\ACAD-A101:409\CadManagerControl\CustomerErrorReport (maxCount 1)
[09/03/26 12:42:38] info     Setting key RP/AppLocaleId, value 1033 (maxCount 1)
[09/03/26 12:42:38] info     Setting key RP/AppXML, value <ProductInformation name ="AutoCAD" build_version="X.118.0.0(x64)" registry_version="26.0" install_id_string="ACAD-A101:409" registry_localeID="1033" git_commit_id="2c19eb970fc25f5e380f0bd3736f8ba9103aade4" /> (maxCount 100)
[09/03/26 12:42:38] info     Setting key SP/THEME_TYPE, value Blue (maxCount 1)
[09/03/26 12:42:38] info     Setting key SP/EXCEPTION_INFO_POINTER, value 140725452047640 (maxCount 1)
[09/03/26 12:42:38] info     Setting key SP/THREAD_ID, value 4294967295 (maxCount 1)
[09/03/26 12:42:38] info     Get key SP/THREAD_ID, index 0: "4294967295"
[09/03/26 12:42:38] info     Setting key SP/WER, value 0 (maxCount 1)
[09/03/26 12:42:38] info     Get key SP/WER, index 0: "0"
[09/03/26 12:42:38] info     Registered C:\Program Files\Autodesk\AutoCAD 2027\cer.dll as WER runtime exception module
[09/03/26 12:42:38] info     Current ErrorMode is 32769
[09/03/26 12:42:38] debug    Receiver ping: pong
[09/03/26 12:42:43] info     Setting key RP/Headless, value 1 (maxCount 1)
[09/03/26 12:42:44] info     ================= cer stopped =================
[09/03/26 12:53:05] info     ================= cer started =================
[09/03/26 12:53:05] info     C:\Program Files\Autodesk\AutoCAD 2027\cer.dll, 7.2.4+20251128.8f05bb68.927
[09/03/26 12:53:05] info     Setting key SP/SDK_VERSION, value 7.2.4+20251128.8f05bb68.927 (maxCount 1)
[09/03/26 12:53:05] info     Setting key SP/PRODUCT_NAME_HASH, value 9d6767a77b9d2cce90e03082e1302957689eeac5 (maxCount 1)
[09/03/26 12:53:05] info     Setting key SP/RUNTIME_ARCH, value 1 (maxCount 1)
[09/03/26 12:53:05] info     Set senddmp exe path to C:\Program Files\Autodesk\AutoCAD 2027\CER\senddmp.exe
[09/03/26 12:53:05] info     The cer_service exe C:\Program Files\Autodesk\AutoCAD 2027\CER\service\cer_service.exe is not in folder C:\Program Files\Autodesk\AutoCAD 2027\CER\, it's not a sandbox
[09/03/26 12:53:05] info     Set upi exe path to C:\Program Files\Autodesk\AutoCAD 2027\CER\upi.exe
[09/03/26 12:53:05] info     launching C:\Program Files\Autodesk\AutoCAD 2027\CER\upi.exe --cmd=get-device-id C:\Users\PadXAutoman\AppData\Local\Temp\3\upi_deviceid2
[09/03/26 12:53:06] info     Set deviceID2 to E0980AAE6AED663DCD5E319A495325326BBB7E230497E3E7A688257D5161810C&E78156892A1577BCC8ECA22DE8BDD2ACC3DBA494148FF651DD4CD9294238EEC2&EF8EC29B7F9BDFCB7E48CD68912908B19E16A31DC4691909E40C1617F97C9B38
[09/03/26 12:53:06] info     Setting key SP/DEVICEID2, value E0980AAE6AED663DCD5E319A495325326BBB7E230497E3E7A688257D5161810C&E78156892A1577BCC8ECA22DE8BDD2ACC3DBA494148FF651DD4CD9294238EEC2&EF8EC29B7F9BDFCB7E48CD68912908B19E16A31DC4691909E40C1617F97C9B38 (maxCount 1)
[09/03/26 12:53:06] info     Setting key SP/UUID, value 9d6767a77b9d2cce90e03082e1302957689eeac5E0980AAE6AED663DCD5E319A495325326BBB7E230497E3E7A688257D5161810C&E78156892A1577BCC8ECA22DE8BDD2ACC3DBA494148FF651DD4CD9294238EEC2&EF8EC29B7F9BDFCB7E48CD68912908B19E16A31DC4691909E40C1617F97C9B38 (maxCount 1)
[09/03/26 12:53:06] info     Set senddmp exe path to C:\Program Files\Autodesk\AutoCAD 2027\CER\senddmp.exe
[09/03/26 12:53:06] info     The cer_service exe C:\Program Files\Autodesk\AutoCAD 2027\CER\service\cer_service.exe is not in folder C:\Program Files\Autodesk\AutoCAD 2027\CER\, it's not a sandbox
[09/03/26 12:53:06] info     launching C:\Program Files\Autodesk\AutoCAD 2027\CER\upi.exe "C:\Program Files\Autodesk\AutoCAD 2027\en-US\UPI\upiconfig.xml" C:\Users\PadXAutoman\AppData\Local\Temp\3\upi_info.xml
[09/03/26 12:53:06] info     Setting key SP/UPI_PRODUCT, value ACD (maxCount 1)
[09/03/26 12:53:06] info     Setting key SP/UPI_RELEASE, value 2027 (maxCount 1)
[09/03/26 12:53:06] info     Setting key SP/UPI_MASTER, value {28B89EEF-A101-0409-2102-CF3F3A09B77D} (maxCount 1)
[09/03/26 12:53:06] info     Setting key SP/UPI_BUILD, value 26.0.118.0.0 (maxCount 1)
[09/03/26 12:53:06] info     Setting key SP/UPI_FULL_XML, value <?xml version="1.0"?><upipackage><upivalue version="1.0" type="product" requestingapp="true"><level name="productline" id="ACD"><level name="release" id="2027"><level name="master" id="{28B89EEF-A101-0409-2102-CF3F3A09B77D}"><level name="build" id="26.0.118.0.0"/></level></level></level></upivalue>
<upivalue version="1.0" type="product"><level name="productline" id="ACD"><level name="release" id="2027"><level name="master" id="{28B89EEF-A101-0409-1102-CF3F3A09B77D}"><level name="build" id="26.0.118.0.0"/></level></level></level></upivalue>
<upivalue version="1.0" type="product"><level name="productline" id="ARCHDESK"><level name="release" id="2027"><level name="master" id="{28B89EEE-A104-0000-5102-CF3F3A09B77D}"><level name="build" id="8.9.46.0"/></level></level></level></upivalue>
<upivalue version="1.0" type="product"><level name="productline" id="ACD"><level name="release" id="2027"><level name="master" id="{28B89EEF-A101-0000-0102-CF3F3A09B77D}"><level name="build" id="26.0.118.0.0"/></level></level></level></upivalue>
</upipackage> (maxCount 1)
[09/03/26 12:53:06] info     set legacy options: /APPICON "C:\Program Files\Autodesk\AutoCAD 2027\AcBrandRes.dll" /APPICONID 1
[09/03/26 12:53:06] info     Setting key RP/AppIcon, value C:\Program Files\Autodesk\AutoCAD 2027\AcBrandRes.dll (maxCount 1)
[09/03/26 12:53:06] info     Setting key RP/AppIconId, value 1 (maxCount 1)
[09/03/26 12:53:06] info     Setting key RP/CadSettingsRegPath, value Software\Autodesk\AutoCAD\R26.0\ACAD-A101:409\CadManagerControl\CustomerErrorReport (maxCount 1)
[09/03/26 12:53:06] info     Setting key RP/AppLocaleId, value 1033 (maxCount 1)
[09/03/26 12:53:06] info     Setting key RP/AppXML, value <ProductInformation name ="AutoCAD" build_version="X.118.0.0(x64)" registry_version="26.0" install_id_string="ACAD-A101:409" registry_localeID="1033" git_commit_id="2c19eb970fc25f5e380f0bd3736f8ba9103aade4" /> (maxCount 100)
[09/03/26 12:53:06] info     Setting key SP/THEME_TYPE, value Blue (maxCount 1)
[09/03/26 12:53:06] info     Setting key SP/EXCEPTION_INFO_POINTER, value 140725452047640 (maxCount 1)
[09/03/26 12:53:06] info     Setting key SP/THREAD_ID, value 4294967295 (maxCount 1)
[09/03/26 12:53:06] info     Get key SP/THREAD_ID, index 0: "4294967295"
[09/03/26 12:53:06] info     Setting key SP/WER, value 0 (maxCount 1)
[09/03/26 12:53:06] info     Get key SP/WER, index 0: "0"
[09/03/26 12:53:06] info     Registered C:\Program Files\Autodesk\AutoCAD 2027\cer.dll as WER runtime exception module
[09/03/26 12:53:06] info     Current ErrorMode is 32769
[09/03/26 12:53:06] debug    Receiver ping: pong
[09/03/26 12:53:09] info     Setting key RP/Headless, value 1 (maxCount 1)
[09/03/26 12:53:10] info     ================= cer stopped =================
[09/03/26 12:53:44] info     ================= cer started =================
[09/03/26 12:53:44] info     C:\Program Files\Autodesk\AutoCAD 2027\cer.dll, 7.2.4+20251128.8f05bb68.927
[09/03/26 12:53:44] info     Setting key SP/SDK_VERSION, value 7.2.4+20251128.8f05bb68.927 (maxCount 1)
[09/03/26 12:53:44] info     Setting key SP/PRODUCT_NAME_HASH, value 9d6767a77b9d2cce90e03082e1302957689eeac5 (maxCount 1)
[09/03/26 12:53:44] info     Setting key SP/RUNTIME_ARCH, value 1 (maxCount 1)
[09/03/26 12:53:44] info     Set senddmp exe path to C:\Program Files\Autodesk\AutoCAD 2027\CER\senddmp.exe
[09/03/26 12:53:44] info     The cer_service exe C:\Program Files\Autodesk\AutoCAD 2027\CER\service\cer_service.exe is not in folder C:\Program Files\Autodesk\AutoCAD 2027\CER\, it's not a sandbox
[09/03/26 12:53:44] info     Set upi exe path to C:\Program Files\Autodesk\AutoCAD 2027\CER\upi.exe
[09/03/26 12:53:44] info     launching C:\Program Files\Autodesk\AutoCAD 2027\CER\upi.exe --cmd=get-device-id C:\Users\PadXAutoman\AppData\Local\Temp\3\upi_deviceid2
[09/03/26 12:53:44] info     Set deviceID2 to E0980AAE6AED663DCD5E319A495325326BBB7E230497E3E7A688257D5161810C&E78156892A1577BCC8ECA22DE8BDD2ACC3DBA494148FF651DD4CD9294238EEC2&EF8EC29B7F9BDFCB7E48CD68912908B19E16A31DC4691909E40C1617F97C9B38
[09/03/26 12:53:44] info     Setting key SP/DEVICEID2, value E0980AAE6AED663DCD5E319A495325326BBB7E230497E3E7A688257D5161810C&E78156892A1577BCC8ECA22DE8BDD2ACC3DBA494148FF651DD4CD9294238EEC2&EF8EC29B7F9BDFCB7E48CD68912908B19E16A31DC4691909E40C1617F97C9B38 (maxCount 1)
[09/03/26 12:53:44] info     Setting key SP/UUID, value 9d6767a77b9d2cce90e03082e1302957689eeac5E0980AAE6AED663DCD5E319A495325326BBB7E230497E3E7A688257D5161810C&E78156892A1577BCC8ECA22DE8BDD2ACC3DBA494148FF651DD4CD9294238EEC2&EF8EC29B7F9BDFCB7E48CD68912908B19E16A31DC4691909E40C1617F97C9B38 (maxCount 1)
[09/03/26 12:53:44] info     Set senddmp exe path to C:\Program Files\Autodesk\AutoCAD 2027\CER\senddmp.exe
[09/03/26 12:53:44] info     The cer_service exe C:\Program Files\Autodesk\AutoCAD 2027\CER\service\cer_service.exe is not in folder C:\Program Files\Autodesk\AutoCAD 2027\CER\, it's not a sandbox
[09/03/26 12:53:44] info     launching C:\Program Files\Autodesk\AutoCAD 2027\CER\upi.exe "C:\Program Files\Autodesk\AutoCAD 2027\en-US\UPI\upiconfig.xml" C:\Users\PadXAutoman\AppData\Local\Temp\3\upi_info.xml
[09/03/26 12:53:44] info     Setting key SP/UPI_PRODUCT, value ACD (maxCount 1)
[09/03/26 12:53:44] info     Setting key SP/UPI_RELEASE, value 2027 (maxCount 1)
[09/03/26 12:53:44] info     Setting key SP/UPI_MASTER, value {28B89EEF-A101-0409-2102-CF3F3A09B77D} (maxCount 1)
[09/03/26 12:53:44] info     Setting key SP/UPI_BUILD, value 26.0.118.0.0 (maxCount 1)
[09/03/26 12:53:44] info     Setting key SP/UPI_FULL_XML, value <?xml version="1.0"?><upipackage><upivalue version="1.0" type="product" requestingapp="true"><level name="productline" id="ACD"><level name="release" id="2027"><level name="master" id="{28B89EEF-A101-0409-2102-CF3F3A09B77D}"><level name="build" id="26.0.118.0.0"/></level></level></level></upivalue>
<upivalue version="1.0" type="product"><level name="productline" id="ACD"><level name="release" id="2027"><level name="master" id="{28B89EEF-A101-0409-1102-CF3F3A09B77D}"><level name="build" id="26.0.118.0.0"/></level></level></level></upivalue>
<upivalue version="1.0" type="product"><level name="productline" id="ARCHDESK"><level name="release" id="2027"><level name="master" id="{28B89EEE-A104-0000-5102-CF3F3A09B77D}"><level name="build" id="8.9.46.0"/></level></level></level></upivalue>
<upivalue version="1.0" type="product"><level name="productline" id="ACD"><level name="release" id="2027"><level name="master" id="{28B89EEF-A101-0000-0102-CF3F3A09B77D}"><level name="build" id="26.0.118.0.0"/></level></level></level></upivalue>
</upipackage> (maxCount 1)
[09/03/26 12:53:44] info     set legacy options: /APPICON "C:\Program Files\Autodesk\AutoCAD 2027\AcBrandRes.dll" /APPICONID 1
[09/03/26 12:53:44] info     Setting key RP/AppIcon, value C:\Program Files\Autodesk\AutoCAD 2027\AcBrandRes.dll (maxCount 1)
[09/03/26 12:53:44] info     Setting key RP/AppIconId, value 1 (maxCount 1)
[09/03/26 12:53:44] info     Setting key RP/CadSettingsRegPath, value Software\Autodesk\AutoCAD\R26.0\ACAD-A101:409\CadManagerControl\CustomerErrorReport (maxCount 1)
[09/03/26 12:53:44] info     Setting key RP/AppLocaleId, value 1033 (maxCount 1)
[09/03/26 12:53:44] info     Setting key RP/AppXML, value <ProductInformation name ="AutoCAD" build_version="X.118.0.0(x64)" registry_version="26.0" install_id_string="ACAD-A101:409" registry_localeID="1033" git_commit_id="2c19eb970fc25f5e380f0bd3736f8ba9103aade4" /> (maxCount 100)
[09/03/26 12:53:44] info     Setting key SP/THEME_TYPE, value Blue (maxCount 1)
[09/03/26 12:53:44] info     Setting key SP/EXCEPTION_INFO_POINTER, value 140725452047640 (maxCount 1)
[09/03/26 12:53:44] info     Setting key SP/THREAD_ID, value 4294967295 (maxCount 1)
[09/03/26 12:53:44] info     Get key SP/THREAD_ID, index 0: "4294967295"
[09/03/26 12:53:44] info     Setting key SP/WER, value 0 (maxCount 1)
[09/03/26 12:53:44] info     Get key SP/WER, index 0: "0"
[09/03/26 12:53:44] info     Registered C:\Program Files\Autodesk\AutoCAD 2027\cer.dll as WER runtime exception module
[09/03/26 12:53:44] info     Current ErrorMode is 32769
[09/03/26 12:53:44] debug    Receiver ping: pong
[09/03/26 12:53:47] info     Setting key RP/Headless, value 1 (maxCount 1)
[09/03/26 12:53:47] info     ================= cer stopped =================
[09/03/26 12:55:38] info     ================= cer started =================
[09/03/26 12:55:38] info     C:\Program Files\Autodesk\AutoCAD 2027\cer.dll, 7.2.4+20251128.8f05bb68.927
[09/03/26 12:55:38] info     Setting key SP/SDK_VERSION, value 7.2.4+20251128.8f05bb68.927 (maxCount 1)
[09/03/26 12:55:38] info     Setting key SP/PRODUCT_NAME_HASH, value 9d6767a77b9d2cce90e03082e1302957689eeac5 (maxCount 1)
[09/03/26 12:55:38] info     Setting key SP/RUNTIME_ARCH, value 1 (maxCount 1)
[09/03/26 12:55:38] info     Set senddmp exe path to C:\Program Files\Autodesk\AutoCAD 2027\CER\senddmp.exe
[09/03/26 12:55:38] info     The cer_service exe C:\Program Files\Autodesk\AutoCAD 2027\CER\service\cer_service.exe is not in folder C:\Program Files\Autodesk\AutoCAD 2027\CER\, it's not a sandbox
[09/03/26 12:55:38] info     Set upi exe path to C:\Program Files\Autodesk\AutoCAD 2027\CER\upi.exe
[09/03/26 12:55:38] info     launching C:\Program Files\Autodesk\AutoCAD 2027\CER\upi.exe --cmd=get-device-id C:\Users\PadXAutoman\AppData\Local\Temp\3\upi_deviceid2
[09/03/26 12:55:38] info     Set deviceID2 to E0980AAE6AED663DCD5E319A495325326BBB7E230497E3E7A688257D5161810C&E78156892A1577BCC8ECA22DE8BDD2ACC3DBA494148FF651DD4CD9294238EEC2&EF8EC29B7F9BDFCB7E48CD68912908B19E16A31DC4691909E40C1617F97C9B38
[09/03/26 12:55:38] info     Setting key SP/DEVICEID2, value E0980AAE6AED663DCD5E319A495325326BBB7E230497E3E7A688257D5161810C&E78156892A1577BCC8ECA22DE8BDD2ACC3DBA494148FF651DD4CD9294238EEC2&EF8EC29B7F9BDFCB7E48CD68912908B19E16A31DC4691909E40C1617F97C9B38 (maxCount 1)
[09/03/26 12:55:38] info     Setting key SP/UUID, value 9d6767a77b9d2cce90e03082e1302957689eeac5E0980AAE6AED663DCD5E319A495325326BBB7E230497E3E7A688257D5161810C&E78156892A1577BCC8ECA22DE8BDD2ACC3DBA494148FF651DD4CD9294238EEC2&EF8EC29B7F9BDFCB7E48CD68912908B19E16A31DC4691909E40C1617F97C9B38 (maxCount 1)
[09/03/26 12:55:38] info     Set senddmp exe path to C:\Program Files\Autodesk\AutoCAD 2027\CER\senddmp.exe
[09/03/26 12:55:38] info     The cer_service exe C:\Program Files\Autodesk\AutoCAD 2027\CER\service\cer_service.exe is not in folder C:\Program Files\Autodesk\AutoCAD 2027\CER\, it's not a sandbox
[09/03/26 12:55:38] info     launching C:\Program Files\Autodesk\AutoCAD 2027\CER\upi.exe "C:\Program Files\Autodesk\AutoCAD 2027\en-US\UPI\upiconfig.xml" C:\Users\PadXAutoman\AppData\Local\Temp\3\upi_info.xml
[09/03/26 12:55:38] info     Setting key SP/UPI_PRODUCT, value ACD (maxCount 1)
[09/03/26 12:55:38] info     Setting key SP/UPI_RELEASE, value 2027 (maxCount 1)
[09/03/26 12:55:38] info     Setting key SP/UPI_MASTER, value {28B89EEF-A101-0409-2102-CF3F3A09B77D} (maxCount 1)
[09/03/26 12:55:38] info     Setting key SP/UPI_BUILD, value 26.0.118.0.0 (maxCount 1)
[09/03/26 12:55:38] info     Setting key SP/UPI_FULL_XML, value <?xml version="1.0"?><upipackage><upivalue version="1.0" type="product" requestingapp="true"><level name="productline" id="ACD"><level name="release" id="2027"><level name="master" id="{28B89EEF-A101-0409-2102-CF3F3A09B77D}"><level name="build" id="26.0.118.0.0"/></level></level></level></upivalue>
<upivalue version="1.0" type="product"><level name="productline" id="ACD"><level name="release" id="2027"><level name="master" id="{28B89EEF-A101-0409-1102-CF3F3A09B77D}"><level name="build" id="26.0.118.0.0"/></level></level></level></upivalue>
<upivalue version="1.0" type="product"><level name="productline" id="ARCHDESK"><level name="release" id="2027"><level name="master" id="{28B89EEE-A104-0000-5102-CF3F3A09B77D}"><level name="build" id="8.9.46.0"/></level></level></level></upivalue>
<upivalue version="1.0" type="product"><level name="productline" id="ACD"><level name="release" id="2027"><level name="master" id="{28B89EEF-A101-0000-0102-CF3F3A09B77D}"><level name="build" id="26.0.118.0.0"/></level></level></level></upivalue>
</upipackage> (maxCount 1)
[09/03/26 12:55:38] info     set legacy options: /APPICON "C:\Program Files\Autodesk\AutoCAD 2027\AcBrandRes.dll" /APPICONID 1
[09/03/26 12:55:38] info     Setting key RP/AppIcon, value C:\Program Files\Autodesk\AutoCAD 2027\AcBrandRes.dll (maxCount 1)
[09/03/26 12:55:38] info     Setting key RP/AppIconId, value 1 (maxCount 1)
[09/03/26 12:55:38] info     Setting key RP/CadSettingsRegPath, value Software\Autodesk\AutoCAD\R26.0\ACAD-A101:409\CadManagerControl\CustomerErrorReport (maxCount 1)
[09/03/26 12:55:38] info     Setting key RP/AppLocaleId, value 1033 (maxCount 1)
[09/03/26 12:55:38] info     Setting key RP/AppXML, value <ProductInformation name ="AutoCAD" build_version="X.118.0.0(x64)" registry_version="26.0" install_id_string="ACAD-A101:409" registry_localeID="1033" git_commit_id="2c19eb970fc25f5e380f0bd3736f8ba9103aade4" /> (maxCount 100)
[09/03/26 12:55:38] info     Setting key SP/THEME_TYPE, value Blue (maxCount 1)
[09/03/26 12:55:38] info     Setting key SP/EXCEPTION_INFO_POINTER, value 140725452047640 (maxCount 1)
[09/03/26 12:55:38] info     Setting key SP/THREAD_ID, value 4294967295 (maxCount 1)
[09/03/26 12:55:38] info     Get key SP/THREAD_ID, index 0: "4294967295"
[09/03/26 12:55:38] info     Setting key SP/WER, value 0 (maxCount 1)
[09/03/26 12:55:38] info     Get key SP/WER, index 0: "0"
[09/03/26 12:55:38] info     Registered C:\Program Files\Autodesk\AutoCAD 2027\cer.dll as WER runtime exception module
[09/03/26 12:55:38] info     Current ErrorMode is 32769
[09/03/26 12:55:38] debug    Receiver ping: pong
[09/03/26 12:55:40] info     Setting key RP/Headless, value 1 (maxCount 1)
[09/03/26 12:55:41] info     ================= cer stopped =================
[09/03/26 12:55:43] info     ================= cer started =================
[09/03/26 12:55:43] info     C:\Program Files\Autodesk\AutoCAD 2027\cer.dll, 7.2.4+20251128.8f05bb68.927
[09/03/26 12:55:43] info     Setting key SP/SDK_VERSION, value 7.2.4+20251128.8f05bb68.927 (maxCount 1)
[09/03/26 12:55:43] info     Setting key SP/PRODUCT_NAME_HASH, value 9d6767a77b9d2cce90e03082e1302957689eeac5 (maxCount 1)
[09/03/26 12:55:43] info     Setting key SP/RUNTIME_ARCH, value 1 (maxCount 1)
[09/03/26 12:55:43] info     Set senddmp exe path to C:\Program Files\Autodesk\AutoCAD 2027\CER\senddmp.exe
[09/03/26 12:55:43] info     The cer_service exe C:\Program Files\Autodesk\AutoCAD 2027\CER\service\cer_service.exe is not in folder C:\Program Files\Autodesk\AutoCAD 2027\CER\, it's not a sandbox
[09/03/26 12:55:43] info     Set upi exe path to C:\Program Files\Autodesk\AutoCAD 2027\CER\upi.exe
[09/03/26 12:55:43] info     launching C:\Program Files\Autodesk\AutoCAD 2027\CER\upi.exe --cmd=get-device-id C:\Users\PadXAutoman\AppData\Local\Temp\3\upi_deviceid2
[09/03/26 12:55:43] info     Set deviceID2 to E0980AAE6AED663DCD5E319A495325326BBB7E230497E3E7A688257D5161810C&E78156892A1577BCC8ECA22DE8BDD2ACC3DBA494148FF651DD4CD9294238EEC2&EF8EC29B7F9BDFCB7E48CD68912908B19E16A31DC4691909E40C1617F97C9B38
[09/03/26 12:55:43] info     Setting key SP/DEVICEID2, value E0980AAE6AED663DCD5E319A495325326BBB7E230497E3E7A688257D5161810C&E78156892A1577BCC8ECA22DE8BDD2ACC3DBA494148FF651DD4CD9294238EEC2&EF8EC29B7F9BDFCB7E48CD68912908B19E16A31DC4691909E40C1617F97C9B38 (maxCount 1)
[09/03/26 12:55:43] info     Setting key SP/UUID, value 9d6767a77b9d2cce90e03082e1302957689eeac5E0980AAE6AED663DCD5E319A495325326BBB7E230497E3E7A688257D5161810C&E78156892A1577BCC8ECA22DE8BDD2ACC3DBA494148FF651DD4CD9294238EEC2&EF8EC29B7F9BDFCB7E48CD68912908B19E16A31DC4691909E40C1617F97C9B38 (maxCount 1)
[09/03/26 12:55:43] info     Set senddmp exe path to C:\Program Files\Autodesk\AutoCAD 2027\CER\senddmp.exe
[09/03/26 12:55:43] info     The cer_service exe C:\Program Files\Autodesk\AutoCAD 2027\CER\service\cer_service.exe is not in folder C:\Program Files\Autodesk\AutoCAD 2027\CER\, it's not a sandbox
[09/03/26 12:55:43] info     launching C:\Program Files\Autodesk\AutoCAD 2027\CER\upi.exe "C:\Program Files\Autodesk\AutoCAD 2027\en-US\UPI\upiconfig.xml" C:\Users\PadXAutoman\AppData\Local\Temp\3\upi_info.xml
[09/03/26 12:55:44] info     Setting key SP/UPI_PRODUCT, value ACD (maxCount 1)
[09/03/26 12:55:44] info     Setting key SP/UPI_RELEASE, value 2027 (maxCount 1)
[09/03/26 12:55:44] info     Setting key SP/UPI_MASTER, value {28B89EEF-A101-0409-2102-CF3F3A09B77D} (maxCount 1)
[09/03/26 12:55:44] info     Setting key SP/UPI_BUILD, value 26.0.118.0.0 (maxCount 1)
[09/03/26 12:55:44] info     Setting key SP/UPI_FULL_XML, value <?xml version="1.0"?><upipackage><upivalue version="1.0" type="product" requestingapp="true"><level name="productline" id="ACD"><level name="release" id="2027"><level name="master" id="{28B89EEF-A101-0409-2102-CF3F3A09B77D}"><level name="build" id="26.0.118.0.0"/></level></level></level></upivalue>
<upivalue version="1.0" type="product"><level name="productline" id="ACD"><level name="release" id="2027"><level name="master" id="{28B89EEF-A101-0409-1102-CF3F3A09B77D}"><level name="build" id="26.0.118.0.0"/></level></level></level></upivalue>
<upivalue version="1.0" type="product"><level name="productline" id="ARCHDESK"><level name="release" id="2027"><level name="master" id="{28B89EEE-A104-0000-5102-CF3F3A09B77D}"><level name="build" id="8.9.46.0"/></level></level></level></upivalue>
<upivalue version="1.0" type="product"><level name="productline" id="ACD"><level name="release" id="2027"><level name="master" id="{28B89EEF-A101-0000-0102-CF3F3A09B77D}"><level name="build" id="26.0.118.0.0"/></level></level></level></upivalue>
</upipackage> (maxCount 1)
[09/03/26 12:55:44] info     set legacy options: /APPICON "C:\Program Files\Autodesk\AutoCAD 2027\AcBrandRes.dll" /APPICONID 1
[09/03/26 12:55:44] info     Setting key RP/AppIcon, value C:\Program Files\Autodesk\AutoCAD 2027\AcBrandRes.dll (maxCount 1)
[09/03/26 12:55:44] info     Setting key RP/AppIconId, value 1 (maxCount 1)
[09/03/26 12:55:44] info     Setting key RP/CadSettingsRegPath, value Software\Autodesk\AutoCAD\R26.0\ACAD-A101:409\CadManagerControl\CustomerErrorReport (maxCount 1)
[09/03/26 12:55:44] info     Setting key RP/AppLocaleId, value 1033 (maxCount 1)
[09/03/26 12:55:44] info     Setting key RP/AppXML, value <ProductInformation name ="AutoCAD" build_version="X.118.0.0(x64)" registry_version="26.0" install_id_string="ACAD-A101:409" registry_localeID="1033" git_commit_id="2c19eb970fc25f5e380f0bd3736f8ba9103aade4" /> (maxCount 100)
[09/03/26 12:55:44] info     Setting key SP/THEME_TYPE, value Blue (maxCount 1)
[09/03/26 12:55:44] info     Setting key SP/EXCEPTION_INFO_POINTER, value 140725452047640 (maxCount 1)
[09/03/26 12:55:44] info     Setting key SP/THREAD_ID, value 4294967295 (maxCount 1)
[09/03/26 12:55:44] info     Get key SP/THREAD_ID, index 0: "4294967295"
[09/03/26 12:55:44] info     Setting key SP/WER, value 0 (maxCount 1)
[09/03/26 12:55:44] info     Get key SP/WER, index 0: "0"
[09/03/26 12:55:44] info     Registered C:\Program Files\Autodesk\AutoCAD 2027\cer.dll as WER runtime exception module
[09/03/26 12:55:44] info     Current ErrorMode is 32769
[09/03/26 12:55:44] debug    Receiver ping: pong
[09/03/26 12:55:45] info     Setting key RP/Headless, value 1 (maxCount 1)
[09/03/26 12:55:45] info     ================= cer stopped =================
[09/03/26 12:56:07] info     ================= cer started =================
[09/03/26 12:56:07] info     C:\Program Files\Autodesk\AutoCAD 2027\cer.dll, 7.2.4+20251128.8f05bb68.927
[09/03/26 12:56:07] info     Setting key SP/SDK_VERSION, value 7.2.4+20251128.8f05bb68.927 (maxCount 1)
[09/03/26 12:56:07] info     Setting key SP/PRODUCT_NAME_HASH, value 9d6767a77b9d2cce90e03082e1302957689eeac5 (maxCount 1)
[09/03/26 12:56:07] info     Setting key SP/RUNTIME_ARCH, value 1 (maxCount 1)
[09/03/26 12:56:07] info     Set senddmp exe path to C:\Program Files\Autodesk\AutoCAD 2027\CER\senddmp.exe
[09/03/26 12:56:07] info     The cer_service exe C:\Program Files\Autodesk\AutoCAD 2027\CER\service\cer_service.exe is not in folder C:\Program Files\Autodesk\AutoCAD 2027\CER\, it's not a sandbox
[09/03/26 12:56:07] info     Set upi exe path to C:\Program Files\Autodesk\AutoCAD 2027\CER\upi.exe
[09/03/26 12:56:07] info     launching C:\Program Files\Autodesk\AutoCAD 2027\CER\upi.exe --cmd=get-device-id C:\Users\PadXAutoman\AppData\Local\Temp\3\upi_deviceid2
[09/03/26 12:56:08] info     Set deviceID2 to E0980AAE6AED663DCD5E319A495325326BBB7E230497E3E7A688257D5161810C&E78156892A1577BCC8ECA22DE8BDD2ACC3DBA494148FF651DD4CD9294238EEC2&EF8EC29B7F9BDFCB7E48CD68912908B19E16A31DC4691909E40C1617F97C9B38
[09/03/26 12:56:08] info     Setting key SP/DEVICEID2, value E0980AAE6AED663DCD5E319A495325326BBB7E230497E3E7A688257D5161810C&E78156892A1577BCC8ECA22DE8BDD2ACC3DBA494148FF651DD4CD9294238EEC2&EF8EC29B7F9BDFCB7E48CD68912908B19E16A31DC4691909E40C1617F97C9B38 (maxCount 1)
[09/03/26 12:56:08] info     Setting key SP/UUID, value 9d6767a77b9d2cce90e03082e1302957689eeac5E0980AAE6AED663DCD5E319A495325326BBB7E230497E3E7A688257D5161810C&E78156892A1577BCC8ECA22DE8BDD2ACC3DBA494148FF651DD4CD9294238EEC2&EF8EC29B7F9BDFCB7E48CD68912908B19E16A31DC4691909E40C1617F97C9B38 (maxCount 1)
[09/03/26 12:56:08] info     Set senddmp exe path to C:\Program Files\Autodesk\AutoCAD 2027\CER\senddmp.exe
[09/03/26 12:56:08] info     The cer_service exe C:\Program Files\Autodesk\AutoCAD 2027\CER\service\cer_service.exe is not in folder C:\Program Files\Autodesk\AutoCAD 2027\CER\, it's not a sandbox
[09/03/26 12:56:08] info     launching C:\Program Files\Autodesk\AutoCAD 2027\CER\upi.exe "C:\Program Files\Autodesk\AutoCAD 2027\en-US\UPI\upiconfig.xml" C:\Users\PadXAutoman\AppData\Local\Temp\3\upi_info.xml
[09/03/26 12:56:08] info     Setting key SP/UPI_PRODUCT, value ACD (maxCount 1)
[09/03/26 12:56:08] info     Setting key SP/UPI_RELEASE, value 2027 (maxCount 1)
[09/03/26 12:56:08] info     Setting key SP/UPI_MASTER, value {28B89EEF-A101-0409-2102-CF3F3A09B77D} (maxCount 1)
[09/03/26 12:56:08] info     Setting key SP/UPI_BUILD, value 26.0.118.0.0 (maxCount 1)
[09/03/26 12:56:08] info     Setting key SP/UPI_FULL_XML, value <?xml version="1.0"?><upipackage><upivalue version="1.0" type="product" requestingapp="true"><level name="productline" id="ACD"><level name="release" id="2027"><level name="master" id="{28B89EEF-A101-0409-2102-CF3F3A09B77D}"><level name="build" id="26.0.118.0.0"/></level></level></level></upivalue>
<upivalue version="1.0" type="product"><level name="productline" id="ACD"><level name="release" id="2027"><level name="master" id="{28B89EEF-A101-0409-1102-CF3F3A09B77D}"><level name="build" id="26.0.118.0.0"/></level></level></level></upivalue>
<upivalue version="1.0" type="product"><level name="productline" id="ARCHDESK"><level name="release" id="2027"><level name="master" id="{28B89EEE-A104-0000-5102-CF3F3A09B77D}"><level name="build" id="8.9.46.0"/></level></level></level></upivalue>
<upivalue version="1.0" type="product"><level name="productline" id="ACD"><level name="release" id="2027"><level name="master" id="{28B89EEF-A101-0000-0102-CF3F3A09B77D}"><level name="build" id="26.0.118.0.0"/></level></level></level></upivalue>
</upipackage> (maxCount 1)
[09/03/26 12:56:08] info     set legacy options: /APPICON "C:\Program Files\Autodesk\AutoCAD 2027\AcBrandRes.dll" /APPICONID 1
[09/03/26 12:56:08] info     Setting key RP/AppIcon, value C:\Program Files\Autodesk\AutoCAD 2027\AcBrandRes.dll (maxCount 1)
[09/03/26 12:56:08] info     Setting key RP/AppIconId, value 1 (maxCount 1)
[09/03/26 12:56:08] info     Setting key RP/CadSettingsRegPath, value Software\Autodesk\AutoCAD\R26.0\ACAD-A101:409\CadManagerControl\CustomerErrorReport (maxCount 1)
[09/03/26 12:56:08] info     Setting key RP/AppLocaleId, value 1033 (maxCount 1)
[09/03/26 12:56:08] info     Setting key RP/AppXML, value <ProductInformation name ="AutoCAD" build_version="X.118.0.0(x64)" registry_version="26.0" install_id_string="ACAD-A101:409" registry_localeID="1033" git_commit_id="2c19eb970fc25f5e380f0bd3736f8ba9103aade4" /> (maxCount 100)
[09/03/26 12:56:08] info     Setting key SP/THEME_TYPE, value Blue (maxCount 1)
[09/03/26 12:56:08] info     Setting key SP/EXCEPTION_INFO_POINTER, value 140725452047640 (maxCount 1)
[09/03/26 12:56:08] info     Setting key SP/THREAD_ID, value 4294967295 (maxCount 1)
[09/03/26 12:56:08] info     Get key SP/THREAD_ID, index 0: "4294967295"
[09/03/26 12:56:08] info     Setting key SP/WER, value 0 (maxCount 1)
[09/03/26 12:56:08] info     Get key SP/WER, index 0: "0"
[09/03/26 12:56:08] info     Registered C:\Program Files\Autodesk\AutoCAD 2027\cer.dll as WER runtime exception module
[09/03/26 12:56:08] info     Current ErrorMode is 32769
[09/03/26 12:56:08] debug    Receiver ping: pong
[09/03/26 12:56:08] info     Setting key RP/Headless, value 1 (maxCount 1)
[09/03/26 12:56:09] info     ================= cer stopped =================
[09/03/26 12:56:38] info     ================= cer started =================
[09/03/26 12:56:38] info     C:\Program Files\Autodesk\AutoCAD 2027\cer.dll, 7.2.4+20251128.8f05bb68.927
[09/03/26 12:56:38] info     Setting key SP/SDK_VERSION, value 7.2.4+20251128.8f05bb68.927 (maxCount 1)
[09/03/26 12:56:38] info     Setting key SP/PRODUCT_NAME_HASH, value 9d6767a77b9d2cce90e03082e1302957689eeac5 (maxCount 1)
[09/03/26 12:56:38] info     Setting key SP/RUNTIME_ARCH, value 1 (maxCount 1)
[09/03/26 12:56:38] info     Set senddmp exe path to C:\Program Files\Autodesk\AutoCAD 2027\CER\senddmp.exe
[09/03/26 12:56:38] info     The cer_service exe C:\Program Files\Autodesk\AutoCAD 2027\CER\service\cer_service.exe is not in folder C:\Program Files\Autodesk\AutoCAD 2027\CER\, it's not a sandbox
[09/03/26 12:56:38] info     Set upi exe path to C:\Program Files\Autodesk\AutoCAD 2027\CER\upi.exe
[09/03/26 12:56:38] info     launching C:\Program Files\Autodesk\AutoCAD 2027\CER\upi.exe --cmd=get-device-id C:\Users\PadXAutoman\AppData\Local\Temp\3\upi_deviceid2
[09/03/26 12:56:38] info     Set deviceID2 to E0980AAE6AED663DCD5E319A495325326BBB7E230497E3E7A688257D5161810C&E78156892A1577BCC8ECA22DE8BDD2ACC3DBA494148FF651DD4CD9294238EEC2&EF8EC29B7F9BDFCB7E48CD68912908B19E16A31DC4691909E40C1617F97C9B38
[09/03/26 12:56:38] info     Setting key SP/DEVICEID2, value E0980AAE6AED663DCD5E319A495325326BBB7E230497E3E7A688257D5161810C&E78156892A1577BCC8ECA22DE8BDD2ACC3DBA494148FF651DD4CD9294238EEC2&EF8EC29B7F9BDFCB7E48CD68912908B19E16A31DC4691909E40C1617F97C9B38 (maxCount 1)
[09/03/26 12:56:38] info     Setting key SP/UUID, value 9d6767a77b9d2cce90e03082e1302957689eeac5E0980AAE6AED663DCD5E319A495325326BBB7E230497E3E7A688257D5161810C&E78156892A1577BCC8ECA22DE8BDD2ACC3DBA494148FF651DD4CD9294238EEC2&EF8EC29B7F9BDFCB7E48CD68912908B19E16A31DC4691909E40C1617F97C9B38 (maxCount 1)
[09/03/26 12:56:38] info     Set senddmp exe path to C:\Program Files\Autodesk\AutoCAD 2027\CER\senddmp.exe
[09/03/26 12:56:38] info     The cer_service exe C:\Program Files\Autodesk\AutoCAD 2027\CER\service\cer_service.exe is not in folder C:\Program Files\Autodesk\AutoCAD 2027\CER\, it's not a sandbox
[09/03/26 12:56:38] info     launching C:\Program Files\Autodesk\AutoCAD 2027\CER\upi.exe "C:\Program Files\Autodesk\AutoCAD 2027\en-US\UPI\upiconfig.xml" C:\Users\PadXAutoman\AppData\Local\Temp\3\upi_info.xml
[09/03/26 12:56:38] info     Setting key SP/UPI_PRODUCT, value ACD (maxCount 1)
[09/03/26 12:56:38] info     Setting key SP/UPI_RELEASE, value 2027 (maxCount 1)
[09/03/26 12:56:38] info     Setting key SP/UPI_MASTER, value {28B89EEF-A101-0409-2102-CF3F3A09B77D} (maxCount 1)
[09/03/26 12:56:38] info     Setting key SP/UPI_BUILD, value 26.0.118.0.0 (maxCount 1)
[09/03/26 12:56:38] info     Setting key SP/UPI_FULL_XML, value <?xml version="1.0"?><upipackage><upivalue version="1.0" type="product" requestingapp="true"><level name="productline" id="ACD"><level name="release" id="2027"><level name="master" id="{28B89EEF-A101-0409-2102-CF3F3A09B77D}"><level name="build" id="26.0.118.0.0"/></level></level></level></upivalue>
<upivalue version="1.0" type="product"><level name="productline" id="ACD"><level name="release" id="2027"><level name="master" id="{28B89EEF-A101-0409-1102-CF3F3A09B77D}"><level name="build" id="26.0.118.0.0"/></level></level></level></upivalue>
<upivalue version="1.0" type="product"><level name="productline" id="ARCHDESK"><level name="release" id="2027"><level name="master" id="{28B89EEE-A104-0000-5102-CF3F3A09B77D}"><level name="build" id="8.9.46.0"/></level></level></level></upivalue>
<upivalue version="1.0" type="product"><level name="productline" id="ACD"><level name="release" id="2027"><level name="master" id="{28B89EEF-A101-0000-0102-CF3F3A09B77D}"><level name="build" id="26.0.118.0.0"/></level></level></level></upivalue>
</upipackage> (maxCount 1)
[09/03/26 12:56:38] info     set legacy options: /APPICON "C:\Program Files\Autodesk\AutoCAD 2027\AcBrandRes.dll" /APPICONID 1
[09/03/26 12:56:38] info     Setting key RP/AppIcon, value C:\Program Files\Autodesk\AutoCAD 2027\AcBrandRes.dll (maxCount 1)
[09/03/26 12:56:38] info     Setting key RP/AppIconId, value 1 (maxCount 1)
[09/03/26 12:56:38] info     Setting key RP/CadSettingsRegPath, value Software\Autodesk\AutoCAD\R26.0\ACAD-A101:409\CadManagerControl\CustomerErrorReport (maxCount 1)
[09/03/26 12:56:38] info     Setting key RP/AppLocaleId, value 1033 (maxCount 1)
[09/03/26 12:56:38] info     Setting key RP/AppXML, value <ProductInformation name ="AutoCAD" build_version="X.118.0.0(x64)" registry_version="26.0" install_id_string="ACAD-A101:409" registry_localeID="1033" git_commit_id="2c19eb970fc25f5e380f0bd3736f8ba9103aade4" /> (maxCount 100)
[09/03/26 12:56:38] info     Setting key SP/THEME_TYPE, value Blue (maxCount 1)
[09/03/26 12:56:38] info     Setting key SP/EXCEPTION_INFO_POINTER, value 140725452047640 (maxCount 1)
[09/03/26 12:56:38] info     Setting key SP/THREAD_ID, value 4294967295 (maxCount 1)
[09/03/26 12:56:38] info     Get key SP/THREAD_ID, index 0: "4294967295"
[09/03/26 12:56:38] info     Setting key SP/WER, value 0 (maxCount 1)
[09/03/26 12:56:38] info     Get key SP/WER, index 0: "0"
[09/03/26 12:56:38] info     Registered C:\Program Files\Autodesk\AutoCAD 2027\cer.dll as WER runtime exception module
[09/03/26 12:56:38] info     Current ErrorMode is 32769
[09/03/26 12:56:38] debug    Receiver ping: pong
[09/03/26 12:56:40] info     Setting key RP/Headless, value 1 (maxCount 1)
[09/03/26 12:56:40] info     ================= cer stopped =================
[09/03/26 13:00:33] info     ================= cer started =================
[09/03/26 13:00:33] info     C:\Program Files\Autodesk\AutoCAD 2027\cer.dll, 7.2.4+20251128.8f05bb68.927
[09/03/26 13:00:33] info     Setting key SP/SDK_VERSION, value 7.2.4+20251128.8f05bb68.927 (maxCount 1)
[09/03/26 13:00:33] info     Setting key SP/PRODUCT_NAME_HASH, value 9d6767a77b9d2cce90e03082e1302957689eeac5 (maxCount 1)
[09/03/26 13:00:33] info     Setting key SP/RUNTIME_ARCH, value 1 (maxCount 1)
[09/03/26 13:00:33] info     Set senddmp exe path to C:\Program Files\Autodesk\AutoCAD 2027\CER\senddmp.exe
[09/03/26 13:00:33] info     The cer_service exe C:\Program Files\Autodesk\AutoCAD 2027\CER\service\cer_service.exe is not in folder C:\Program Files\Autodesk\AutoCAD 2027\CER\, it's not a sandbox
[09/03/26 13:00:33] info     Set upi exe path to C:\Program Files\Autodesk\AutoCAD 2027\CER\upi.exe
[09/03/26 13:00:33] info     launching C:\Program Files\Autodesk\AutoCAD 2027\CER\upi.exe --cmd=get-device-id C:\Users\PadXAutoman\AppData\Local\Temp\3\upi_deviceid2
[09/03/26 13:00:33] info     Set deviceID2 to E0980AAE6AED663DCD5E319A495325326BBB7E230497E3E7A688257D5161810C&E78156892A1577BCC8ECA22DE8BDD2ACC3DBA494148FF651DD4CD9294238EEC2&EF8EC29B7F9BDFCB7E48CD68912908B19E16A31DC4691909E40C1617F97C9B38
[09/03/26 13:00:33] info     Setting key SP/DEVICEID2, value E0980AAE6AED663DCD5E319A495325326BBB7E230497E3E7A688257D5161810C&E78156892A1577BCC8ECA22DE8BDD2ACC3DBA494148FF651DD4CD9294238EEC2&EF8EC29B7F9BDFCB7E48CD68912908B19E16A31DC4691909E40C1617F97C9B38 (maxCount 1)
[09/03/26 13:00:33] info     Setting key SP/UUID, value 9d6767a77b9d2cce90e03082e1302957689eeac5E0980AAE6AED663DCD5E319A495325326BBB7E230497E3E7A688257D5161810C&E78156892A1577BCC8ECA22DE8BDD2ACC3DBA494148FF651DD4CD9294238EEC2&EF8EC29B7F9BDFCB7E48CD68912908B19E16A31DC4691909E40C1617F97C9B38 (maxCount 1)
[09/03/26 13:00:33] info     Set senddmp exe path to C:\Program Files\Autodesk\AutoCAD 2027\CER\senddmp.exe
[09/03/26 13:00:33] info     The cer_service exe C:\Program Files\Autodesk\AutoCAD 2027\CER\service\cer_service.exe is not in folder C:\Program Files\Autodesk\AutoCAD 2027\CER\, it's not a sandbox
[09/03/26 13:00:33] info     launching C:\Program Files\Autodesk\AutoCAD 2027\CER\upi.exe "C:\Program Files\Autodesk\AutoCAD 2027\en-US\UPI\upiconfig.xml" C:\Users\PadXAutoman\AppData\Local\Temp\3\upi_info.xml
[09/03/26 13:00:33] info     Setting key SP/UPI_PRODUCT, value ACD (maxCount 1)
[09/03/26 13:00:33] info     Setting key SP/UPI_RELEASE, value 2027 (maxCount 1)
[09/03/26 13:00:33] info     Setting key SP/UPI_MASTER, value {28B89EEF-A101-0409-2102-CF3F3A09B77D} (maxCount 1)
[09/03/26 13:00:33] info     Setting key SP/UPI_BUILD, value 26.0.118.0.0 (maxCount 1)
[09/03/26 13:00:33] info     Setting key SP/UPI_FULL_XML, value <?xml version="1.0"?><upipackage><upivalue version="1.0" type="product" requestingapp="true"><level name="productline" id="ACD"><level name="release" id="2027"><level name="master" id="{28B89EEF-A101-0409-2102-CF3F3A09B77D}"><level name="build" id="26.0.118.0.0"/></level></level></level></upivalue>
<upivalue version="1.0" type="product"><level name="productline" id="ACD"><level name="release" id="2027"><level name="master" id="{28B89EEF-A101-0409-1102-CF3F3A09B77D}"><level name="build" id="26.0.118.0.0"/></level></level></level></upivalue>
<upivalue version="1.0" type="product"><level name="productline" id="ARCHDESK"><level name="release" id="2027"><level name="master" id="{28B89EEE-A104-0000-5102-CF3F3A09B77D}"><level name="build" id="8.9.46.0"/></level></level></level></upivalue>
<upivalue version="1.0" type="product"><level name="productline" id="ACD"><level name="release" id="2027"><level name="master" id="{28B89EEF-A101-0000-0102-CF3F3A09B77D}"><level name="build" id="26.0.118.0.0"/></level></level></level></upivalue>
</upipackage> (maxCount 1)
[09/03/26 13:00:33] info     set legacy options: /APPICON "C:\Program Files\Autodesk\AutoCAD 2027\AcBrandRes.dll" /APPICONID 1
[09/03/26 13:00:33] info     Setting key RP/AppIcon, value C:\Program Files\Autodesk\AutoCAD 2027\AcBrandRes.dll (maxCount 1)
[09/03/26 13:00:33] info     Setting key RP/AppIconId, value 1 (maxCount 1)
[09/03/26 13:00:33] info     Setting key RP/CadSettingsRegPath, value Software\Autodesk\AutoCAD\R26.0\ACAD-A101:409\CadManagerControl\CustomerErrorReport (maxCount 1)
[09/03/26 13:00:33] info     Setting key RP/AppLocaleId, value 1033 (maxCount 1)
[09/03/26 13:00:33] info     Setting key RP/AppXML, value <ProductInformation name ="AutoCAD" build_version="X.118.0.0(x64)" registry_version="26.0" install_id_string="ACAD-A101:409" registry_localeID="1033" git_commit_id="2c19eb970fc25f5e380f0bd3736f8ba9103aade4" /> (maxCount 100)
[09/03/26 13:00:33] info     Setting key SP/THEME_TYPE, value Blue (maxCount 1)
[09/03/26 13:00:33] info     Setting key SP/EXCEPTION_INFO_POINTER, value 140725452047640 (maxCount 1)
[09/03/26 13:00:33] info     Setting key SP/THREAD_ID, value 4294967295 (maxCount 1)
[09/03/26 13:00:33] info     Get key SP/THREAD_ID, index 0: "4294967295"
[09/03/26 13:00:33] info     Setting key SP/WER, value 0 (maxCount 1)
[09/03/26 13:00:33] info     Get key SP/WER, index 0: "0"
[09/03/26 13:00:33] info     Registered C:\Program Files\Autodesk\AutoCAD 2027\cer.dll as WER runtime exception module
[09/03/26 13:00:33] info     Current ErrorMode is 32769
[09/03/26 13:00:33] debug    Receiver ping: pong
[09/03/26 13:00:37] info     Setting key RP/Headless, value 1 (maxCount 1)
[09/03/26 13:00:38] info     ================= cer stopped =================
[09/03/26 13:03:45] info     ================= cer started =================
[09/03/26 13:03:45] info     C:\Program Files\Autodesk\AutoCAD 2027\cer.dll, 7.2.4+20251128.8f05bb68.927
[09/03/26 13:03:45] info     Setting key SP/SDK_VERSION, value 7.2.4+20251128.8f05bb68.927 (maxCount 1)
[09/03/26 13:03:45] info     Setting key SP/PRODUCT_NAME_HASH, value 9d6767a77b9d2cce90e03082e1302957689eeac5 (maxCount 1)
[09/03/26 13:03:45] info     Setting key SP/RUNTIME_ARCH, value 1 (maxCount 1)
[09/03/26 13:03:45] info     Set senddmp exe path to C:\Program Files\Autodesk\AutoCAD 2027\CER\senddmp.exe
[09/03/26 13:03:45] info     The cer_service exe C:\Program Files\Autodesk\AutoCAD 2027\CER\service\cer_service.exe is not in folder C:\Program Files\Autodesk\AutoCAD 2027\CER\, it's not a sandbox
[09/03/26 13:03:45] info     Set upi exe path to C:\Program Files\Autodesk\AutoCAD 2027\CER\upi.exe
[09/03/26 13:03:45] info     launching C:\Program Files\Autodesk\AutoCAD 2027\CER\upi.exe --cmd=get-device-id C:\Users\PadXAutoman\AppData\Local\Temp\3\upi_deviceid2
[09/03/26 13:03:45] info     Set deviceID2 to E0980AAE6AED663DCD5E319A495325326BBB7E230497E3E7A688257D5161810C&E78156892A1577BCC8ECA22DE8BDD2ACC3DBA494148FF651DD4CD9294238EEC2&EF8EC29B7F9BDFCB7E48CD68912908B19E16A31DC4691909E40C1617F97C9B38
[09/03/26 13:03:45] info     Setting key SP/DEVICEID2, value E0980AAE6AED663DCD5E319A495325326BBB7E230497E3E7A688257D5161810C&E78156892A1577BCC8ECA22DE8BDD2ACC3DBA494148FF651DD4CD9294238EEC2&EF8EC29B7F9BDFCB7E48CD68912908B19E16A31DC4691909E40C1617F97C9B38 (maxCount 1)
[09/03/26 13:03:45] info     Setting key SP/UUID, value 9d6767a77b9d2cce90e03082e1302957689eeac5E0980AAE6AED663DCD5E319A495325326BBB7E230497E3E7A688257D5161810C&E78156892A1577BCC8ECA22DE8BDD2ACC3DBA494148FF651DD4CD9294238EEC2&EF8EC29B7F9BDFCB7E48CD68912908B19E16A31DC4691909E40C1617F97C9B38 (maxCount 1)
[09/03/26 13:03:45] info     Set senddmp exe path to C:\Program Files\Autodesk\AutoCAD 2027\CER\senddmp.exe
[09/03/26 13:03:45] info     The cer_service exe C:\Program Files\Autodesk\AutoCAD 2027\CER\service\cer_service.exe is not in folder C:\Program Files\Autodesk\AutoCAD 2027\CER\, it's not a sandbox
[09/03/26 13:03:45] info     launching C:\Program Files\Autodesk\AutoCAD 2027\CER\upi.exe "C:\Program Files\Autodesk\AutoCAD 2027\en-US\UPI\upiconfig.xml" C:\Users\PadXAutoman\AppData\Local\Temp\3\upi_info.xml
[09/03/26 13:03:45] info     Setting key SP/UPI_PRODUCT, value ACD (maxCount 1)
[09/03/26 13:03:45] info     Setting key SP/UPI_RELEASE, value 2027 (maxCount 1)
[09/03/26 13:03:45] info     Setting key SP/UPI_MASTER, value {28B89EEF-A101-0409-2102-CF3F3A09B77D} (maxCount 1)
[09/03/26 13:03:45] info     Setting key SP/UPI_BUILD, value 26.0.118.0.0 (maxCount 1)
[09/03/26 13:03:45] info     Setting key SP/UPI_FULL_XML, value <?xml version="1.0"?><upipackage><upivalue version="1.0" type="product" requestingapp="true"><level name="productline" id="ACD"><level name="release" id="2027"><level name="master" id="{28B89EEF-A101-0409-2102-CF3F3A09B77D}"><level name="build" id="26.0.118.0.0"/></level></level></level></upivalue>
<upivalue version="1.0" type="product"><level name="productline" id="ACD"><level name="release" id="2027"><level name="master" id="{28B89EEF-A101-0409-1102-CF3F3A09B77D}"><level name="build" id="26.0.118.0.0"/></level></level></level></upivalue>
<upivalue version="1.0" type="product"><level name="productline" id="ARCHDESK"><level name="release" id="2027"><level name="master" id="{28B89EEE-A104-0000-5102-CF3F3A09B77D}"><level name="build" id="8.9.46.0"/></level></level></level></upivalue>
<upivalue version="1.0" type="product"><level name="productline" id="ACD"><level name="release" id="2027"><level name="master" id="{28B89EEF-A101-0000-0102-CF3F3A09B77D}"><level name="build" id="26.0.118.0.0"/></level></level></level></upivalue>
</upipackage> (maxCount 1)
[09/03/26 13:03:45] info     set legacy options: /APPICON "C:\Program Files\Autodesk\AutoCAD 2027\AcBrandRes.dll" /APPICONID 1
[09/03/26 13:03:45] info     Setting key RP/AppIcon, value C:\Program Files\Autodesk\AutoCAD 2027\AcBrandRes.dll (maxCount 1)
[09/03/26 13:03:45] info     Setting key RP/AppIconId, value 1 (maxCount 1)
[09/03/26 13:03:45] info     Setting key RP/CadSettingsRegPath, value Software\Autodesk\AutoCAD\R26.0\ACAD-A101:409\CadManagerControl\CustomerErrorReport (maxCount 1)
[09/03/26 13:03:45] info     Setting key RP/AppLocaleId, value 1033 (maxCount 1)
[09/03/26 13:03:45] info     Setting key RP/AppXML, value <ProductInformation name ="AutoCAD" build_version="X.118.0.0(x64)" registry_version="26.0" install_id_string="ACAD-A101:409" registry_localeID="1033" git_commit_id="2c19eb970fc25f5e380f0bd3736f8ba9103aade4" /> (maxCount 100)
[09/03/26 13:03:45] info     Setting key SP/THEME_TYPE, value Blue (maxCount 1)
[09/03/26 13:03:45] info     Setting key SP/EXCEPTION_INFO_POINTER, value 140725452047640 (maxCount 1)
[09/03/26 13:03:45] info     Setting key SP/THREAD_ID, value 4294967295 (maxCount 1)
[09/03/26 13:03:45] info     Get key SP/THREAD_ID, index 0: "4294967295"
[09/03/26 13:03:45] info     Setting key SP/WER, value 0 (maxCount 1)
[09/03/26 13:03:45] info     Get key SP/WER, index 0: "0"
[09/03/26 13:03:45] info     Registered C:\Program Files\Autodesk\AutoCAD 2027\cer.dll as WER runtime exception module
[09/03/26 13:03:45] info     Current ErrorMode is 32769
[09/03/26 13:03:45] debug    Receiver ping: pong
[09/03/26 13:03:51] info     Setting key RP/Headless, value 1 (maxCount 1)
[09/03/26 13:03:52] info     ================= cer stopped =================
[09/03/26 13:03:57] info     ================= cer started =================
[09/03/26 13:03:57] info     C:\Program Files\Autodesk\AutoCAD 2027\cer.dll, 7.2.4+20251128.8f05bb68.927
[09/03/26 13:03:57] info     Setting key SP/SDK_VERSION, value 7.2.4+20251128.8f05bb68.927 (maxCount 1)
[09/03/26 13:03:57] info     Setting key SP/PRODUCT_NAME_HASH, value 9d6767a77b9d2cce90e03082e1302957689eeac5 (maxCount 1)
[09/03/26 13:03:57] info     Setting key SP/RUNTIME_ARCH, value 1 (maxCount 1)
[09/03/26 13:03:57] info     Set senddmp exe path to C:\Program Files\Autodesk\AutoCAD 2027\CER\senddmp.exe
[09/03/26 13:03:57] info     The cer_service exe C:\Program Files\Autodesk\AutoCAD 2027\CER\service\cer_service.exe is not in folder C:\Program Files\Autodesk\AutoCAD 2027\CER\, it's not a sandbox
[09/03/26 13:03:57] info     Set upi exe path to C:\Program Files\Autodesk\AutoCAD 2027\CER\upi.exe
[09/03/26 13:03:57] info     launching C:\Program Files\Autodesk\AutoCAD 2027\CER\upi.exe --cmd=get-device-id C:\Users\PadXAutoman\AppData\Local\Temp\3\upi_deviceid2
[09/03/26 13:03:57] info     Set deviceID2 to E0980AAE6AED663DCD5E319A495325326BBB7E230497E3E7A688257D5161810C&E78156892A1577BCC8ECA22DE8BDD2ACC3DBA494148FF651DD4CD9294238EEC2&EF8EC29B7F9BDFCB7E48CD68912908B19E16A31DC4691909E40C1617F97C9B38
[09/03/26 13:03:57] info     Setting key SP/DEVICEID2, value E0980AAE6AED663DCD5E319A495325326BBB7E230497E3E7A688257D5161810C&E78156892A1577BCC8ECA22DE8BDD2ACC3DBA494148FF651DD4CD9294238EEC2&EF8EC29B7F9BDFCB7E48CD68912908B19E16A31DC4691909E40C1617F97C9B38 (maxCount 1)
[09/03/26 13:03:57] info     Setting key SP/UUID, value 9d6767a77b9d2cce90e03082e1302957689eeac5E0980AAE6AED663DCD5E319A495325326BBB7E230497E3E7A688257D5161810C&E78156892A1577BCC8ECA22DE8BDD2ACC3DBA494148FF651DD4CD9294238EEC2&EF8EC29B7F9BDFCB7E48CD68912908B19E16A31DC4691909E40C1617F97C9B38 (maxCount 1)
[09/03/26 13:03:57] info     Set senddmp exe path to C:\Program Files\Autodesk\AutoCAD 2027\CER\senddmp.exe
[09/03/26 13:03:57] info     The cer_service exe C:\Program Files\Autodesk\AutoCAD 2027\CER\service\cer_service.exe is not in folder C:\Program Files\Autodesk\AutoCAD 2027\CER\, it's not a sandbox
[09/03/26 13:03:57] info     launching C:\Program Files\Autodesk\AutoCAD 2027\CER\upi.exe "C:\Program Files\Autodesk\AutoCAD 2027\en-US\UPI\upiconfig.xml" C:\Users\PadXAutoman\AppData\Local\Temp\3\upi_info.xml
[09/03/26 13:03:57] info     Setting key SP/UPI_PRODUCT, value ACD (maxCount 1)
[09/03/26 13:03:57] info     Setting key SP/UPI_RELEASE, value 2027 (maxCount 1)
[09/03/26 13:03:57] info     Setting key SP/UPI_MASTER, value {28B89EEF-A101-0409-2102-CF3F3A09B77D} (maxCount 1)
[09/03/26 13:03:57] info     Setting key SP/UPI_BUILD, value 26.0.118.0.0 (maxCount 1)
[09/03/26 13:03:57] info     Setting key SP/UPI_FULL_XML, value <?xml version="1.0"?><upipackage><upivalue version="1.0" type="product" requestingapp="true"><level name="productline" id="ACD"><level name="release" id="2027"><level name="master" id="{28B89EEF-A101-0409-2102-CF3F3A09B77D}"><level name="build" id="26.0.118.0.0"/></level></level></level></upivalue>
<upivalue version="1.0" type="product"><level name="productline" id="ACD"><level name="release" id="2027"><level name="master" id="{28B89EEF-A101-0409-1102-CF3F3A09B77D}"><level name="build" id="26.0.118.0.0"/></level></level></level></upivalue>
<upivalue version="1.0" type="product"><level name="productline" id="ARCHDESK"><level name="release" id="2027"><level name="master" id="{28B89EEE-A104-0000-5102-CF3F3A09B77D}"><level name="build" id="8.9.46.0"/></level></level></level></upivalue>
<upivalue version="1.0" type="product"><level name="productline" id="ACD"><level name="release" id="2027"><level name="master" id="{28B89EEF-A101-0000-0102-CF3F3A09B77D}"><level name="build" id="26.0.118.0.0"/></level></level></level></upivalue>
</upipackage> (maxCount 1)
[09/03/26 13:03:57] info     set legacy options: /APPICON "C:\Program Files\Autodesk\AutoCAD 2027\AcBrandRes.dll" /APPICONID 1
[09/03/26 13:03:57] info     Setting key RP/AppIcon, value C:\Program Files\Autodesk\AutoCAD 2027\AcBrandRes.dll (maxCount 1)
[09/03/26 13:03:57] info     Setting key RP/AppIconId, value 1 (maxCount 1)
[09/03/26 13:03:57] info     Setting key RP/CadSettingsRegPath, value Software\Autodesk\AutoCAD\R26.0\ACAD-A101:409\CadManagerControl\CustomerErrorReport (maxCount 1)
[09/03/26 13:03:57] info     Setting key RP/AppLocaleId, value 1033 (maxCount 1)
[09/03/26 13:03:57] info     Setting key RP/AppXML, value <ProductInformation name ="AutoCAD" build_version="X.118.0.0(x64)" registry_version="26.0" install_id_string="ACAD-A101:409" registry_localeID="1033" git_commit_id="2c19eb970fc25f5e380f0bd3736f8ba9103aade4" /> (maxCount 100)
[09/03/26 13:03:57] info     Setting key SP/THEME_TYPE, value Blue (maxCount 1)
[09/03/26 13:03:57] info     Setting key SP/EXCEPTION_INFO_POINTER, value 140725452047640 (maxCount 1)
[09/03/26 13:03:57] info     Setting key SP/THREAD_ID, value 4294967295 (maxCount 1)
[09/03/26 13:03:57] info     Get key SP/THREAD_ID, index 0: "4294967295"
[09/03/26 13:03:57] info     Setting key SP/WER, value 0 (maxCount 1)
[09/03/26 13:03:57] info     Get key SP/WER, index 0: "0"
[09/03/26 13:03:57] info     Registered C:\Program Files\Autodesk\AutoCAD 2027\cer.dll as WER runtime exception module
[09/03/26 13:03:57] info     Current ErrorMode is 32769
[09/03/26 13:03:57] debug    Receiver ping: pong
[09/03/26 13:03:58] info     Setting key RP/Headless, value 1 (maxCount 1)
[09/03/26 13:03:59] info     ================= cer stopped =================
[09/03/26 13:04:28] info     ================= cer started =================
[09/03/26 13:04:28] info     C:\Program Files\Autodesk\AutoCAD 2027\cer.dll, 7.2.4+20251128.8f05bb68.927
[09/03/26 13:04:28] info     Setting key SP/SDK_VERSION, value 7.2.4+20251128.8f05bb68.927 (maxCount 1)
[09/03/26 13:04:28] info     Setting key SP/PRODUCT_NAME_HASH, value 9d6767a77b9d2cce90e03082e1302957689eeac5 (maxCount 1)
[09/03/26 13:04:28] info     Setting key SP/RUNTIME_ARCH, value 1 (maxCount 1)
[09/03/26 13:04:28] info     Set senddmp exe path to C:\Program Files\Autodesk\AutoCAD 2027\CER\senddmp.exe
[09/03/26 13:04:28] info     The cer_service exe C:\Program Files\Autodesk\AutoCAD 2027\CER\service\cer_service.exe is not in folder C:\Program Files\Autodesk\AutoCAD 2027\CER\, it's not a sandbox
[09/03/26 13:04:28] info     Set upi exe path to C:\Program Files\Autodesk\AutoCAD 2027\CER\upi.exe
[09/03/26 13:04:28] info     launching C:\Program Files\Autodesk\AutoCAD 2027\CER\upi.exe --cmd=get-device-id C:\Users\PadXAutoman\AppData\Local\Temp\3\upi_deviceid2
[09/03/26 13:04:28] info     Set deviceID2 to E0980AAE6AED663DCD5E319A495325326BBB7E230497E3E7A688257D5161810C&E78156892A1577BCC8ECA22DE8BDD2ACC3DBA494148FF651DD4CD9294238EEC2&EF8EC29B7F9BDFCB7E48CD68912908B19E16A31DC4691909E40C1617F97C9B38
[09/03/26 13:04:28] info     Setting key SP/DEVICEID2, value E0980AAE6AED663DCD5E319A495325326BBB7E230497E3E7A688257D5161810C&E78156892A1577BCC8ECA22DE8BDD2ACC3DBA494148FF651DD4CD9294238EEC2&EF8EC29B7F9BDFCB7E48CD68912908B19E16A31DC4691909E40C1617F97C9B38 (maxCount 1)
[09/03/26 13:04:28] info     Setting key SP/UUID, value 9d6767a77b9d2cce90e03082e1302957689eeac5E0980AAE6AED663DCD5E319A495325326BBB7E230497E3E7A688257D5161810C&E78156892A1577BCC8ECA22DE8BDD2ACC3DBA494148FF651DD4CD9294238EEC2&EF8EC29B7F9BDFCB7E48CD68912908B19E16A31DC4691909E40C1617F97C9B38 (maxCount 1)
[09/03/26 13:04:28] info     Set senddmp exe path to C:\Program Files\Autodesk\AutoCAD 2027\CER\senddmp.exe
[09/03/26 13:04:28] info     The cer_service exe C:\Program Files\Autodesk\AutoCAD 2027\CER\service\cer_service.exe is not in folder C:\Program Files\Autodesk\AutoCAD 2027\CER\, it's not a sandbox
[09/03/26 13:04:28] info     launching C:\Program Files\Autodesk\AutoCAD 2027\CER\upi.exe "C:\Program Files\Autodesk\AutoCAD 2027\en-US\UPI\upiconfig.xml" C:\Users\PadXAutoman\AppData\Local\Temp\3\upi_info.xml
[09/03/26 13:04:28] info     Setting key SP/UPI_PRODUCT, value ACD (maxCount 1)
[09/03/26 13:04:28] info     Setting key SP/UPI_RELEASE, value 2027 (maxCount 1)
[09/03/26 13:04:28] info     Setting key SP/UPI_MASTER, value {28B89EEF-A101-0409-2102-CF3F3A09B77D} (maxCount 1)
[09/03/26 13:04:28] info     Setting key SP/UPI_BUILD, value 26.0.118.0.0 (maxCount 1)
[09/03/26 13:04:28] info     Setting key SP/UPI_FULL_XML, value <?xml version="1.0"?><upipackage><upivalue version="1.0" type="product" requestingapp="true"><level name="productline" id="ACD"><level name="release" id="2027"><level name="master" id="{28B89EEF-A101-0409-2102-CF3F3A09B77D}"><level name="build" id="26.0.118.0.0"/></level></level></level></upivalue>
<upivalue version="1.0" type="product"><level name="productline" id="ACD"><level name="release" id="2027"><level name="master" id="{28B89EEF-A101-0409-1102-CF3F3A09B77D}"><level name="build" id="26.0.118.0.0"/></level></level></level></upivalue>
<upivalue version="1.0" type="product"><level name="productline" id="ARCHDESK"><level name="release" id="2027"><level name="master" id="{28B89EEE-A104-0000-5102-CF3F3A09B77D}"><level name="build" id="8.9.46.0"/></level></level></level></upivalue>
<upivalue version="1.0" type="product"><level name="productline" id="ACD"><level name="release" id="2027"><level name="master" id="{28B89EEF-A101-0000-0102-CF3F3A09B77D}"><level name="build" id="26.0.118.0.0"/></level></level></level></upivalue>
</upipackage> (maxCount 1)
[09/03/26 13:04:28] info     set legacy options: /APPICON "C:\Program Files\Autodesk\AutoCAD 2027\AcBrandRes.dll" /APPICONID 1
[09/03/26 13:04:28] info     Setting key RP/AppIcon, value C:\Program Files\Autodesk\AutoCAD 2027\AcBrandRes.dll (maxCount 1)
[09/03/26 13:04:28] info     Setting key RP/AppIconId, value 1 (maxCount 1)
[09/03/26 13:04:28] info     Setting key RP/CadSettingsRegPath, value Software\Autodesk\AutoCAD\R26.0\ACAD-A101:409\CadManagerControl\CustomerErrorReport (maxCount 1)
[09/03/26 13:04:28] info     Setting key RP/AppLocaleId, value 1033 (maxCount 1)
[09/03/26 13:04:28] info     Setting key RP/AppXML, value <ProductInformation name ="AutoCAD" build_version="X.118.0.0(x64)" registry_version="26.0" install_id_string="ACAD-A101:409" registry_localeID="1033" git_commit_id="2c19eb970fc25f5e380f0bd3736f8ba9103aade4" /> (maxCount 100)
[09/03/26 13:04:28] info     Setting key SP/THEME_TYPE, value Blue (maxCount 1)
[09/03/26 13:04:28] info     Setting key SP/EXCEPTION_INFO_POINTER, value 140725452047640 (maxCount 1)
[09/03/26 13:04:28] info     Setting key SP/THREAD_ID, value 4294967295 (maxCount 1)
[09/03/26 13:04:28] info     Get key SP/THREAD_ID, index 0: "4294967295"
[09/03/26 13:04:28] info     Setting key SP/WER, value 0 (maxCount 1)
[09/03/26 13:04:28] info     Get key SP/WER, index 0: "0"
[09/03/26 13:04:28] info     Registered C:\Program Files\Autodesk\AutoCAD 2027\cer.dll as WER runtime exception module
[09/03/26 13:04:28] info     Current ErrorMode is 32769
[09/03/26 13:04:28] debug    Receiver ping: pong
[09/03/26 13:04:29] info     Setting key RP/Headless, value 1 (maxCount 1)
[09/03/26 13:04:29] info     ================= cer stopped =================
[09/03/26 13:05:01] info     ================= cer started =================
[09/03/26 13:05:01] info     C:\Program Files\Autodesk\AutoCAD 2027\cer.dll, 7.2.4+20251128.8f05bb68.927
[09/03/26 13:05:01] info     Setting key SP/SDK_VERSION, value 7.2.4+20251128.8f05bb68.927 (maxCount 1)
[09/03/26 13:05:01] info     Setting key SP/PRODUCT_NAME_HASH, value 9d6767a77b9d2cce90e03082e1302957689eeac5 (maxCount 1)
[09/03/26 13:05:01] info     Setting key SP/RUNTIME_ARCH, value 1 (maxCount 1)
[09/03/26 13:05:01] info     Set senddmp exe path to C:\Program Files\Autodesk\AutoCAD 2027\CER\senddmp.exe
[09/03/26 13:05:01] info     The cer_service exe C:\Program Files\Autodesk\AutoCAD 2027\CER\service\cer_service.exe is not in folder C:\Program Files\Autodesk\AutoCAD 2027\CER\, it's not a sandbox
[09/03/26 13:05:01] info     Set upi exe path to C:\Program Files\Autodesk\AutoCAD 2027\CER\upi.exe
[09/03/26 13:05:01] info     launching C:\Program Files\Autodesk\AutoCAD 2027\CER\upi.exe --cmd=get-device-id C:\Users\PadXAutoman\AppData\Local\Temp\3\upi_deviceid2
[09/03/26 13:05:01] info     Set deviceID2 to E0980AAE6AED663DCD5E319A495325326BBB7E230497E3E7A688257D5161810C&E78156892A1577BCC8ECA22DE8BDD2ACC3DBA494148FF651DD4CD9294238EEC2&EF8EC29B7F9BDFCB7E48CD68912908B19E16A31DC4691909E40C1617F97C9B38
[09/03/26 13:05:01] info     Setting key SP/DEVICEID2, value E0980AAE6AED663DCD5E319A495325326BBB7E230497E3E7A688257D5161810C&E78156892A1577BCC8ECA22DE8BDD2ACC3DBA494148FF651DD4CD9294238EEC2&EF8EC29B7F9BDFCB7E48CD68912908B19E16A31DC4691909E40C1617F97C9B38 (maxCount 1)
[09/03/26 13:05:01] info     Setting key SP/UUID, value 9d6767a77b9d2cce90e03082e1302957689eeac5E0980AAE6AED663DCD5E319A495325326BBB7E230497E3E7A688257D5161810C&E78156892A1577BCC8ECA22DE8BDD2ACC3DBA494148FF651DD4CD9294238EEC2&EF8EC29B7F9BDFCB7E48CD68912908B19E16A31DC4691909E40C1617F97C9B38 (maxCount 1)
[09/03/26 13:05:01] info     Set senddmp exe path to C:\Program Files\Autodesk\AutoCAD 2027\CER\senddmp.exe
[09/03/26 13:05:01] info     The cer_service exe C:\Program Files\Autodesk\AutoCAD 2027\CER\service\cer_service.exe is not in folder C:\Program Files\Autodesk\AutoCAD 2027\CER\, it's not a sandbox
[09/03/26 13:05:01] info     launching C:\Program Files\Autodesk\AutoCAD 2027\CER\upi.exe "C:\Program Files\Autodesk\AutoCAD 2027\en-US\UPI\upiconfig.xml" C:\Users\PadXAutoman\AppData\Local\Temp\3\upi_info.xml
[09/03/26 13:05:01] info     Setting key SP/UPI_PRODUCT, value ACD (maxCount 1)
[09/03/26 13:05:01] info     Setting key SP/UPI_RELEASE, value 2027 (maxCount 1)
[09/03/26 13:05:01] info     Setting key SP/UPI_MASTER, value {28B89EEF-A101-0409-2102-CF3F3A09B77D} (maxCount 1)
[09/03/26 13:05:01] info     Setting key SP/UPI_BUILD, value 26.0.118.0.0 (maxCount 1)
[09/03/26 13:05:01] info     Setting key SP/UPI_FULL_XML, value <?xml version="1.0"?><upipackage><upivalue version="1.0" type="product" requestingapp="true"><level name="productline" id="ACD"><level name="release" id="2027"><level name="master" id="{28B89EEF-A101-0409-2102-CF3F3A09B77D}"><level name="build" id="26.0.118.0.0"/></level></level></level></upivalue>
<upivalue version="1.0" type="product"><level name="productline" id="ACD"><level name="release" id="2027"><level name="master" id="{28B89EEF-A101-0409-1102-CF3F3A09B77D}"><level name="build" id="26.0.118.0.0"/></level></level></level></upivalue>
<upivalue version="1.0" type="product"><level name="productline" id="ARCHDESK"><level name="release" id="2027"><level name="master" id="{28B89EEE-A104-0000-5102-CF3F3A09B77D}"><level name="build" id="8.9.46.0"/></level></level></level></upivalue>
<upivalue version="1.0" type="product"><level name="productline" id="ACD"><level name="release" id="2027"><level name="master" id="{28B89EEF-A101-0000-0102-CF3F3A09B77D}"><level name="build" id="26.0.118.0.0"/></level></level></level></upivalue>
</upipackage> (maxCount 1)
[09/03/26 13:05:01] info     set legacy options: /APPICON "C:\Program Files\Autodesk\AutoCAD 2027\AcBrandRes.dll" /APPICONID 1
[09/03/26 13:05:01] info     Setting key RP/AppIcon, value C:\Program Files\Autodesk\AutoCAD 2027\AcBrandRes.dll (maxCount 1)
[09/03/26 13:05:01] info     Setting key RP/AppIconId, value 1 (maxCount 1)
[09/03/26 13:05:01] info     Setting key RP/CadSettingsRegPath, value Software\Autodesk\AutoCAD\R26.0\ACAD-A101:409\CadManagerControl\CustomerErrorReport (maxCount 1)
[09/03/26 13:05:01] info     Setting key RP/AppLocaleId, value 1033 (maxCount 1)
[09/03/26 13:05:01] info     Setting key RP/AppXML, value <ProductInformation name ="AutoCAD" build_version="X.118.0.0(x64)" registry_version="26.0" install_id_string="ACAD-A101:409" registry_localeID="1033" git_commit_id="2c19eb970fc25f5e380f0bd3736f8ba9103aade4" /> (maxCount 100)
[09/03/26 13:05:01] info     Setting key SP/THEME_TYPE, value Blue (maxCount 1)
[09/03/26 13:05:01] info     Setting key SP/EXCEPTION_INFO_POINTER, value 140725452047640 (maxCount 1)
[09/03/26 13:05:01] info     Setting key SP/THREAD_ID, value 4294967295 (maxCount 1)
[09/03/26 13:05:01] info     Get key SP/THREAD_ID, index 0: "4294967295"
[09/03/26 13:05:01] info     Setting key SP/WER, value 0 (maxCount 1)
[09/03/26 13:05:01] info     Get key SP/WER, index 0: "0"
[09/03/26 13:05:01] info     Registered C:\Program Files\Autodesk\AutoCAD 2027\cer.dll as WER runtime exception module
[09/03/26 13:05:01] info     Current ErrorMode is 32769
[09/03/26 13:05:01] debug    Receiver ping: pong
[09/03/26 13:05:03] info     Setting key RP/Headless, value 1 (maxCount 1)
[09/03/26 13:05:04] info     ================= cer stopped =================
[09/03/26 13:06:25] info     ================= cer started =================
[09/03/26 13:06:25] info     C:\Program Files\Autodesk\AutoCAD 2027\cer.dll, 7.2.4+20251128.8f05bb68.927
[09/03/26 13:06:25] info     Setting key SP/SDK_VERSION, value 7.2.4+20251128.8f05bb68.927 (maxCount 1)
[09/03/26 13:06:25] info     Setting key SP/PRODUCT_NAME_HASH, value 9d6767a77b9d2cce90e03082e1302957689eeac5 (maxCount 1)
[09/03/26 13:06:25] info     Setting key SP/RUNTIME_ARCH, value 1 (maxCount 1)
[09/03/26 13:06:25] info     Set senddmp exe path to C:\Program Files\Autodesk\AutoCAD 2027\CER\senddmp.exe
[09/03/26 13:06:25] info     The cer_service exe C:\Program Files\Autodesk\AutoCAD 2027\CER\service\cer_service.exe is not in folder C:\Program Files\Autodesk\AutoCAD 2027\CER\, it's not a sandbox
[09/03/26 13:06:25] info     Set upi exe path to C:\Program Files\Autodesk\AutoCAD 2027\CER\upi.exe
[09/03/26 13:06:25] info     launching C:\Program Files\Autodesk\AutoCAD 2027\CER\upi.exe --cmd=get-device-id C:\Users\PadXAutoman\AppData\Local\Temp\3\upi_deviceid2
[09/03/26 13:06:25] info     Set deviceID2 to E0980AAE6AED663DCD5E319A495325326BBB7E230497E3E7A688257D5161810C&E78156892A1577BCC8ECA22DE8BDD2ACC3DBA494148FF651DD4CD9294238EEC2&EF8EC29B7F9BDFCB7E48CD68912908B19E16A31DC4691909E40C1617F97C9B38
[09/03/26 13:06:25] info     Setting key SP/DEVICEID2, value E0980AAE6AED663DCD5E319A495325326BBB7E230497E3E7A688257D5161810C&E78156892A1577BCC8ECA22DE8BDD2ACC3DBA494148FF651DD4CD9294238EEC2&EF8EC29B7F9BDFCB7E48CD68912908B19E16A31DC4691909E40C1617F97C9B38 (maxCount 1)
[09/03/26 13:06:25] info     Setting key SP/UUID, value 9d6767a77b9d2cce90e03082e1302957689eeac5E0980AAE6AED663DCD5E319A495325326BBB7E230497E3E7A688257D5161810C&E78156892A1577BCC8ECA22DE8BDD2ACC3DBA494148FF651DD4CD9294238EEC2&EF8EC29B7F9BDFCB7E48CD68912908B19E16A31DC4691909E40C1617F97C9B38 (maxCount 1)
[09/03/26 13:06:25] info     Set senddmp exe path to C:\Program Files\Autodesk\AutoCAD 2027\CER\senddmp.exe
[09/03/26 13:06:25] info     The cer_service exe C:\Program Files\Autodesk\AutoCAD 2027\CER\service\cer_service.exe is not in folder C:\Program Files\Autodesk\AutoCAD 2027\CER\, it's not a sandbox
[09/03/26 13:06:25] info     launching C:\Program Files\Autodesk\AutoCAD 2027\CER\upi.exe "C:\Program Files\Autodesk\AutoCAD 2027\en-US\UPI\upiconfig.xml" C:\Users\PadXAutoman\AppData\Local\Temp\3\upi_info.xml
[09/03/26 13:06:25] info     Setting key SP/UPI_PRODUCT, value ACD (maxCount 1)
[09/03/26 13:06:25] info     Setting key SP/UPI_RELEASE, value 2027 (maxCount 1)
[09/03/26 13:06:25] info     Setting key SP/UPI_MASTER, value {28B89EEF-A101-0409-2102-CF3F3A09B77D} (maxCount 1)
[09/03/26 13:06:25] info     Setting key SP/UPI_BUILD, value 26.0.118.0.0 (maxCount 1)
[09/03/26 13:06:25] info     Setting key SP/UPI_FULL_XML, value <?xml version="1.0"?><upipackage><upivalue version="1.0" type="product" requestingapp="true"><level name="productline" id="ACD"><level name="release" id="2027"><level name="master" id="{28B89EEF-A101-0409-2102-CF3F3A09B77D}"><level name="build" id="26.0.118.0.0"/></level></level></level></upivalue>
<upivalue version="1.0" type="product"><level name="productline" id="ACD"><level name="release" id="2027"><level name="master" id="{28B89EEF-A101-0409-1102-CF3F3A09B77D}"><level name="build" id="26.0.118.0.0"/></level></level></level></upivalue>
<upivalue version="1.0" type="product"><level name="productline" id="ARCHDESK"><level name="release" id="2027"><level name="master" id="{28B89EEE-A104-0000-5102-CF3F3A09B77D}"><level name="build" id="8.9.46.0"/></level></level></level></upivalue>
<upivalue version="1.0" type="product"><level name="productline" id="ACD"><level name="release" id="2027"><level name="master" id="{28B89EEF-A101-0000-0102-CF3F3A09B77D}"><level name="build" id="26.0.118.0.0"/></level></level></level></upivalue>
</upipackage> (maxCount 1)
[09/03/26 13:06:25] info     set legacy options: /APPICON "C:\Program Files\Autodesk\AutoCAD 2027\AcBrandRes.dll" /APPICONID 1
[09/03/26 13:06:25] info     Setting key RP/AppIcon, value C:\Program Files\Autodesk\AutoCAD 2027\AcBrandRes.dll (maxCount 1)
[09/03/26 13:06:25] info     Setting key RP/AppIconId, value 1 (maxCount 1)
[09/03/26 13:06:25] info     Setting key RP/CadSettingsRegPath, value Software\Autodesk\AutoCAD\R26.0\ACAD-A101:409\CadManagerControl\CustomerErrorReport (maxCount 1)
[09/03/26 13:06:25] info     Setting key RP/AppLocaleId, value 1033 (maxCount 1)
[09/03/26 13:06:25] info     Setting key RP/AppXML, value <ProductInformation name ="AutoCAD" build_version="X.118.0.0(x64)" registry_version="26.0" install_id_string="ACAD-A101:409" registry_localeID="1033" git_commit_id="2c19eb970fc25f5e380f0bd3736f8ba9103aade4" /> (maxCount 100)
[09/03/26 13:06:25] info     Setting key SP/THEME_TYPE, value Blue (maxCount 1)
[09/03/26 13:06:25] info     Setting key SP/EXCEPTION_INFO_POINTER, value 140725452047640 (maxCount 1)
[09/03/26 13:06:25] info     Setting key SP/THREAD_ID, value 4294967295 (maxCount 1)
[09/03/26 13:06:25] info     Get key SP/THREAD_ID, index 0: "4294967295"
[09/03/26 13:06:25] info     Setting key SP/WER, value 0 (maxCount 1)
[09/03/26 13:06:25] info     Get key SP/WER, index 0: "0"
[09/03/26 13:06:25] info     Registered C:\Program Files\Autodesk\AutoCAD 2027\cer.dll as WER runtime exception module
[09/03/26 13:06:25] info     Current ErrorMode is 32769
[09/03/26 13:06:25] debug    Receiver ping: pong
[09/03/26 13:06:26] info     Setting key RP/Headless, value 1 (maxCount 1)
[09/03/26 13:06:27] info     ================= cer stopped =================
[09/03/26 13:06:56] info     ================= cer started =================
[09/03/26 13:06:56] info     C:\Program Files\Autodesk\AutoCAD 2027\cer.dll, 7.2.4+20251128.8f05bb68.927
[09/03/26 13:06:56] info     Setting key SP/SDK_VERSION, value 7.2.4+20251128.8f05bb68.927 (maxCount 1)
[09/03/26 13:06:56] info     Setting key SP/PRODUCT_NAME_HASH, value 9d6767a77b9d2cce90e03082e1302957689eeac5 (maxCount 1)
[09/03/26 13:06:56] info     Setting key SP/RUNTIME_ARCH, value 1 (maxCount 1)
[09/03/26 13:06:56] info     Set senddmp exe path to C:\Program Files\Autodesk\AutoCAD 2027\CER\senddmp.exe
[09/03/26 13:06:56] info     The cer_service exe C:\Program Files\Autodesk\AutoCAD 2027\CER\service\cer_service.exe is not in folder C:\Program Files\Autodesk\AutoCAD 2027\CER\, it's not a sandbox
[09/03/26 13:06:56] info     Set upi exe path to C:\Program Files\Autodesk\AutoCAD 2027\CER\upi.exe
[09/03/26 13:06:56] info     launching C:\Program Files\Autodesk\AutoCAD 2027\CER\upi.exe --cmd=get-device-id C:\Users\PadXAutoman\AppData\Local\Temp\3\upi_deviceid2
[09/03/26 13:06:56] info     Set deviceID2 to E0980AAE6AED663DCD5E319A495325326BBB7E230497E3E7A688257D5161810C&E78156892A1577BCC8ECA22DE8BDD2ACC3DBA494148FF651DD4CD9294238EEC2&EF8EC29B7F9BDFCB7E48CD68912908B19E16A31DC4691909E40C1617F97C9B38
[09/03/26 13:06:56] info     Setting key SP/DEVICEID2, value E0980AAE6AED663DCD5E319A495325326BBB7E230497E3E7A688257D5161810C&E78156892A1577BCC8ECA22DE8BDD2ACC3DBA494148FF651DD4CD9294238EEC2&EF8EC29B7F9BDFCB7E48CD68912908B19E16A31DC4691909E40C1617F97C9B38 (maxCount 1)
[09/03/26 13:06:56] info     Setting key SP/UUID, value 9d6767a77b9d2cce90e03082e1302957689eeac5E0980AAE6AED663DCD5E319A495325326BBB7E230497E3E7A688257D5161810C&E78156892A1577BCC8ECA22DE8BDD2ACC3DBA494148FF651DD4CD9294238EEC2&EF8EC29B7F9BDFCB7E48CD68912908B19E16A31DC4691909E40C1617F97C9B38 (maxCount 1)
[09/03/26 13:06:56] info     Set senddmp exe path to C:\Program Files\Autodesk\AutoCAD 2027\CER\senddmp.exe
[09/03/26 13:06:56] info     The cer_service exe C:\Program Files\Autodesk\AutoCAD 2027\CER\service\cer_service.exe is not in folder C:\Program Files\Autodesk\AutoCAD 2027\CER\, it's not a sandbox
[09/03/26 13:06:56] info     launching C:\Program Files\Autodesk\AutoCAD 2027\CER\upi.exe "C:\Program Files\Autodesk\AutoCAD 2027\en-US\UPI\upiconfig.xml" C:\Users\PadXAutoman\AppData\Local\Temp\3\upi_info.xml
[09/03/26 13:06:56] info     Setting key SP/UPI_PRODUCT, value ACD (maxCount 1)
[09/03/26 13:06:56] info     Setting key SP/UPI_RELEASE, value 2027 (maxCount 1)
[09/03/26 13:06:56] info     Setting key SP/UPI_MASTER, value {28B89EEF-A101-0409-2102-CF3F3A09B77D} (maxCount 1)
[09/03/26 13:06:56] info     Setting key SP/UPI_BUILD, value 26.0.118.0.0 (maxCount 1)
[09/03/26 13:06:56] info     Setting key SP/UPI_FULL_XML, value <?xml version="1.0"?><upipackage><upivalue version="1.0" type="product" requestingapp="true"><level name="productline" id="ACD"><level name="release" id="2027"><level name="master" id="{28B89EEF-A101-0409-2102-CF3F3A09B77D}"><level name="build" id="26.0.118.0.0"/></level></level></level></upivalue>
<upivalue version="1.0" type="product"><level name="productline" id="ACD"><level name="release" id="2027"><level name="master" id="{28B89EEF-A101-0409-1102-CF3F3A09B77D}"><level name="build" id="26.0.118.0.0"/></level></level></level></upivalue>
<upivalue version="1.0" type="product"><level name="productline" id="ARCHDESK"><level name="release" id="2027"><level name="master" id="{28B89EEE-A104-0000-5102-CF3F3A09B77D}"><level name="build" id="8.9.46.0"/></level></level></level></upivalue>
<upivalue version="1.0" type="product"><level name="productline" id="ACD"><level name="release" id="2027"><level name="master" id="{28B89EEF-A101-0000-0102-CF3F3A09B77D}"><level name="build" id="26.0.118.0.0"/></level></level></level></upivalue>
</upipackage> (maxCount 1)
[09/03/26 13:06:56] info     set legacy options: /APPICON "C:\Program Files\Autodesk\AutoCAD 2027\AcBrandRes.dll" /APPICONID 1
[09/03/26 13:06:56] info     Setting key RP/AppIcon, value C:\Program Files\Autodesk\AutoCAD 2027\AcBrandRes.dll (maxCount 1)
[09/03/26 13:06:56] info     Setting key RP/AppIconId, value 1 (maxCount 1)
[09/03/26 13:06:56] info     Setting key RP/CadSettingsRegPath, value Software\Autodesk\AutoCAD\R26.0\ACAD-A101:409\CadManagerControl\CustomerErrorReport (maxCount 1)
[09/03/26 13:06:56] info     Setting key RP/AppLocaleId, value 1033 (maxCount 1)
[09/03/26 13:06:56] info     Setting key RP/AppXML, value <ProductInformation name ="AutoCAD" build_version="X.118.0.0(x64)" registry_version="26.0" install_id_string="ACAD-A101:409" registry_localeID="1033" git_commit_id="2c19eb970fc25f5e380f0bd3736f8ba9103aade4" /> (maxCount 100)
[09/03/26 13:06:56] info     Setting key SP/THEME_TYPE, value Blue (maxCount 1)
[09/03/26 13:06:56] info     Setting key SP/EXCEPTION_INFO_POINTER, value 140725452047640 (maxCount 1)
[09/03/26 13:06:56] info     Setting key SP/THREAD_ID, value 4294967295 (maxCount 1)
[09/03/26 13:06:56] info     Get key SP/THREAD_ID, index 0: "4294967295"
[09/03/26 13:06:56] info     Setting key SP/WER, value 0 (maxCount 1)
[09/03/26 13:06:56] info     Get key SP/WER, index 0: "0"
[09/03/26 13:06:56] info     Registered C:\Program Files\Autodesk\AutoCAD 2027\cer.dll as WER runtime exception module
[09/03/26 13:06:56] info     Current ErrorMode is 32769
[09/03/26 13:06:56] debug    Receiver ping: pong
[09/03/26 13:06:58] info     Setting key RP/Headless, value 1 (maxCount 1)
[09/03/26 13:06:59] info     ================= cer stopped =================
[09/03/26 13:08:22] info     ================= cer started =================
[09/03/26 13:08:22] info     C:\Program Files\Autodesk\AutoCAD 2027\cer.dll, 7.2.4+20251128.8f05bb68.927
[09/03/26 13:08:22] info     Setting key SP/SDK_VERSION, value 7.2.4+20251128.8f05bb68.927 (maxCount 1)
[09/03/26 13:08:22] info     Setting key SP/PRODUCT_NAME_HASH, value 9d6767a77b9d2cce90e03082e1302957689eeac5 (maxCount 1)
[09/03/26 13:08:22] info     Setting key SP/RUNTIME_ARCH, value 1 (maxCount 1)
[09/03/26 13:08:22] info     Set senddmp exe path to C:\Program Files\Autodesk\AutoCAD 2027\CER\senddmp.exe
[09/03/26 13:08:22] info     The cer_service exe C:\Program Files\Autodesk\AutoCAD 2027\CER\service\cer_service.exe is not in folder C:\Program Files\Autodesk\AutoCAD 2027\CER\, it's not a sandbox
[09/03/26 13:08:22] info     Set upi exe path to C:\Program Files\Autodesk\AutoCAD 2027\CER\upi.exe
[09/03/26 13:08:22] info     launching C:\Program Files\Autodesk\AutoCAD 2027\CER\upi.exe --cmd=get-device-id C:\Users\PadXAutoman\AppData\Local\Temp\3\upi_deviceid2
[09/03/26 13:08:22] info     Set deviceID2 to E0980AAE6AED663DCD5E319A495325326BBB7E230497E3E7A688257D5161810C&E78156892A1577BCC8ECA22DE8BDD2ACC3DBA494148FF651DD4CD9294238EEC2&EF8EC29B7F9BDFCB7E48CD68912908B19E16A31DC4691909E40C1617F97C9B38
[09/03/26 13:08:22] info     Setting key SP/DEVICEID2, value E0980AAE6AED663DCD5E319A495325326BBB7E230497E3E7A688257D5161810C&E78156892A1577BCC8ECA22DE8BDD2ACC3DBA494148FF651DD4CD9294238EEC2&EF8EC29B7F9BDFCB7E48CD68912908B19E16A31DC4691909E40C1617F97C9B38 (maxCount 1)
[09/03/26 13:08:22] info     Setting key SP/UUID, value 9d6767a77b9d2cce90e03082e1302957689eeac5E0980AAE6AED663DCD5E319A495325326BBB7E230497E3E7A688257D5161810C&E78156892A1577BCC8ECA22DE8BDD2ACC3DBA494148FF651DD4CD9294238EEC2&EF8EC29B7F9BDFCB7E48CD68912908B19E16A31DC4691909E40C1617F97C9B38 (maxCount 1)
[09/03/26 13:08:22] info     Set senddmp exe path to C:\Program Files\Autodesk\AutoCAD 2027\CER\senddmp.exe
[09/03/26 13:08:22] info     The cer_service exe C:\Program Files\Autodesk\AutoCAD 2027\CER\service\cer_service.exe is not in folder C:\Program Files\Autodesk\AutoCAD 2027\CER\, it's not a sandbox
[09/03/26 13:08:22] info     launching C:\Program Files\Autodesk\AutoCAD 2027\CER\upi.exe "C:\Program Files\Autodesk\AutoCAD 2027\en-US\UPI\upiconfig.xml" C:\Users\PadXAutoman\AppData\Local\Temp\3\upi_info.xml
[09/03/26 13:08:23] info     Setting key SP/UPI_PRODUCT, value ACD (maxCount 1)
[09/03/26 13:08:23] info     Setting key SP/UPI_RELEASE, value 2027 (maxCount 1)
[09/03/26 13:08:23] info     Setting key SP/UPI_MASTER, value {28B89EEF-A101-0409-2102-CF3F3A09B77D} (maxCount 1)
[09/03/26 13:08:23] info     Setting key SP/UPI_BUILD, value 26.0.118.0.0 (maxCount 1)
[09/03/26 13:08:23] info     Setting key SP/UPI_FULL_XML, value <?xml version="1.0"?><upipackage><upivalue version="1.0" type="product" requestingapp="true"><level name="productline" id="ACD"><level name="release" id="2027"><level name="master" id="{28B89EEF-A101-0409-2102-CF3F3A09B77D}"><level name="build" id="26.0.118.0.0"/></level></level></level></upivalue>
<upivalue version="1.0" type="product"><level name="productline" id="ACD"><level name="release" id="2027"><level name="master" id="{28B89EEF-A101-0409-1102-CF3F3A09B77D}"><level name="build" id="26.0.118.0.0"/></level></level></level></upivalue>
<upivalue version="1.0" type="product"><level name="productline" id="ARCHDESK"><level name="release" id="2027"><level name="master" id="{28B89EEE-A104-0000-5102-CF3F3A09B77D}"><level name="build" id="8.9.46.0"/></level></level></level></upivalue>
<upivalue version="1.0" type="product"><level name="productline" id="ACD"><level name="release" id="2027"><level name="master" id="{28B89EEF-A101-0000-0102-CF3F3A09B77D}"><level name="build" id="26.0.118.0.0"/></level></level></level></upivalue>
</upipackage> (maxCount 1)
[09/03/26 13:08:23] info     set legacy options: /APPICON "C:\Program Files\Autodesk\AutoCAD 2027\AcBrandRes.dll" /APPICONID 1
[09/03/26 13:08:23] info     Setting key RP/AppIcon, value C:\Program Files\Autodesk\AutoCAD 2027\AcBrandRes.dll (maxCount 1)
[09/03/26 13:08:23] info     Setting key RP/AppIconId, value 1 (maxCount 1)
[09/03/26 13:08:23] info     Setting key RP/CadSettingsRegPath, value Software\Autodesk\AutoCAD\R26.0\ACAD-A101:409\CadManagerControl\CustomerErrorReport (maxCount 1)
[09/03/26 13:08:23] info     Setting key RP/AppLocaleId, value 1033 (maxCount 1)
[09/03/26 13:08:23] info     Setting key RP/AppXML, value <ProductInformation name ="AutoCAD" build_version="X.118.0.0(x64)" registry_version="26.0" install_id_string="ACAD-A101:409" registry_localeID="1033" git_commit_id="2c19eb970fc25f5e380f0bd3736f8ba9103aade4" /> (maxCount 100)
[09/03/26 13:08:23] info     Setting key SP/THEME_TYPE, value Blue (maxCount 1)
[09/03/26 13:08:23] info     Setting key SP/EXCEPTION_INFO_POINTER, value 140725452047640 (maxCount 1)
[09/03/26 13:08:23] info     Setting key SP/THREAD_ID, value 4294967295 (maxCount 1)
[09/03/26 13:08:23] info     Get key SP/THREAD_ID, index 0: "4294967295"
[09/03/26 13:08:23] info     Setting key SP/WER, value 0 (maxCount 1)
[09/03/26 13:08:23] info     Get key SP/WER, index 0: "0"
[09/03/26 13:08:23] info     Registered C:\Program Files\Autodesk\AutoCAD 2027\cer.dll as WER runtime exception module
[09/03/26 13:08:23] info     Current ErrorMode is 32769
[09/03/26 13:08:23] debug    Receiver ping: pong
[09/03/26 13:08:24] info     Setting key RP/Headless, value 1 (maxCount 1)
[09/03/26 13:08:24] info     ================= cer stopped =================
[09/03/26 13:09:01] info     ================= cer started =================
[09/03/26 13:09:01] info     C:\Program Files\Autodesk\AutoCAD 2027\cer.dll, 7.2.4+20251128.8f05bb68.927
[09/03/26 13:09:01] info     Setting key SP/SDK_VERSION, value 7.2.4+20251128.8f05bb68.927 (maxCount 1)
[09/03/26 13:09:01] info     Setting key SP/PRODUCT_NAME_HASH, value 9d6767a77b9d2cce90e03082e1302957689eeac5 (maxCount 1)
[09/03/26 13:09:01] info     Setting key SP/RUNTIME_ARCH, value 1 (maxCount 1)
[09/03/26 13:09:01] info     Set senddmp exe path to C:\Program Files\Autodesk\AutoCAD 2027\CER\senddmp.exe
[09/03/26 13:09:01] info     The cer_service exe C:\Program Files\Autodesk\AutoCAD 2027\CER\service\cer_service.exe is not in folder C:\Program Files\Autodesk\AutoCAD 2027\CER\, it's not a sandbox
[09/03/26 13:09:01] info     Set upi exe path to C:\Program Files\Autodesk\AutoCAD 2027\CER\upi.exe
[09/03/26 13:09:01] info     launching C:\Program Files\Autodesk\AutoCAD 2027\CER\upi.exe --cmd=get-device-id C:\Users\PadXAutoman\AppData\Local\Temp\3\upi_deviceid2
[09/03/26 13:09:01] info     Set deviceID2 to E0980AAE6AED663DCD5E319A495325326BBB7E230497E3E7A688257D5161810C&E78156892A1577BCC8ECA22DE8BDD2ACC3DBA494148FF651DD4CD9294238EEC2&EF8EC29B7F9BDFCB7E48CD68912908B19E16A31DC4691909E40C1617F97C9B38
[09/03/26 13:09:01] info     Setting key SP/DEVICEID2, value E0980AAE6AED663DCD5E319A495325326BBB7E230497E3E7A688257D5161810C&E78156892A1577BCC8ECA22DE8BDD2ACC3DBA494148FF651DD4CD9294238EEC2&EF8EC29B7F9BDFCB7E48CD68912908B19E16A31DC4691909E40C1617F97C9B38 (maxCount 1)
[09/03/26 13:09:01] info     Setting key SP/UUID, value 9d6767a77b9d2cce90e03082e1302957689eeac5E0980AAE6AED663DCD5E319A495325326BBB7E230497E3E7A688257D5161810C&E78156892A1577BCC8ECA22DE8BDD2ACC3DBA494148FF651DD4CD9294238EEC2&EF8EC29B7F9BDFCB7E48CD68912908B19E16A31DC4691909E40C1617F97C9B38 (maxCount 1)
[09/03/26 13:09:01] info     Set senddmp exe path to C:\Program Files\Autodesk\AutoCAD 2027\CER\senddmp.exe
[09/03/26 13:09:01] info     The cer_service exe C:\Program Files\Autodesk\AutoCAD 2027\CER\service\cer_service.exe is not in folder C:\Program Files\Autodesk\AutoCAD 2027\CER\, it's not a sandbox
[09/03/26 13:09:01] info     launching C:\Program Files\Autodesk\AutoCAD 2027\CER\upi.exe "C:\Program Files\Autodesk\AutoCAD 2027\en-US\UPI\upiconfig.xml" C:\Users\PadXAutoman\AppData\Local\Temp\3\upi_info.xml
[09/03/26 13:09:01] info     Setting key SP/UPI_PRODUCT, value ACD (maxCount 1)
[09/03/26 13:09:01] info     Setting key SP/UPI_RELEASE, value 2027 (maxCount 1)
[09/03/26 13:09:01] info     Setting key SP/UPI_MASTER, value {28B89EEF-A101-0409-2102-CF3F3A09B77D} (maxCount 1)
[09/03/26 13:09:01] info     Setting key SP/UPI_BUILD, value 26.0.118.0.0 (maxCount 1)
[09/03/26 13:09:01] info     Setting key SP/UPI_FULL_XML, value <?xml version="1.0"?><upipackage><upivalue version="1.0" type="product" requestingapp="true"><level name="productline" id="ACD"><level name="release" id="2027"><level name="master" id="{28B89EEF-A101-0409-2102-CF3F3A09B77D}"><level name="build" id="26.0.118.0.0"/></level></level></level></upivalue>
<upivalue version="1.0" type="product"><level name="productline" id="ACD"><level name="release" id="2027"><level name="master" id="{28B89EEF-A101-0409-1102-CF3F3A09B77D}"><level name="build" id="26.0.118.0.0"/></level></level></level></upivalue>
<upivalue version="1.0" type="product"><level name="productline" id="ARCHDESK"><level name="release" id="2027"><level name="master" id="{28B89EEE-A104-0000-5102-CF3F3A09B77D}"><level name="build" id="8.9.46.0"/></level></level></level></upivalue>
<upivalue version="1.0" type="product"><level name="productline" id="ACD"><level name="release" id="2027"><level name="master" id="{28B89EEF-A101-0000-0102-CF3F3A09B77D}"><level name="build" id="26.0.118.0.0"/></level></level></level></upivalue>
</upipackage> (maxCount 1)
[09/03/26 13:09:01] info     set legacy options: /APPICON "C:\Program Files\Autodesk\AutoCAD 2027\AcBrandRes.dll" /APPICONID 1
[09/03/26 13:09:01] info     Setting key RP/AppIcon, value C:\Program Files\Autodesk\AutoCAD 2027\AcBrandRes.dll (maxCount 1)
[09/03/26 13:09:01] info     Setting key RP/AppIconId, value 1 (maxCount 1)
[09/03/26 13:09:01] info     Setting key RP/CadSettingsRegPath, value Software\Autodesk\AutoCAD\R26.0\ACAD-A101:409\CadManagerControl\CustomerErrorReport (maxCount 1)
[09/03/26 13:09:01] info     Setting key RP/AppLocaleId, value 1033 (maxCount 1)
[09/03/26 13:09:01] info     Setting key RP/AppXML, value <ProductInformation name ="AutoCAD" build_version="X.118.0.0(x64)" registry_version="26.0" install_id_string="ACAD-A101:409" registry_localeID="1033" git_commit_id="2c19eb970fc25f5e380f0bd3736f8ba9103aade4" /> (maxCount 100)
[09/03/26 13:09:01] info     Setting key SP/THEME_TYPE, value Blue (maxCount 1)
[09/03/26 13:09:01] info     Setting key SP/EXCEPTION_INFO_POINTER, value 140725452047640 (maxCount 1)
[09/03/26 13:09:01] info     Setting key SP/THREAD_ID, value 4294967295 (maxCount 1)
[09/03/26 13:09:01] info     Get key SP/THREAD_ID, index 0: "4294967295"
[09/03/26 13:09:01] info     Setting key SP/WER, value 0 (maxCount 1)
[09/03/26 13:09:01] info     Get key SP/WER, index 0: "0"
[09/03/26 13:09:01] info     Registered C:\Program Files\Autodesk\AutoCAD 2027\cer.dll as WER runtime exception module
[09/03/26 13:09:01] info     Current ErrorMode is 32769
[09/03/26 13:09:01] debug    Receiver ping: pong
[09/03/26 13:09:04] info     Setting key RP/Headless, value 1 (maxCount 1)
[09/03/26 13:09:04] info     ================= cer stopped =================
